Name,player_id,year,Age,pa,k_percent,bb_percent,batting_avg,slg_percent,on_base_percent,on_base_plus_slg,babip,xba,xslg,woba,xwoba,xobp,xiso,xwobacon,xbacon,xslgdiff,wobadiff,avg_swing_speed,fast_swing_rate,exit_velocity_avg,sweet_spot_percent,barrel_batted_rate,solidcontact_percent,flareburner_percent,poorlyunder_percent,poorlytopped_percent,poorlyweak_percent,hard_hit_percent,avg_best_speed,avg_hyper_speed,whiff_percent,swing_percent,groundballs_percent,n_outs_above_average
"Hunter, Torii",116338,2015,39,567,18.5,6.2,0.240,0.409,0.293,0.702,0.258,0.229,0.370,0.304,0.290,0.285,0.142,0.325,0.286,0.039,0.014,,,88.5,28.5,5,5.2,21.6,24.5,39,2.9,34.9,98.563404126,93.39348,23.1,53.4,49.4,
"Ortiz, David",120074,2015,39,614,15.5,12.5,0.273,0.553,0.360,0.913,0.264,0.301,0.616,0.379,0.420,0.388,0.314,0.474,0.364,-0.063,-0.041,,,93,34.8,13.1,8.4,24.9,24,27.1,1.6,49.1,102.85113274,96.053057671,23.2,44.7,37.6,
"Rodriguez, Alex",121347,2015,39,620,23.4,13.5,0.250,0.486,0.356,0.842,0.278,0.247,0.494,0.361,0.368,0.355,0.247,0.436,0.338,-0.008,-0.007,,,91.3,31.4,10.9,8.1,20.3,23.9,35.1,1,43.9,101.381141361,95.014380393,32,43.9,43.6,
"Ramirez, Aramis",133380,2015,37,516,13.2,6,0.246,0.423,0.297,0.720,0.253,0.240,0.405,0.309,0.304,0.293,0.164,0.323,0.279,0.018,0.005,,,87.4,33.5,5.6,6.6,23.3,30.3,29.4,3.4,34.5,97.851255714,92.944762734,17.9,52.9,37.6,
"Beltré, Adrian",134181,2015,36,619,10.5,6.6,0.287,0.453,0.334,0.787,0.295,0.295,0.482,0.337,0.360,0.346,0.186,0.380,0.333,-0.029,-0.023,,,89.5,35.7,5.5,7.8,26.3,23.5,33.7,2.2,40.4,99.25269668,93.842412257,16.8,48.1,42.4,
"Beltrán, Carlos",136860,2015,38,531,16,8.5,0.276,0.471,0.337,0.808,0.297,0.274,0.448,0.346,0.346,0.340,0.174,0.381,0.334,0.023,0.000,,,90.6,34.1,5.8,7.5,27.3,27.8,27.8,1.8,41.9,100.406684388,94.465737033,18.1,45.4,36.8,
"Rollins, Jimmy",276519,2015,36,563,15.3,7.8,0.224,0.358,0.285,0.643,0.246,0.233,0.340,0.283,0.285,0.296,0.106,0.302,0.283,0.018,-0.002,,,85.7,32.1,2.5,4.2,23.8,30.9,30.3,3.7,23.1,94.846070976,91.436044694,18.2,45,41.3,
"Pujols, Albert",405395,2015,35,661,10.9,7.6,0.244,0.480,0.307,0.787,0.217,0.268,0.481,0.333,0.346,0.329,0.213,0.364,0.303,-0.001,-0.013,,,90.7,29.5,7.7,5.3,22.7,28.9,32.1,1.5,38.3,100.504659847,94.487584551,16.3,45.4,42.8,
"Byrd, Marlon",407781,2015,37,544,26.7,5.3,0.247,0.453,0.290,0.743,0.297,0.238,0.435,0.317,0.311,0.285,0.196,0.406,0.335,0.018,0.006,,,86.3,33.9,8.5,5.5,21.9,24.6,30.3,4.6,31.1,97.831679429,92.932033009,31.2,60.2,43.7,
"Mauer, Joe",408045,2015,32,666,16.8,10.1,0.265,0.380,0.338,0.718,0.309,0.275,0.426,0.311,0.338,0.351,0.151,0.376,0.341,-0.046,-0.027,,,89.5,33.3,3.7,8,28.6,11.9,43,3.7,39.9,99.035012259,93.792457552,16.9,40.7,57.6,
"Cabrera, Miguel",408234,2015,32,511,16,15.1,0.338,0.534,0.440,0.974,0.384,0.323,0.595,0.413,0.432,0.431,0.271,0.487,0.401,-0.061,-0.019,,,93.8,35.8,10.6,8.9,28.9,19.2,28.7,1.7,53.3,104.226000936,97.024709123,23.1,44.9,43.3,
"González, Adrián",408236,2015,33,642,16.7,9.7,0.275,0.480,0.350,0.830,0.294,0.281,0.500,0.354,0.368,0.358,0.219,0.414,0.346,-0.020,-0.014,,,88.8,40.7,8.4,9.4,27.8,20.8,29.3,1.9,36.8,98.744358772,93.442550154,21.6,49.7,39.4,
"Phillips, Brandon",408252,2015,34,623,10.9,4.3,0.294,0.395,0.328,0.723,0.315,0.290,0.390,0.315,0.316,0.325,0.101,0.336,0.327,0.005,-0.001,,,86.2,32.6,2.3,3.2,29.8,22.5,35.7,2.9,26,95.811326601,91.918819386,18.9,54.2,45.6,
"Reyes, José",408314,2015,32,519,11.9,5,0.274,0.378,0.310,0.688,0.301,0.240,0.296,0.300,0.260,0.280,0.057,0.272,0.277,0.082,0.040,,,84.6,28.1,0.2,2.3,22.5,29,36.2,3.2,18.6,93.914872935,91.119830448,16.4,50.3,46.2,
"Peralta, Jhonny",425509,2015,33,640,17.3,7.8,0.275,0.411,0.334,0.745,0.311,0.273,0.426,0.323,0.332,0.336,0.153,0.374,0.338,-0.015,-0.009,,,88.2,35.2,4.4,5.7,30.2,22.6,30.4,2.5,34,98.062979471,93.145918612,23.1,49.9,44.7,
"Choo, Shin-Soo",425783,2015,32,653,22.5,11.6,0.276,0.463,0.375,0.838,0.335,0.254,0.444,0.365,0.357,0.360,0.190,0.413,0.348,0.019,0.008,,,90.9,33.5,8.4,7.2,25.1,15.7,39.3,2.2,44.1,100.512095792,94.585823515,27,41.9,52,
"Molina, Yadier",425877,2015,32,530,11.1,6,0.270,0.350,0.310,0.660,0.295,0.238,0.329,0.287,0.270,0.283,0.090,0.279,0.268,0.021,0.017,,,86.4,32.6,2.3,2.5,24.6,26.9,38,3.4,25.3,95.490076558,91.769427529,16.9,54.1,49,
"Fielder, Prince",425902,2015,31,693,12.7,9.2,0.305,0.463,0.378,0.841,0.323,0.277,0.455,0.360,0.350,0.356,0.178,0.369,0.323,0.008,0.010,,,90.9,29.4,6.4,5.3,25.3,23,36.6,2.3,44.5,101.496553053,95.058382691,20.7,47.9,47,
"Canó, Robinson",429664,2015,32,674,15.9,6.4,0.287,0.446,0.334,0.780,0.316,0.295,0.476,0.335,0.356,0.344,0.181,0.404,0.357,-0.030,-0.021,,,91,32.4,7.3,5.6,28.4,14.4,38.8,3.5,45.7,102.302889373,95.449848118,19.1,49.8,52.2,
"Encarnación, Edwin",429665,2015,32,624,15.7,12.3,0.277,0.557,0.372,0.929,0.267,0.264,0.517,0.392,0.379,0.365,0.253,0.407,0.322,0.040,0.013,,,90,31.1,10,7.3,20,29.5,28.9,3.2,43.9,101.759241789,95.067321839,23.1,43.1,37.5,
"Howard, Ryan",429667,2015,35,502,27.5,5.4,0.229,0.443,0.277,0.720,0.272,0.268,0.520,0.308,0.359,0.315,0.251,0.480,0.382,-0.077,-0.051,,,91.3,42.5,11.7,8.7,26.5,23.2,26.2,1.5,45.2,101.021573988,94.888513877,31.9,54.6,38,
"Bautista, José",430832,2015,34,666,15.9,16.5,0.250,0.536,0.377,0.913,0.237,0.260,0.514,0.389,0.390,0.388,0.254,0.408,0.321,0.022,-0.001,,,92,29.9,12.6,5.2,19.1,31.7,28.5,1.6,45.6,102.503981,95.539945444,20.4,39.3,37.5,
"Jones, Adam",430945,2015,29,581,17.6,4.1,0.269,0.474,0.308,0.782,0.286,0.265,0.478,0.334,0.338,0.305,0.213,0.393,0.325,-0.004,-0.004,,,88.2,27.5,8.9,5.4,23.3,21.7,36.5,2.7,34.5,98.745910091,93.398517016,24.1,60.4,46.8,
"Aybar, Erick",430947,2015,31,638,11.4,3.9,0.270,0.338,0.301,0.639,0.300,0.275,0.352,0.280,0.294,0.309,0.077,0.315,0.314,-0.014,-0.014,,,85.7,31.3,0.9,3.2,27.1,17.9,41.4,3.5,19.4,94.647213387,91.323779254,13.3,52.6,55.4,
"Martin, Russell",431145,2015,32,507,20.9,10.5,0.240,0.458,0.329,0.787,0.262,0.235,0.414,0.340,0.333,0.330,0.180,0.374,0.312,0.044,0.007,,,89.2,26.8,8.2,5.3,20.9,21.5,39.1,2.6,40,100.091759217,94.124560242,23.5,41,51.8,
"Granderson, Curtis",434158,2015,34,682,22.1,13.3,0.259,0.457,0.364,0.821,0.305,0.258,0.461,0.357,0.363,0.365,0.204,0.418,0.349,-0.004,-0.006,,,89.4,40.9,8.3,7.6,28.2,30.7,21.5,2.8,40,98.865756495,93.651697921,20.8,37.5,32.3,
"Pagán, Ángel",434636,2015,33,551,16.9,5.8,0.262,0.332,0.303,0.635,0.310,0.252,0.331,0.280,0.281,0.296,0.080,0.312,0.307,0.001,-0.001,,,86.3,32.9,0.7,4.7,26.6,26.1,35.3,1.2,22.6,95.094960746,91.576020075,12.4,41.5,43.5,
"Morales, Kendrys",434778,2015,32,639,16.1,9.1,0.290,0.485,0.362,0.847,0.319,0.285,0.504,0.364,0.374,0.360,0.219,0.416,0.349,-0.019,-0.010,,,91.9,34.3,8.9,7.2,26.4,20.2,33.2,1.1,47.4,101.951024342,95.445822105,22.9,47.9,46,
"Kinsler, Ian",435079,2015,33,675,11.9,6.4,0.296,0.428,0.342,0.770,0.323,0.274,0.383,0.335,0.311,0.323,0.109,0.326,0.313,0.045,0.024,,,86.1,36.6,2.7,4,29.1,32.1,26.4,3.1,26.6,95.232079663,91.628863659,12.3,47.1,35.3,
"McCann, Brian",435263,2015,31,535,18.1,9.7,0.232,0.437,0.320,0.757,0.235,0.221,0.381,0.327,0.307,0.313,0.161,0.326,0.278,0.056,0.020,,,89.5,29.1,5.3,6.9,21.9,33.9,26.1,2.9,36.5,98.444416778,93.388572278,17.3,42.1,37.6,
"Walker, Neil",435522,2015,29,603,18.2,7.3,0.269,0.427,0.328,0.755,0.306,0.249,0.412,0.325,0.315,0.313,0.162,0.353,0.309,0.015,0.010,,,88.9,33.3,4.8,7.7,25.6,27,32.4,1.8,37.6,98.365567397,93.313297009,19.5,49.7,42.6,
"Desmond, Ian",435622,2015,29,641,29.2,7,0.233,0.384,0.290,0.674,0.307,0.218,0.362,0.294,0.286,0.278,0.144,0.373,0.322,0.022,0.008,,,90.8,25.9,6.9,3.7,22.2,20.2,40.6,3.4,41.1,101.605778974,94.99907141,29,49.9,54.4,
"Cruz Jr., Nelson",443558,2015,34,655,25,9,0.302,0.566,0.369,0.935,0.350,0.285,0.546,0.396,0.385,0.357,0.260,0.497,0.398,0.020,0.011,,,92.6,35.4,14.1,7.7,24.4,15,33.3,3,47.8,104.801318125,96.787248293,30.8,48.1,45.7,
"Trumbo, Mark",444432,2015,29,545,24.2,6.6,0.262,0.449,0.310,0.759,0.313,0.252,0.442,0.327,0.325,0.302,0.191,0.407,0.341,0.007,0.002,,,92,31,9.8,6.1,22.3,26,32.1,1.6,43,103.250637892,95.84658252,30.9,51.5,41.9,
"Peralta, David",444482,2015,27,517,20.7,8.5,0.312,0.522,0.371,0.893,0.368,0.281,0.457,0.380,0.355,0.350,0.176,0.419,0.368,0.065,0.025,,,91.6,35.4,8,6.1,26.8,15.2,40.1,1.4,43.4,102.180038418,95.352553116,24.5,47.6,53,
"Escobar, Alcides",444876,2015,28,662,11.3,3.9,0.257,0.320,0.293,0.613,0.286,0.262,0.329,0.271,0.281,0.300,0.067,0.295,0.297,-0.009,-0.010,,,84.6,30.4,0.9,1.6,26.6,24.4,39.4,3.1,16.5,93.173673636,90.678851935,18.5,52,49,
"Prado, Martín",445988,2015,31,551,12.3,6.7,0.288,0.394,0.338,0.732,0.313,0.274,0.373,0.318,0.312,0.330,0.099,0.328,0.317,0.021,0.006,,,89,33.8,2.3,3.9,31.1,21.8,38.3,1.4,33.6,97.538678618,92.859026106,11.6,39.5,49.2,
"Duda, Lucas",446263,2015,29,554,24.9,11.9,0.244,0.486,0.352,0.838,0.285,0.254,0.504,0.359,0.372,0.363,0.250,0.457,0.360,-0.018,-0.013,,,91.7,40.2,11.6,6.8,24.4,34.5,19.6,0.9,42.3,101.332638,94.972465319,24.9,41.8,28.6,
"Longoria, Evan",446334,2015,29,670,19.7,7.6,0.270,0.435,0.328,0.763,0.309,0.260,0.466,0.327,0.340,0.322,0.206,0.398,0.331,-0.031,-0.013,,,89.6,33.5,8.5,7.9,23.1,28.1,28.7,2.5,39.7,99.904231429,94.097663789,23.7,46.8,39.3,
"Davis, Chris",448801,2015,29,670,31,12.5,0.262,0.562,0.361,0.923,0.319,0.262,0.589,0.390,0.403,0.364,0.327,0.566,0.411,-0.027,-0.013,,,92,39.7,17.3,8.9,24.3,21.9,23.5,1.9,45.9,102.292316778,95.621133417,35.6,47.3,34.9,
"Zobrist, Ben",450314,2015,34,535,10.5,11.6,0.276,0.450,0.359,0.809,0.288,0.260,0.382,0.349,0.324,0.347,0.121,0.315,0.294,0.068,0.025,,,88.6,29.3,3.6,4.8,23.8,23.8,40.6,1.4,34.9,97.625725245,92.940798084,12.6,36.8,49.8,
"Fowler, Dexter",451594,2015,29,690,22.3,12.2,0.250,0.411,0.346,0.757,0.308,0.231,0.347,0.333,0.307,0.331,0.116,0.338,0.311,0.064,0.026,,,87.2,32,4.5,3.4,25.5,26.6,34,3.6,30.2,97.222402523,92.630480115,22,41.6,44.3,
"Headley, Chase",452104,2015,31,642,21,7.9,0.259,0.369,0.324,0.693,0.317,0.261,0.399,0.307,0.323,0.329,0.139,0.374,0.341,-0.030,-0.016,,,86.8,36.7,5.1,4.5,28.5,22.5,33.2,3.8,32.5,97.832743516,92.940152123,21.3,42.9,44.3,
"Lind, Adam",452252,2015,31,572,17.5,11.5,0.277,0.460,0.360,0.820,0.309,0.244,0.420,0.351,0.327,0.333,0.176,0.358,0.305,0.040,0.024,,,89.5,31.4,7.2,7.2,21,23.2,39.8,0.7,36,99.239098955,93.694054015,21.2,44.4,46.9,
"Cabrera, Asdrúbal",452678,2015,29,551,19.4,6.5,0.265,0.430,0.315,0.745,0.306,0.227,0.385,0.319,0.292,0.283,0.158,0.336,0.289,0.045,0.027,,,88.3,32.1,5.4,5.7,24.2,32.1,28.4,2,32.3,96.997058223,92.551497386,22.9,54,37.8,
"Tulowitzki, Troy",453064,2015,30,534,21.3,7.1,0.280,0.440,0.337,0.777,0.331,0.257,0.417,0.335,0.320,0.318,0.160,0.380,0.335,0.023,0.015,,,90,31.6,5.3,7.4,29.3,24.2,28.5,2.4,40.4,100.349359399,94.443323973,23,44.9,41.5,
"Blackmon, Charlie",453568,2015,28,682,16.4,6.7,0.287,0.450,0.347,0.797,0.325,0.260,0.390,0.345,0.318,0.326,0.130,0.347,0.320,0.060,0.027,,,86.8,35.4,3.7,6.8,26.2,25,29,3.7,29,96.789253682,92.405017945,16,42.8,40.3,
"Frazier, Todd",453943,2015,29,678,20.2,6.5,0.255,0.498,0.309,0.807,0.271,0.251,0.461,0.342,0.331,0.307,0.210,0.390,0.321,0.037,0.011,,,89.6,32.7,9,6.5,21.8,31.2,25.3,2.7,38.8,100.175287966,94.201525487,24.9,52.9,34.1,
"Markakis, Nick",455976,2015,31,686,12.1,10.2,0.296,0.376,0.370,0.746,0.338,0.263,0.342,0.327,0.305,0.342,0.079,0.308,0.304,0.034,0.022,,,88.3,30.6,0.8,3.2,30.9,19.8,40.2,3.4,33.6,97.823168238,92.998083551,11.6,41.6,54.3,
"Butler, Billy",456714,2015,29,601,16.8,8.7,0.251,0.390,0.323,0.713,0.282,0.249,0.441,0.311,0.335,0.325,0.192,0.369,0.308,-0.051,-0.024,,,89.4,30.8,7.5,7.7,21.5,16.3,42.4,1.8,40.6,99.857258558,94.077021585,18.8,44.7,51.7,
"Cain, Lorenzo",456715,2015,29,604,16.2,6.1,0.307,0.477,0.361,0.838,0.347,0.301,0.473,0.360,0.364,0.359,0.172,0.411,0.367,0.004,-0.004,,,90.2,35.4,5.5,5.5,28.9,20.6,34.8,2.2,38.1,100.538744215,94.492575708,19,49.4,46.2,
"McCutchen, Andrew",457705,2015,28,685,19.4,14.3,0.292,0.488,0.401,0.889,0.339,0.283,0.519,0.380,0.396,0.399,0.236,0.450,0.369,-0.031,-0.016,,,90.6,41,9.3,9.5,25.6,22.9,30.3,1.8,44.6,100.222109318,94.543010159,26.1,43.3,38.7,
"Jackson, Austin",457706,2015,28,527,23.9,5.5,0.267,0.385,0.311,0.696,0.342,0.261,0.380,0.305,0.304,0.307,0.119,0.378,0.354,0.005,0.001,,,89.6,34.4,3.8,3.3,32,16.5,37.4,3,39.8,99.140160971,93.730833811,22.2,44.3,52,
"Upton, Justin",457708,2015,27,619,25.7,11,0.251,0.454,0.336,0.790,0.304,0.232,0.431,0.340,0.330,0.323,0.199,0.404,0.329,0.023,0.010,,,89.9,28.9,10.3,5.7,22.2,29.1,27.6,3.1,39.2,100.612936,94.512007079,31.8,44.4,39.9,
"Maybin, Cameron",457727,2015,28,555,18.4,8.1,0.267,0.370,0.327,0.697,0.316,0.268,0.366,0.307,0.312,0.329,0.097,0.349,0.336,0.004,-0.005,,,88.2,26.8,2.7,2.7,26,12.3,50.4,2.9,35.9,98.775083737,93.417937899,20.5,43.6,59,
"Posey III, Buster",457763,2015,28,623,8.3,9,0.318,0.470,0.379,0.849,0.320,0.309,0.498,0.363,0.377,0.376,0.189,0.385,0.341,-0.028,-0.014,,,89,33.6,6.1,6.3,29.3,20.5,30.3,3.3,37.5,98.97351098,93.670422163,13.3,47.2,45.1,
"Bruce, Jay",457803,2015,28,649,22.3,8.9,0.226,0.434,0.294,0.728,0.251,0.242,0.444,0.309,0.325,0.312,0.202,0.391,0.322,-0.010,-0.016,,,89.7,34.2,8.1,7.7,21.8,29.5,27.5,1.6,37.6,99.74158108,94.037484108,25.1,48.2,37.4,
"Votto, Joey",458015,2015,31,695,19.4,20.6,0.314,0.541,0.459,1.000,0.371,0.289,0.541,0.427,0.422,0.443,0.252,0.476,0.386,0.000,0.005,,,90.2,42.7,10.9,7.3,28.2,19.2,28.6,3.4,42.2,100.0119881,94.32793995,24,36.7,43.2,
"Coghlan, Chris",458085,2015,30,503,18.7,11.5,0.250,0.443,0.341,0.784,0.284,0.244,0.402,0.337,0.325,0.337,0.158,0.356,0.311,0.041,0.012,,,88.5,32.8,5.5,5.2,25.3,24.4,34.5,2.9,33.3,97.564280647,92.868263982,19.8,43.8,46.3,
"Gardner, Brett",458731,2015,31,656,20.6,10.4,0.259,0.399,0.343,0.742,0.312,0.258,0.394,0.327,0.332,0.346,0.136,0.376,0.343,0.005,-0.005,,,88.8,32,4,6.3,26,21,34.2,2.9,34.9,98.0788911,93.139408732,21.4,37.4,48.3,
"Braun, Ryan",460075,2015,31,567,20.3,9.5,0.285,0.498,0.356,0.854,0.322,0.281,0.503,0.366,0.374,0.355,0.223,0.440,0.364,-0.005,-0.008,,,92.3,31.7,10.7,5.6,22.8,16.2,41.6,2,45.4,102.451967436,95.645331568,23,50.3,51.3,
"Moss, Brandon",461235,2015,31,526,28.1,9.3,0.226,0.407,0.304,0.711,0.285,0.232,0.464,0.308,0.336,0.314,0.231,0.440,0.345,-0.057,-0.028,,,89.1,34.9,11.7,8.3,21.3,29,19.8,5.2,39.5,100.855427338,94.607305682,29.6,49.3,34,
"Kemp, Matt",461314,2015,30,648,22.7,6,0.265,0.443,0.312,0.755,0.311,0.261,0.459,0.325,0.336,0.312,0.198,0.411,0.346,-0.016,-0.011,,,89.5,34.4,8.3,8.8,24.3,21.7,32.2,2.6,40.5,99.434988125,94.002033557,26.3,50.9,44.6,
"Plouffe, Trevor",461858,2015,29,632,19.6,7.9,0.244,0.435,0.307,0.742,0.274,0.251,0.441,0.321,0.330,0.315,0.190,0.379,0.319,-0.006,-0.009,,,89.8,33.5,7.9,7,24.4,25.6,31.5,1.8,39.4,99.770838744,94.070649305,21,44.9,41.4,
"Andrus, Elvis",462101,2015,26,661,11.8,7,0.258,0.357,0.309,0.666,0.283,0.249,0.336,0.292,0.288,0.306,0.087,0.295,0.287,0.021,0.004,,,87.3,28,1.5,2.6,25.8,25,37,2.6,27.1,96.71924004,92.364700359,14.8,43.1,49.9,
"Cervelli, Francisco",465041,2015,29,510,18.4,9,0.295,0.401,0.370,0.771,0.359,0.257,0.393,0.341,0.325,0.337,0.136,0.357,0.325,0.008,0.016,,,88.2,33.4,4.1,5.8,27.1,17.1,40.9,4.1,35.6,98.245588146,93.233819466,19.1,41.3,53.3,
"Cabrera, Melky",466320,2015,30,683,12.9,5.9,0.273,0.394,0.314,0.708,0.297,0.274,0.371,0.307,0.306,0.319,0.097,0.328,0.318,0.023,0.001,,,89.6,30.9,2.4,2.9,30,23,36.2,2.4,36.2,99.156851015,93.703486598,13.5,47,47.4,
"Sandoval, Pablo",467055,2015,28,505,14.5,5,0.245,0.366,0.292,0.658,0.270,0.226,0.351,0.288,0.278,0.276,0.125,0.297,0.268,0.015,0.010,,,88,28.7,4.8,4,20.8,25.3,40,3.3,33.5,98.173751684,93.137433146,19.1,58.8,49.3,
"Ramos, Wilson",467092,2015,27,504,20,4.2,0.229,0.358,0.258,0.616,0.256,0.250,0.410,0.265,0.300,0.280,0.160,0.361,0.315,-0.052,-0.035,,,90.5,30.1,6.3,7.3,22,14.4,45.5,2.9,44.5,101.887378191,95.193514787,24.3,53.6,57.1,
"Santana, Carlos",467793,2015,29,666,18.3,16.2,0.231,0.395,0.357,0.752,0.261,0.240,0.407,0.331,0.345,0.368,0.167,0.361,0.309,-0.012,-0.014,,,89.2,27.9,7.2,4.6,21.9,26.6,34.9,3.7,39.7,100.380489577,94.255167488,19.4,36.6,46,
"Parra, Gerardo",467827,2015,28,589,15.6,4.8,0.291,0.452,0.328,0.780,0.325,0.259,0.389,0.334,0.302,0.301,0.130,0.338,0.311,0.063,0.032,,,88.2,32.8,3.2,5.4,25.2,21.3,38.1,2.6,30,97.181814459,92.647995711,18.4,54.8,48.7,
"González, Carlos",471865,2015,29,608,21.9,7.6,0.271,0.540,0.325,0.865,0.284,0.257,0.466,0.364,0.340,0.317,0.209,0.416,0.342,0.074,0.024,,,90.3,30.6,10.5,4.4,20.1,21.3,36,3,38.6,102.528334335,95.310136173,30.6,53.7,48.4,
"Belt, Brandon",474832,2015,27,556,26.4,10.1,0.280,0.478,0.356,0.834,0.363,0.274,0.507,0.359,0.373,0.354,0.233,0.483,0.395,-0.029,-0.014,,,89.8,46.4,10,10,29.5,20.6,22.1,2.6,41.8,100.109191928,94.416939063,28.2,49.8,33.8,
"Brantley Jr., Michael",488726,2015,28,596,8.6,10.1,0.310,0.480,0.379,0.859,0.318,0.291,0.425,0.368,0.346,0.365,0.134,0.344,0.321,0.055,0.022,,,89,36,3.9,4.1,28.8,23.8,35,2.7,36.2,98.738259072,93.479789979,8.7,42.3,46,
"Escobar, Yunel",488862,2015,32,591,11.8,7.6,0.314,0.415,0.375,0.790,0.347,0.284,0.400,0.348,0.335,0.349,0.116,0.345,0.327,0.015,0.013,,,89.7,29.9,3,4.1,28.8,15.4,44.9,1.3,36.3,98.747718114,93.570374276,17.8,49.9,56.4,
"Morrison, Logan",489149,2015,27,511,15.9,9.2,0.225,0.383,0.302,0.685,0.238,0.257,0.436,0.298,0.338,0.334,0.179,0.368,0.315,-0.053,-0.040,,,89.9,29,6.9,6.3,19.8,26.4,34.6,3.2,37.7,100.455092473,94.373840577,18.5,47.9,46.7,
"Cespedes, Yoenis",493316,2015,29,676,20.9,4.9,0.291,0.542,0.328,0.870,0.323,0.294,0.546,0.367,0.380,0.336,0.252,0.468,0.381,-0.004,-0.013,,,92.2,32.4,11.1,7.6,24.9,21.3,30.6,2.4,44.8,103.085078601,95.983210103,23.6,48.9,42.9,
"Ramirez, Alexei",493351,2015,33,622,10.9,5,0.249,0.357,0.285,0.642,0.264,0.244,0.314,0.279,0.268,0.285,0.070,0.279,0.278,0.043,0.011,,,84.7,32.2,1,2.1,24.5,22.6,42,5.2,22.2,94.535576969,91.313183176,15.6,48.6,51.1,
"Solarte, Yangervis",500208,2015,27,571,9.8,6,0.270,0.428,0.320,0.748,0.279,0.250,0.364,0.324,0.298,0.303,0.114,0.300,0.279,0.064,0.026,,,88.1,29.1,2.1,4.4,25.9,28.6,34.3,2.1,31.4,97.296716537,92.733719416,13.3,48.4,43.8,
"Martinez, J.D.",502110,2015,27,657,27.1,8.1,0.282,0.535,0.344,0.879,0.339,0.280,0.593,0.372,0.396,0.343,0.313,0.529,0.399,-0.058,-0.024,,,91.3,39.9,17.3,7.8,22.3,23.3,23.8,3.8,48.5,102.630364348,95.786734396,30.8,52.7,34.2,
"Reddick, Josh",502210,2015,28,579,11.2,8.5,0.272,0.449,0.333,0.782,0.278,0.266,0.417,0.338,0.329,0.329,0.151,0.338,0.304,0.032,0.009,,,88.4,32.1,5,3.7,26.5,31.3,29.1,2.4,32.8,97.986171894,93.042643062,16,43.4,39.9,
"Murphy, Daniel",502517,2015,30,538,7.1,5.8,0.281,0.449,0.322,0.771,0.278,0.284,0.455,0.325,0.335,0.327,0.171,0.344,0.306,-0.006,-0.010,,,89.9,32.3,4.7,6.2,25.3,25.5,34.7,1.9,37.9,99.198471783,93.791789325,9,48.4,43.3,
"Goldschmidt, Paul",502671,2015,27,694,21.8,17,0.321,0.570,0.435,1.005,0.382,0.279,0.558,0.418,0.403,0.405,0.279,0.487,0.379,0.012,0.015,,,92,39.2,12.5,8.7,23.2,21.3,30.3,1.9,46.3,102.005582609,95.508273792,25.2,38.1,42.3,
"Altuve, Jose",514888,2015,25,689,9.7,4.8,0.313,0.459,0.353,0.812,0.329,0.262,0.382,0.347,0.300,0.307,0.120,0.312,0.292,0.077,0.047,,,86.1,31.2,3.1,4.8,23.4,26.6,35.9,4.5,28.6,96.184716937,92.100077743,11.3,51.7,47.6,
"Segura, Jean",516416,2015,25,584,15.9,2.2,0.257,0.336,0.281,0.617,0.298,0.238,0.317,0.268,0.257,0.262,0.080,0.293,0.285,0.019,0.011,,,86.9,25.4,1.3,3.8,22.5,19.5,47.7,3,27.1,96.366808217,92.194029063,17.6,53.7,59.5,
"Castro, Starlin",516770,2015,25,578,15.7,3.6,0.265,0.375,0.296,0.671,0.298,0.241,0.369,0.288,0.280,0.274,0.129,0.318,0.288,0.006,0.008,,,86.3,28.2,4.3,3.9,21.3,19.5,46,3.3,28,97.023970176,92.535522119,19.7,48.7,54.9,
"Marte, Starling",516782,2015,26,633,19.4,4.3,0.287,0.444,0.337,0.781,0.333,0.276,0.455,0.337,0.344,0.331,0.179,0.404,0.353,-0.011,-0.007,,,87.8,32.8,6.7,5,23.5,13.1,42.9,5.4,35.1,99.496750225,93.811685282,26.1,57.1,55.6,
"Donaldson, Josh",518626,2015,29,711,18.7,10.3,0.297,0.568,0.371,0.939,0.314,0.279,0.545,0.398,0.390,0.359,0.266,0.447,0.353,0.023,0.008,,,92.5,31.1,12.2,6.8,21.2,22.4,34.1,1.6,46.5,103.112725082,96.028966988,25.3,45.8,45.3,
"Heyward, Jason",518792,2015,25,608,14.8,9.2,0.293,0.439,0.359,0.798,0.329,0.263,0.374,0.346,0.317,0.335,0.112,0.336,0.316,0.065,0.029,,,89.1,23.9,2.8,4.1,25,15,46.5,2.6,34.6,99.497214525,93.775945204,16.2,41.1,58.3,
"LeMahieu, DJ",518934,2015,26,620,17.3,8.1,0.301,0.388,0.358,0.746,0.362,0.276,0.379,0.327,0.319,0.338,0.102,0.358,0.344,0.009,0.008,,,90.5,32.7,1.9,4.5,29.9,12.3,44.8,1.1,40,99.577467604,94.078375737,16.5,43.5,55.4,
"Moreland, Mitch",519048,2015,29,515,21.7,6.2,0.278,0.482,0.330,0.812,0.317,0.277,0.506,0.348,0.362,0.332,0.228,0.440,0.363,-0.024,-0.014,,,91.4,35.4,10.4,8.2,26.1,19.8,32.4,2.2,45.9,101.774299392,95.279958615,25.7,47,47,
"Moustakas, Mike",519058,2015,26,614,12.4,7,0.284,0.470,0.348,0.818,0.294,0.264,0.436,0.353,0.339,0.332,0.172,0.352,0.306,0.034,0.014,,,89.4,30.3,6.4,5,22.6,27.6,31.5,3.5,36.5,99.636445022,93.899501627,16.7,47.3,41.5,
"Norris, Derek",519083,2015,26,557,23.5,6.3,0.250,0.404,0.305,0.709,0.310,0.220,0.325,0.309,0.270,0.278,0.104,0.319,0.297,0.079,0.039,,,87.1,31.4,2.3,6.8,22.9,28.3,33.8,4.2,35.1,98.764430741,93.385736111,21.5,44.9,42.3,
"Revere, Ben",519184,2015,27,634,10.1,5,0.306,0.377,0.342,0.719,0.338,0.283,0.345,0.316,0.298,0.322,0.062,0.310,0.317,0.032,0.018,,,83.1,34.9,0,2.1,30,16.8,41.2,5.8,14.6,92.591946342,90.358172296,10.8,42.5,57.1,
"Rizzo, Anthony",519203,2015,25,701,15,11.1,0.278,0.512,0.387,0.899,0.289,0.275,0.496,0.384,0.383,0.386,0.221,0.401,0.333,0.016,0.001,,,88.7,35.7,8,7.6,24.6,28.9,25.8,4.1,38.3,99.906731037,93.98838711,19.2,45.9,35.7,
"Vogt, Stephen",519390,2015,30,511,19,11,0.261,0.443,0.341,0.784,0.290,0.248,0.399,0.335,0.322,0.335,0.150,0.357,0.317,0.044,0.013,,,86.9,33.7,5.6,5.1,27.2,28.9,29.2,2,30.1,97.093405429,92.568393811,18.5,41.2,37.9,
"Galvis, Freddy",520471,2015,25,603,17.1,5,0.263,0.343,0.302,0.645,0.309,0.237,0.330,0.283,0.272,0.280,0.093,0.305,0.291,0.013,0.011,,,86.1,33.2,2.1,4.3,24.8,28.5,33,3.2,22.1,94.695452091,91.357112938,19.2,51.2,44.3,
"Perez, Salvador",521692,2015,25,553,14.8,2.4,0.260,0.426,0.280,0.706,0.270,0.260,0.408,0.300,0.298,0.282,0.148,0.342,0.307,0.018,0.002,,,87.3,32.8,5.3,3.3,24,25.1,35.2,3.3,32.6,98.159469954,93.100742654,18.1,53.9,42.5,
"Forsythe, Logan",523253,2015,28,615,18,8.9,0.281,0.444,0.359,0.803,0.323,0.250,0.393,0.350,0.323,0.334,0.143,0.348,0.313,0.051,0.027,,,88.4,33.6,3.7,6.2,27.6,29.7,29.4,2.3,32.2,97.443170047,92.812743395,18.6,40.3,41.1,
"Flores, Wilmer",527038,2015,23,510,12.4,3.7,0.263,0.408,0.295,0.703,0.273,0.236,0.339,0.304,0.270,0.273,0.103,0.289,0.274,0.069,0.034,,,86.4,32.1,1.9,5.4,25,30.9,30.9,3.8,25.7,95.819043043,91.913370193,14.3,48.8,42.2,
"García, Avisaíl",541645,2015,24,601,23.5,6,0.257,0.365,0.309,0.674,0.320,0.271,0.409,0.295,0.324,0.326,0.138,0.401,0.367,-0.044,-0.029,,,88.5,34.1,4.8,6.7,26.4,16.1,38.2,4.1,37.5,100.218207612,94.171980025,31.1,58.8,50.7,
"Inciarte, Ender",542255,2015,24,561,10.3,4.6,0.303,0.408,0.338,0.746,0.329,0.258,0.335,0.325,0.285,0.300,0.077,0.295,0.291,0.073,0.040,,,85.5,28.8,1.3,2.3,24.7,20.3,42.3,4,19.9,94.226997059,91.130268235,12,48.7,54.5,
"Burns, Billy",542993,2015,25,555,14.6,4.7,0.294,0.392,0.334,0.726,0.339,0.239,0.288,0.317,0.260,0.284,0.050,0.278,0.284,0.104,0.057,,,83.2,26.9,0.5,1.1,25.6,20.8,42.1,5.2,14.7,92.105101148,90.378655108,16.3,58.5,52,
"Crawford, Brandon",543063,2015,28,561,21.2,7,0.256,0.462,0.321,0.783,0.294,0.262,0.484,0.332,0.349,0.330,0.221,0.422,0.345,-0.022,-0.017,,,90.3,34.2,8.7,8.2,23,15.1,36.5,3.6,42.9,100.178212162,94.481315257,28,51.8,47.7,
"Giavotella, Johnny",543213,2015,27,502,11.8,6.4,0.272,0.375,0.318,0.693,0.301,0.259,0.337,0.303,0.291,0.310,0.077,0.301,0.297,0.038,0.012,,,85.8,30.1,1,2.7,28.1,24.2,38.4,1.5,19.6,94.579461692,91.291923462,14.8,45.6,48.4,
"Gose, Anthony",543238,2015,24,535,27.1,8.4,0.254,0.367,0.321,0.688,0.352,0.224,0.309,0.304,0.276,0.295,0.085,0.337,0.323,0.058,0.028,,,88.2,30.4,2.3,3.2,27.5,17.5,41.8,4.1,30.7,98.131964813,93.084668281,26.9,50,55.8,
"Hosmer, Eric",543333,2015,25,667,16.2,9.1,0.297,0.459,0.363,0.822,0.336,0.289,0.467,0.355,0.361,0.360,0.178,0.403,0.355,-0.008,-0.006,,,89.8,30.1,7.1,5.7,25.9,13.9,40.6,3.4,40.8,101.558532092,94.941129182,20.6,45.5,53.7,
"Kipnis, Jason",543401,2015,28,641,16.7,8.9,0.303,0.451,0.372,0.823,0.356,0.293,0.429,0.355,0.349,0.366,0.135,0.386,0.361,0.022,0.006,,,89.4,35.9,2.8,6.8,29.5,19.2,35.7,2.6,38.5,98.754656711,93.53848539,16.8,43.3,46.2,
"Lawrie, Brett",543434,2015,25,602,23.9,4.7,0.260,0.407,0.299,0.706,0.320,0.249,0.398,0.306,0.302,0.290,0.149,0.378,0.335,0.009,0.004,,,90,30.6,4.7,6.8,23.3,20,39.3,3.1,39.1,100.327308447,94.380264696,26.3,48.7,49.6,
"Semien, Marcus",543760,2015,24,601,22,7,0.257,0.405,0.310,0.715,0.312,0.240,0.380,0.311,0.298,0.295,0.140,0.354,0.316,0.025,0.013,,,87.1,37.1,4.5,8,24.6,27,30.3,3.3,28.9,96.820899279,92.433096346,22.4,43.8,39,
"Strange-Gordon, Dee",543829,2015,27,653,13.9,3.8,0.333,0.418,0.359,0.777,0.383,0.267,0.340,0.337,0.283,0.298,0.073,0.315,0.315,0.078,0.054,,,84.5,28.6,1.1,2.2,24.3,14.2,46,4.5,17,93.574659795,90.838043504,14,51.9,62.6,
"Wong, Kolten",543939,2015,24,613,15.5,5.9,0.262,0.386,0.321,0.707,0.296,0.260,0.367,0.310,0.309,0.324,0.106,0.333,0.316,0.019,0.001,,,87.5,31.9,3,3.2,27.4,22.5,35.8,3.9,33.8,98.193268744,93.119913011,19.6,50.4,45.6,
"Gregorius, Didi",544369,2015,25,578,14.7,5.7,0.265,0.370,0.318,0.688,0.297,0.253,0.334,0.303,0.291,0.311,0.081,0.307,0.302,0.036,0.012,,,85.4,33.4,1.6,2.9,26.9,25.6,35.4,4.5,24.5,95.50167129,91.775831617,22.8,51.8,46.8,
"Trout, Mike",545361,2015,23,682,23.2,13.5,0.299,0.590,0.402,0.992,0.344,0.297,0.588,0.415,0.422,0.405,0.291,0.525,0.413,0.002,-0.007,,,92.9,38.9,16.4,7.3,23.7,21.1,28,2.4,48.6,104.322363541,96.689220935,22,37.4,37.9,
"Herrera, Odúbel",546318,2015,23,537,24,5.2,0.297,0.418,0.344,0.762,0.387,0.243,0.353,0.333,0.291,0.296,0.110,0.356,0.333,0.065,0.042,,,88.7,33.1,3.2,5.1,29.3,18,37.6,2.4,33.9,99.082478136,93.601329122,25.5,50,49.5,
"Harper, Bryce",547180,2015,22,654,20,19,0.330,0.649,0.460,1.109,0.369,0.292,0.544,0.461,0.418,0.433,0.252,0.479,0.391,0.105,0.043,,,91.4,37.1,12.9,7.1,24.4,19.5,29.9,4.8,47.5,102.728474588,95.847158243,26.9,44.2,40.4,
"Abreu, José",547989,2015,28,668,21,5.8,0.290,0.502,0.347,0.849,0.333,0.270,0.456,0.361,0.338,0.330,0.185,0.408,0.352,0.046,0.023,,,91,30.4,9.3,5.9,24.5,17.9,37.6,1.7,41.8,102.420020087,95.40629902,24.9,48.7,48.5,
"Polanco, Gregory",570256,2015,23,652,18.6,8.4,0.256,0.381,0.320,0.701,0.308,0.257,0.386,0.304,0.312,0.322,0.129,0.353,0.324,-0.005,-0.008,,,89.9,30.5,4.4,6.3,24.2,23.2,35.8,2.9,39.8,100.779030043,94.513144401,19.9,44.8,46.7,
"Arenado, Nolan",571448,2015,24,665,16.5,5.1,0.287,0.575,0.323,0.898,0.284,0.264,0.484,0.371,0.336,0.308,0.220,0.393,0.323,0.091,0.035,,,90.6,33.7,8.3,7.9,21.7,29,25.9,1.9,40.2,100.206577918,94.441647592,21.2,53.1,34.8,
"Holt, Brock",571788,2015,27,509,19.1,9,0.280,0.379,0.349,0.728,0.350,0.247,0.325,0.322,0.294,0.322,0.077,0.320,0.316,0.054,0.028,,,86.6,31.7,0.6,3.9,27.8,19.3,42.7,2.5,24.2,95.443424229,91.7332198,15.1,40.6,54,
"Owings, Chris",572008,2015,23,552,26.1,4.7,0.227,0.322,0.264,0.586,0.305,0.227,0.325,0.255,0.261,0.266,0.099,0.338,0.319,-0.003,-0.006,,,86.9,32.8,2.6,3.9,27.8,27,29.4,1.8,24.9,95.964633295,91.994393191,26.1,53.6,44.1,
"Pollock, AJ",572041,2015,27,673,13.2,7.9,0.315,0.498,0.367,0.865,0.338,0.292,0.442,0.371,0.347,0.348,0.150,0.371,0.339,0.056,0.024,,,88.9,31.2,5.7,6.4,26.5,17.4,38.9,2.6,39.1,99.71304376,93.946765136,17.1,46.3,51,
"Seager, Kyle",572122,2015,27,686,14.3,7.9,0.266,0.451,0.328,0.779,0.278,0.282,0.467,0.335,0.353,0.345,0.185,0.385,0.336,-0.016,-0.018,,,89.3,36.1,7,4.2,27.4,30.6,26.3,2.3,34.6,98.570178482,93.434971381,17.6,45.4,36.5,
"Taylor, Michael A.",572191,2015,24,511,30.9,6.8,0.229,0.358,0.282,0.640,0.311,0.232,0.382,0.274,0.288,0.288,0.150,0.404,0.354,-0.024,-0.014,,,88.7,32.8,6.3,5,27.4,20.2,33.4,1.9,35.6,99.60454698,93.854731409,33.3,52.2,49.2,
"Carpenter, Matt",572761,2015,29,665,22.7,12.2,0.272,0.505,0.365,0.870,0.321,0.282,0.523,0.372,0.389,0.379,0.240,0.472,0.387,-0.018,-0.017,,,88.9,42.4,9.1,8.2,27.9,25.1,22.2,2.6,35.8,99.020981881,93.621808342,21.5,38.9,31.6,
"Dozier, Brian",572821,2015,28,704,21,8.7,0.236,0.444,0.307,0.751,0.261,0.220,0.380,0.323,0.299,0.296,0.160,0.338,0.287,0.064,0.024,,,87.2,34.2,5.9,6.4,23,33.4,25.6,3.7,31.1,96.886231967,92.484104519,22.3,45.2,35.2,
"Bryant, Kris",592178,2015,23,650,30.6,11.8,0.275,0.488,0.369,0.857,0.378,0.234,0.475,0.371,0.354,0.335,0.241,0.469,0.362,0.013,0.017,,,89.7,33.7,11.5,9.3,22.5,29.9,21.9,3.8,43.8,101.012069116,94.798555983,35.6,48.9,34.5,
"Castellanos, Nick",592206,2015,23,595,25.5,6.6,0.255,0.419,0.303,0.722,0.322,0.257,0.436,0.311,0.322,0.306,0.180,0.410,0.353,-0.017,-0.011,,,88.3,37.5,7.7,6.5,29,27.8,25.8,1.7,34.5,97.738445628,92.919924962,29.7,49.7,37.2,
"Machado, Manny",592518,2015,22,713,15.6,9.8,0.286,0.502,0.359,0.861,0.297,0.262,0.447,0.370,0.345,0.339,0.185,0.371,0.318,0.055,0.025,,,91.4,29.7,7.6,5.5,23.3,25.4,34.8,1.5,41.7,101.713928171,95.062350934,17.6,43.2,45.6,
"Pederson, Joc",592626,2015,23,585,29.1,15.7,0.210,0.417,0.346,0.763,0.262,0.211,0.427,0.335,0.345,0.351,0.216,0.430,0.331,-0.010,-0.010,,,91.2,28.3,11.8,5.7,19.1,24.8,32.8,2.5,45.2,102.070124803,95.343527796,35.9,42.5,41.7,
"Simmons, Andrelton",592743,2015,25,583,8.2,6.7,0.265,0.338,0.321,0.659,0.285,0.274,0.355,0.290,0.305,0.331,0.081,0.304,0.301,-0.017,-0.015,,,86.4,27.8,1,3.3,27.1,15.7,44.9,4.9,29,96.646254958,92.330440996,11.9,45.9,57.3,
"Yelich, Christian",592885,2015,23,525,19.2,9,0.300,0.416,0.366,0.782,0.370,0.296,0.434,0.343,0.352,0.363,0.138,0.406,0.377,-0.018,-0.009,,,91.7,30.1,4.8,5.6,27.5,8,51.2,1.1,45.1,101.95363038,95.456582989,22.4,43.2,63.7,
"Bogaerts, Xander",593428,2015,22,654,15.4,4.9,0.320,0.421,0.355,0.776,0.372,0.271,0.362,0.338,0.300,0.311,0.090,0.333,0.325,0.059,0.038,,,88,28,2.5,2.7,28.4,19.9,40.9,3.1,33.8,98.391584263,93.278410239,20.5,49.1,53.7,
"Calhoun, Kole",594777,2015,27,686,23.9,6.6,0.256,0.422,0.308,0.730,0.304,0.246,0.421,0.317,0.317,0.301,0.176,0.389,0.332,0.001,0.000,,,86.2,35.6,6.8,5.5,25,22.5,33.7,4.9,32.2,97.541136121,92.770704009,28,49,42.6,
"Eaton, Adam",594809,2015,26,689,19,8.4,0.287,0.431,0.361,0.792,0.345,0.251,0.350,0.346,0.308,0.332,0.100,0.338,0.322,0.081,0.038,,,88.1,26.7,3.1,2.5,27.4,18.7,40.9,2.3,30.9,97.621097412,92.82333833,18.6,44.1,53.1,
"Gattis, Evan",594828,2015,28,604,19.7,5,0.246,0.463,0.285,0.748,0.264,0.244,0.415,0.317,0.304,0.285,0.171,0.358,0.308,0.048,0.013,,,88.9,29.6,7.1,7.3,21.5,25,35,3.3,39.2,99.877000313,94.008730402,25,50.5,46.5,
"Kiermaier, Kevin",595281,2015,25,535,17.8,4.5,0.263,0.420,0.298,0.718,0.306,0.268,0.378,0.309,0.302,0.304,0.109,0.348,0.331,0.042,0.007,,,87.6,29.7,2.4,4.1,28,20.5,39.4,2.9,30.9,98.091658408,93.064332045,21.1,51.4,49.5,
"Betts, Mookie",605141,2015,22,654,12.5,7,0.291,0.479,0.341,0.820,0.310,0.283,0.445,0.351,0.341,0.336,0.162,0.364,0.327,0.034,0.010,,,90.4,33.4,5.5,4.2,28.2,29,27.7,1.9,37.5,99.412633162,93.922887905,14.7,40.2,38.7,
"Peterson, Jace",607054,2015,25,597,20.1,9.4,0.239,0.335,0.314,0.649,0.296,0.241,0.353,0.287,0.300,0.318,0.113,0.337,0.313,-0.018,-0.013,,,87.1,33,3.3,4.1,24.9,23.7,35.6,3.6,26.3,96.526168402,92.264230026,22.9,43.5,48.8,
"Pillar, Kevin",607680,2015,26,628,13.5,4.5,0.278,0.399,0.314,0.713,0.306,0.259,0.354,0.310,0.290,0.299,0.095,0.314,0.303,0.045,0.020,,,85.8,28.4,1.8,3.5,27.8,26.3,31.8,5.3,26.5,96.445338008,92.255471017,18.2,51.2,43.7,
"Russell, Addison",608365,2015,21,523,28.5,8,0.242,0.389,0.307,0.696,0.324,0.204,0.331,0.304,0.269,0.273,0.126,0.337,0.297,0.058,0.035,,,86.7,34.3,5.2,5.8,22.5,28.6,33.1,3.3,29.2,96.288762963,92.165076192,31.2,48,42.9,
"Duffy, Matt",622110,2015,24,612,15.7,4.9,0.295,0.428,0.334,0.762,0.336,0.281,0.419,0.331,0.327,0.324,0.138,0.369,0.341,0.009,0.004,,,88,32.4,4,5.8,27,15.8,38.3,3.3,32,97.296590044,92.695375607,18.1,46,53.8,
"Ortiz, David",120074,2016,40,626,13.7,12.8,0.315,0.620,0.401,1.021,0.312,0.312,0.640,0.419,0.430,0.403,0.329,0.474,0.371,-0.020,-0.011,,,93.2,39.3,15.5,8.1,20.7,27.3,24.5,0.9,47.2,103.045533739,96.143183874,19.4,43.5,33.8,
"Beltré, Adrian",134181,2016,37,640,10.3,7.5,0.300,0.521,0.358,0.879,0.293,0.290,0.509,0.371,0.366,0.350,0.219,0.382,0.327,0.012,0.005,,,90.1,34.2,8.5,5.6,25,27.9,30.2,2.1,40.4,99.676160388,94.135210872,15.2,48.7,41.2,
"Beltrán, Carlos",136860,2016,39,593,17,5.9,0.295,0.513,0.337,0.850,0.315,0.268,0.434,0.358,0.320,0.314,0.165,0.365,0.328,0.079,0.038,,,90.1,32.5,6.8,4,25.5,27.3,34.3,1.3,38.5,100.288108,94.247053333,19.6,45.6,42.4,-2
"Werth, Jayson",150029,2016,37,606,22.9,11.7,0.244,0.417,0.335,0.752,0.288,0.247,0.422,0.327,0.337,0.343,0.174,0.389,0.338,-0.005,-0.010,,,91.4,31.9,7.4,6.4,23.5,28.1,30.6,1.3,44.6,101.514039895,95.15487147,20.9,38.1,41.3,-4
"Martinez, Victor",400121,2016,37,610,14.8,8.2,0.289,0.476,0.351,0.827,0.303,0.286,0.506,0.351,0.364,0.349,0.221,0.401,0.341,-0.030,-0.013,,,90,37.8,8.4,7.9,28.5,25.8,27,2.1,42.1,99.515406052,94.050070323,17.2,46.4,38.8,
"Utley, Chase",400284,2016,37,565,20.4,7.1,0.252,0.396,0.319,0.715,0.299,0.259,0.389,0.312,0.314,0.326,0.130,0.358,0.334,0.007,-0.002,,,87.7,35.6,4.3,6,32.1,23.1,29.3,3.3,33.8,97.089810462,92.614725578,18.9,40.2,45.4,
"Pujols, Albert",405395,2016,36,650,11.5,7.5,0.268,0.457,0.323,0.780,0.260,0.285,0.523,0.331,0.367,0.343,0.238,0.392,0.327,-0.066,-0.036,,,91.6,31.5,9.2,7.8,22.9,22.7,34.5,0.4,44.1,101.520633672,95.107410489,15.7,45.8,45.2,
"Mauer, Joe",408045,2016,33,576,16.1,13.7,0.261,0.389,0.363,0.752,0.301,0.281,0.449,0.327,0.357,0.381,0.168,0.382,0.346,-0.060,-0.030,,,89.9,36.5,6,7.2,28.5,11.9,42.7,1.7,42.9,99.073111465,93.903650684,15.3,35.5,52.4,
"Cabrera, Miguel",408234,2016,33,679,17.1,11,0.316,0.563,0.393,0.956,0.336,0.332,0.677,0.399,0.449,0.409,0.345,0.524,0.411,-0.114,-0.050,,,93.6,40.1,15.9,7.4,25.2,19.2,29.8,1.9,50.6,104.209910539,96.808753326,22.5,48.7,43,
"González, Adrián",408236,2016,34,633,18.5,8.7,0.285,0.435,0.349,0.784,0.328,0.271,0.423,0.334,0.327,0.339,0.152,0.371,0.340,0.012,0.007,,,88.2,38.9,4.6,7,30.2,19.9,34.1,3.5,33.9,97.49832385,92.844400863,22.9,48.1,48.4,
"Phillips, Brandon",408252,2016,35,584,11.6,3.1,0.291,0.416,0.320,0.736,0.312,0.262,0.373,0.315,0.289,0.295,0.111,0.310,0.298,0.043,0.026,,,86.4,35.1,2.7,4.1,25.3,24.9,39.4,2,25.5,95.874930249,91.938637593,19,57.6,47.1,
"Upton Jr., B.J.",425834,2016,31,538,28.8,6.9,0.238,0.402,0.291,0.693,0.300,0.231,0.394,0.297,0.294,0.286,0.162,0.384,0.334,0.008,0.003,,,88.3,31.4,5.8,6.4,25.9,20.9,36,4.7,36.6,98.525363353,93.336834147,34.7,50.2,49.4,1
"Molina, Yadier",425877,2016,33,581,10.8,6.7,0.307,0.427,0.360,0.787,0.335,0.281,0.417,0.342,0.329,0.337,0.136,0.339,0.319,0.010,0.013,,,87.8,35.5,3.6,5.7,28.8,21.8,36.4,2.7,28.1,96.332986111,92.235852393,15.3,53.3,48.8,
"Canó, Robinson",429664,2016,33,715,14,6.6,0.298,0.533,0.350,0.883,0.299,0.283,0.478,0.370,0.348,0.338,0.195,0.381,0.334,0.055,0.022,,,90.1,32.7,7.3,5.9,26.3,23.9,31.6,3.6,42.8,101.243038116,94.873902464,17.3,50.8,46.4,
"Encarnación, Edwin",429665,2016,33,701,19.7,12.4,0.263,0.529,0.357,0.886,0.270,0.263,0.536,0.373,0.380,0.360,0.273,0.433,0.340,-0.007,-0.007,,,90.8,35.9,12.3,6.6,21,27.8,29.7,1.7,40.8,100.992646966,94.7357806,23.6,42.4,38.4,
"Bautista, José",430832,2016,35,517,19.9,16.8,0.234,0.452,0.366,0.818,0.255,0.252,0.432,0.355,0.360,0.383,0.179,0.384,0.333,0.020,-0.005,,,91.5,30.6,8.3,8.3,24.4,27.8,27.8,2.8,45.7,102.85874764,95.78624941,21.2,36.7,39.5,-2
"Jones, Adam",430945,2016,30,672,17.1,5.8,0.265,0.436,0.310,0.746,0.280,0.260,0.460,0.319,0.328,0.308,0.200,0.372,0.318,-0.024,-0.009,,,88.7,31.8,8,5.5,23.4,27.3,31,3.1,34.7,99.066221633,93.612539581,26.2,60.4,43.5,4
"Martin, Russell",431145,2016,33,535,27.7,12,0.231,0.398,0.335,0.733,0.291,0.224,0.411,0.322,0.326,0.332,0.187,0.395,0.331,-0.013,-0.004,,,89.2,29.4,9.3,6.4,22.7,20.8,35.8,2.9,40.3,99.735703529,94.022415882,29.9,39,47.9,
"Granderson, Curtis",434158,2016,35,633,20.5,11.7,0.237,0.464,0.335,0.799,0.254,0.245,0.426,0.339,0.333,0.343,0.182,0.370,0.320,0.038,0.006,,,87.8,33.8,6.9,6.7,24.5,31.7,25,4,33.1,97.844558841,93.013354879,22,36.5,38.1,2
"Pagán, Ángel",434636,2016,34,541,12.2,7.8,0.277,0.418,0.331,0.749,0.298,0.285,0.390,0.324,0.320,0.341,0.105,0.334,0.328,0.028,0.004,,,85.7,36.1,3,2.3,29.4,25.2,34.7,2.3,21.8,94.517204211,91.274645933,11.6,40.7,42.6,-2
"Ramirez, Hanley",434670,2016,32,620,19.4,9.7,0.286,0.505,0.361,0.866,0.315,0.262,0.472,0.367,0.348,0.342,0.211,0.396,0.335,0.033,0.019,,,90.6,29.6,10.4,7.2,20.6,20.1,36.5,2.8,42,102.60270654,95.461057488,23.9,46.4,49.2,
"Morales, Kendrys",434778,2016,33,618,19.4,7.8,0.263,0.468,0.327,0.795,0.283,0.291,0.555,0.339,0.389,0.356,0.265,0.458,0.372,-0.087,-0.050,,,92.8,34.5,10.8,8.6,28,18.3,31.4,1.8,49.9,102.729617945,95.980574224,24,48,44.7,
"Kendrick III, Howie",435062,2016,32,543,17.7,9.2,0.255,0.366,0.326,0.692,0.301,0.268,0.416,0.303,0.332,0.342,0.148,0.367,0.336,-0.050,-0.029,,,90.5,26.9,5.8,5.6,26.1,11.4,45.9,3,42.1,100.905633472,94.674374404,20.8,47.9,61.2,-4
"Napoli, Mike",435063,2016,34,645,30.1,12.1,0.239,0.465,0.335,0.800,0.296,0.220,0.471,0.343,0.340,0.321,0.251,0.443,0.337,-0.006,0.003,,,89.6,33.2,13.3,7.1,19,29.1,26.6,4.1,39.4,100.694645355,94.626004575,30.5,43.8,36.7,
"Kinsler, Ian",435079,2016,34,679,16.9,6.6,0.288,0.484,0.348,0.832,0.314,0.267,0.417,0.356,0.326,0.329,0.151,0.358,0.327,0.067,0.030,,,87.1,37.4,3.8,7.5,30,32.2,21.5,3.8,30.8,96.809080402,92.439064779,15.9,44.9,31.8,
"Desmond, Ian",435622,2016,30,677,23.6,6.5,0.285,0.446,0.335,0.781,0.350,0.258,0.424,0.336,0.319,0.313,0.166,0.391,0.348,0.022,0.017,,,90.7,28.4,7.5,4.9,24.4,16.7,43.8,1.9,43.6,101.481379741,94.914392441,27.7,46.5,53.6,2
"Cruz Jr., Nelson",443558,2016,35,667,23.8,9.3,0.287,0.555,0.360,0.915,0.320,0.279,0.595,0.383,0.397,0.356,0.317,0.499,0.381,-0.040,-0.014,,,94.6,34.8,16.5,8.5,16.9,20.1,34.6,1.1,52.4,105.455090607,97.540246628,29.1,47.4,44.6,-1
"Trumbo, Mark",444432,2016,30,667,25.5,7.6,0.256,0.533,0.316,0.849,0.278,0.267,0.549,0.358,0.370,0.327,0.283,0.476,0.371,-0.016,-0.012,,,92.8,31.8,15.6,5.6,20.8,23.9,30.7,1.1,44.7,104.542707696,96.586320716,29.3,49.3,40.6,-16
"Escobar, Alcides",444876,2016,29,682,14.1,4,0.261,0.350,0.292,0.642,0.295,0.244,0.322,0.278,0.262,0.277,0.078,0.286,0.286,0.028,0.016,,,84,31.7,1.4,2.9,24.5,23.4,41,4.1,17.6,93.292750522,90.768535541,20.6,53.7,51.6,
"Prado, Martín",445988,2016,32,658,10.5,7.4,0.305,0.417,0.359,0.776,0.331,0.284,0.370,0.335,0.312,0.341,0.086,0.317,0.319,0.047,0.023,,,87.9,31.2,1.3,3.9,30,20.9,39.7,2.1,30.8,96.716693916,92.438265029,10.4,39.6,47.9,
"Longoria, Evan",446334,2016,30,685,21,6.1,0.273,0.521,0.318,0.839,0.298,0.269,0.541,0.350,0.361,0.319,0.272,0.441,0.350,-0.020,-0.011,,,90.8,38.1,12.1,7.9,21,31.3,25.2,1.6,41.5,100.450586423,94.476940468,26.1,48.5,32.5,
"Cozart, Zack",446359,2016,30,508,16.5,7.3,0.252,0.425,0.308,0.733,0.274,0.240,0.362,0.312,0.289,0.298,0.122,0.314,0.292,0.063,0.023,,,86.3,31.4,2.3,6.5,23.6,30.1,31.7,3.6,27.5,96.082829628,92.042175027,18.7,46.8,40,
"Davis, Chris",448801,2016,30,665,32.9,13.2,0.221,0.459,0.332,0.791,0.279,0.220,0.493,0.340,0.353,0.334,0.273,0.484,0.360,-0.034,-0.013,,,91.1,35.7,15.1,8,20,25.1,26.9,3.7,44,101.565109535,95.133377791,37.1,42.6,37.7,
"Zobrist, Ben",450314,2016,35,631,13,15.2,0.272,0.446,0.386,0.832,0.290,0.276,0.418,0.360,0.357,0.393,0.141,0.351,0.327,0.028,0.003,,,89.2,32.5,4.5,4.7,27.2,20.7,37.6,2,35.6,98.19911162,93.170031019,12.8,35.5,49,-2
"Fowler, Dexter",451594,2016,30,551,22.5,14.3,0.276,0.447,0.393,0.840,0.350,0.255,0.407,0.367,0.350,0.378,0.152,0.388,0.350,0.040,0.017,,,88.1,37.1,5.6,6.2,26.7,23.4,33.5,1.8,33.8,98.048856319,93.030671963,22,39.2,41.8,-2
"Headley, Chase",452104,2016,32,529,22.3,9.6,0.253,0.385,0.331,0.716,0.306,0.241,0.377,0.312,0.308,0.323,0.137,0.352,0.321,0.008,0.004,,,87.2,33.6,5.9,4.8,25.4,24,34.2,4.8,33.1,97.969209257,93.020418343,24.8,44,44.9,
"Span, Denard",452655,2016,32,637,12.4,8.3,0.266,0.381,0.331,0.712,0.291,0.280,0.389,0.312,0.324,0.347,0.109,0.335,0.327,-0.008,-0.012,,,86,29.5,2.8,3.2,27.1,16.4,40.9,4.8,29.7,97.007839412,92.543263074,14.2,44.3,54.5,-3
"Cabrera, Asdrúbal",452678,2016,30,568,18.1,6.7,0.280,0.474,0.336,0.810,0.310,0.254,0.423,0.345,0.317,0.314,0.170,0.358,0.317,0.051,0.028,,,88.9,36.4,5.7,7.4,25.2,28.6,29.3,1.4,33.3,97.172298873,92.748565343,23,50.8,40,
"Ellsbury, Jacoby",453056,2016,32,616,13.6,8.8,0.263,0.374,0.330,0.704,0.295,0.267,0.360,0.308,0.307,0.334,0.094,0.317,0.314,0.014,0.001,,,86.9,30.8,1.7,3.2,27.8,24.9,37.1,3.6,31.4,96.949773991,92.49193176,16.9,46.5,47,4
"Tulowitzki, Troy",453064,2016,31,544,18.6,7.9,0.254,0.443,0.318,0.761,0.272,0.266,0.490,0.327,0.351,0.331,0.224,0.400,0.335,-0.047,-0.024,,,90,33.7,9.6,7.3,24.1,25.8,32.2,0.5,40.8,99.968194416,94.172079084,20.9,44.6,41,
"Blackmon, Charlie",453568,2016,29,641,15.9,6.7,0.324,0.552,0.381,0.933,0.350,0.296,0.486,0.394,0.362,0.358,0.190,0.403,0.360,0.066,0.032,,,87.7,39.1,6.8,5.6,28,25.9,27.3,3.5,33.5,98.398370641,93.276940427,17.2,47.1,35.6,-2
"Frazier, Todd",453943,2016,30,666,24.5,9.6,0.225,0.464,0.302,0.766,0.236,0.220,0.427,0.326,0.314,0.299,0.207,0.374,0.301,0.037,0.012,,,89.1,31.7,10.1,4.1,21.1,35.2,25.3,3,35.6,99.373683535,93.75314655,28.3,46.7,35.2,
"Markakis, Nick",455976,2016,32,684,14.8,10.4,0.269,0.397,0.346,0.743,0.300,0.276,0.415,0.321,0.337,0.358,0.139,0.357,0.333,-0.018,-0.016,,,90.7,37.7,4.9,5.7,29.2,23.5,33.9,1.6,42.6,99.656467012,94.166160539,12.8,40.4,44,-2
"Pedroia, Dustin",456030,2016,32,698,10.5,8.7,0.318,0.449,0.376,0.825,0.339,0.285,0.403,0.358,0.331,0.348,0.118,0.335,0.322,0.046,0.027,,,88.6,35.3,2.5,3.9,30.9,22.9,38.3,0.7,28.9,96.143655071,92.220249481,12.2,43.1,48.9,
"Núñez, Eduardo",456488,2016,29,595,14.8,4.9,0.288,0.432,0.325,0.757,0.314,0.255,0.390,0.324,0.299,0.299,0.135,0.330,0.304,0.042,0.025,,,89.6,28.8,4.4,3.4,22.4,24.3,40.4,2.5,37,99.593665721,93.89352893,17.5,53.6,50.3,
"McCutchen, Andrew",457705,2016,29,675,21.2,10.2,0.256,0.430,0.336,0.766,0.297,0.256,0.454,0.329,0.341,0.340,0.198,0.398,0.339,-0.024,-0.012,,,89.6,32.1,8.5,7.4,23.8,26.9,26.4,2.8,41.7,100.0584415,94.291172278,25.5,46.2,36.9,-14
"Upton, Justin",457708,2016,28,626,28.6,8,0.246,0.465,0.310,0.775,0.301,0.253,0.488,0.329,0.342,0.317,0.236,0.453,0.368,-0.023,-0.013,,,91.3,33.3,12.5,7.4,22.4,27.5,27,2.8,45.5,103.617772296,96.069918389,30.8,44,39.2,-5
"Turner, Justin",457759,2016,31,622,17.2,7.7,0.275,0.493,0.339,0.832,0.293,0.275,0.484,0.353,0.354,0.342,0.209,0.394,0.338,0.009,-0.001,,,90.6,37.4,8.8,5.3,27.1,30.2,26.3,2,41.4,99.439496974,94.092821934,18.5,44.4,36.3,
"Posey III, Buster",457763,2016,29,614,11.1,10.4,0.288,0.434,0.362,0.796,0.303,0.288,0.480,0.341,0.361,0.366,0.192,0.371,0.328,-0.046,-0.020,,,90.5,32.6,6.9,6.3,27.1,20,34.4,2.7,43.2,99.980849274,94.339517495,14.1,46.7,49.3,
"Espinosa, Danny",457787,2016,29,601,29,9,0.209,0.378,0.306,0.684,0.261,0.197,0.361,0.294,0.286,0.300,0.164,0.362,0.302,0.017,0.008,,,90.1,26.6,8.2,4.8,19,27.2,27.5,4.5,33.4,100.021848141,94.167752026,33,48.9,43.1,
"Bruce, Jay",457803,2016,29,589,21.4,7.5,0.250,0.506,0.309,0.815,0.266,0.249,0.466,0.340,0.329,0.309,0.218,0.395,0.325,0.040,0.011,,,88.9,35.8,8.4,8.9,22.8,27.2,30,1.9,38.2,99.066186699,93.59365767,26,51.4,38.9,0
"Votto, Joey",458015,2016,32,677,17.7,16,0.326,0.550,0.434,0.984,0.366,0.301,0.532,0.413,0.399,0.416,0.231,0.443,0.379,0.018,0.014,,,89.6,40.5,9.7,6.5,32,19.1,29.7,2.3,39.9,98.837699864,93.672828526,18.6,41.5,44.1,
"Gardner, Brett",458731,2016,32,634,16.7,11,0.261,0.362,0.351,0.713,0.310,0.252,0.345,0.317,0.311,0.344,0.093,0.318,0.311,0.017,0.006,,,86.5,27.8,2.4,2.2,27.8,22.2,39.6,4,24,95.537567202,91.768783601,15.4,37.3,52.9,3
"Saunders, Michael",459431,2016,29,558,28.1,10.6,0.253,0.478,0.338,0.816,0.321,0.234,0.404,0.348,0.318,0.323,0.170,0.398,0.345,0.074,0.030,,,90,33.2,7.7,9.5,22.3,23.4,32.3,3.6,44.5,100.77075,94.693404424,29.2,44.7,41.5,-4
"Braun, Ryan",460075,2016,32,564,17.4,8.2,0.305,0.538,0.365,0.903,0.326,0.282,0.470,0.378,0.349,0.348,0.188,0.399,0.351,0.068,0.029,,,90,27.2,8.4,5.5,23.6,13.5,45.2,2.4,38.9,100.969640293,94.600225854,20.9,50.9,56.7,-9
"Gordon, Alex",460086,2016,32,506,29.2,10.3,0.220,0.380,0.312,0.692,0.288,0.230,0.423,0.303,0.323,0.322,0.193,0.414,0.345,-0.043,-0.020,,,87.8,35.2,8.7,7.4,26.8,22.8,29.2,4,36.6,98.612210203,93.42446878,29.4,43.5,38.6,3
"Kemp, Matt",461314,2016,31,672,23.2,5.4,0.268,0.499,0.304,0.803,0.297,0.267,0.522,0.333,0.347,0.307,0.255,0.438,0.353,-0.023,-0.014,,,88.2,37.2,11.1,7.5,24.2,24.8,29.2,2.3,38,99.092328235,93.605489937,29.4,54.9,40.5,-24
"Andrus, Elvis",462101,2016,27,568,12.3,8.3,0.302,0.439,0.362,0.801,0.333,0.278,0.383,0.344,0.320,0.343,0.105,0.329,0.321,0.056,0.024,,,87.4,32.4,1.8,5.4,27.5,20.8,39.8,3.6,31.8,97.358116652,92.748998186,16.3,43.4,49,
"Cabrera, Melky",466320,2016,31,646,10.7,7.3,0.296,0.455,0.345,0.800,0.314,0.276,0.384,0.342,0.312,0.329,0.107,0.320,0.312,0.071,0.030,,,89.5,33.6,2.1,4.2,29.2,27,35.5,0.8,34.2,98.407373462,93.273342212,14,49,43.6,-12
"Ramos, Wilson",467092,2016,28,523,15.1,6.7,0.307,0.496,0.354,0.850,0.327,0.278,0.481,0.361,0.348,0.331,0.203,0.387,0.335,0.015,0.013,,,90.8,32.4,7.4,9.3,21.4,13.8,41.5,3.7,43.2,101.888754495,95.29017757,19.1,50,54.5,
"Santana, Carlos",467793,2016,30,688,14.4,14.4,0.259,0.498,0.366,0.864,0.258,0.275,0.515,0.370,0.385,0.382,0.239,0.400,0.331,-0.017,-0.015,,,90.8,29.3,9.8,7,22.3,26,32.4,1.6,43.2,101.171694421,94.818326219,19.2,39.2,43,
"González, Carlos",471865,2016,30,632,20.4,7.3,0.298,0.505,0.350,0.855,0.346,0.275,0.465,0.361,0.339,0.330,0.190,0.404,0.354,0.040,0.022,,,90.2,32.2,8.6,5.9,23.7,20.4,36.6,3.1,41.2,102.688740536,95.434184743,30.7,51.3,46.5,-2
"Mercer, Jordy",474568,2016,29,584,14.2,8.7,0.256,0.374,0.328,0.702,0.286,0.245,0.349,0.304,0.294,0.322,0.104,0.307,0.295,0.025,0.010,,,86.9,27.9,2.2,3.8,23.4,23.8,37.8,4,26.3,96.404053905,92.223860262,15.1,43.5,49.9,
"Belt, Brandon",474832,2016,28,655,22.6,15.9,0.275,0.474,0.394,0.868,0.346,0.266,0.493,0.374,0.383,0.391,0.228,0.446,0.369,-0.019,-0.009,,,87.2,42.2,11.3,7,26.6,29.1,16.1,6,32.4,98.247399791,93.202240472,25.3,47.4,27.4,
"Carter, Chris",474892,2016,29,644,32,11.8,0.222,0.499,0.321,0.820,0.260,0.237,0.536,0.346,0.368,0.336,0.299,0.507,0.373,-0.037,-0.022,,,91.7,36.3,17.6,9.9,16.4,28,24.6,2.3,46.2,103.546610229,96.086521862,38.4,43.7,31.7,
"Alonso, Yonder",475174,2016,29,532,13.9,8.5,0.253,0.367,0.316,0.683,0.284,0.259,0.399,0.299,0.316,0.324,0.140,0.332,0.306,-0.032,-0.017,,,88.6,33.3,4.1,7.5,24.8,24.3,34,3.9,37.4,99.474821244,93.843411119,17.6,46.4,45.4,
"Escobar, Yunel",488862,2016,33,567,11.8,7.1,0.304,0.391,0.355,0.746,0.339,0.279,0.382,0.327,0.316,0.334,0.103,0.327,0.320,0.009,0.011,,,89.3,27.8,2.8,3.1,27.6,14.7,47,2,36.1,98.884000405,93.515528397,16.7,48.7,59.1,
"Cespedes, Yoenis",493316,2016,30,543,19.9,9.4,0.280,0.530,0.354,0.884,0.298,0.282,0.529,0.369,0.374,0.358,0.246,0.439,0.362,0.001,-0.005,,,91.7,32.9,9.8,6.4,27.3,27.1,27.1,1.9,47.5,102.453598777,95.709704587,24.7,47,37.7,-12
"Ramirez, Alexei",493351,2016,34,506,12.5,4.2,0.241,0.333,0.277,0.610,0.265,0.243,0.304,0.264,0.256,0.280,0.061,0.272,0.279,0.029,0.008,,,84.5,30.9,0.5,1.7,22,25.6,45.5,3.1,23.9,94.51692267,91.334103114,16.6,48.6,51.9,
"Davis, Khris",501981,2016,28,610,27.2,6.9,0.247,0.524,0.307,0.831,0.270,0.251,0.564,0.349,0.369,0.313,0.313,0.484,0.359,-0.040,-0.020,,,92,31.5,17,5.1,20.1,23.4,30.5,2.3,48.2,103.007386943,95.874376839,33.9,51.9,43.4,4
"Martinez, J.D.",502110,2016,28,517,24.8,9.5,0.307,0.535,0.373,0.908,0.378,0.294,0.571,0.384,0.397,0.366,0.278,0.505,0.407,-0.036,-0.013,,,91.5,38,14.2,8.9,25.8,19.9,28.5,2.1,47.2,102.304141488,95.653218448,29.3,52.4,43,-11
"Valencia, Danny",502143,2016,31,517,22.2,7.9,0.287,0.446,0.346,0.792,0.346,0.277,0.469,0.342,0.348,0.338,0.192,0.418,0.365,-0.023,-0.006,,,90.1,35.2,7.8,7.8,26.8,19.8,34.9,2,41.1,101.449815843,94.886325211,28.2,44.1,46.1,-3
"Murphy, Daniel",502517,2016,31,582,9.8,6,0.347,0.595,0.390,0.985,0.348,0.318,0.564,0.408,0.395,0.370,0.247,0.421,0.357,0.031,0.013,,,90.7,36.3,8.5,7.1,29,27.4,25.3,1,41.5,100.212879325,94.415590485,12,46,37.6,
"Goldschmidt, Paul",502671,2016,28,704,21.3,15.6,0.297,0.489,0.411,0.900,0.358,0.271,0.458,0.382,0.365,0.392,0.187,0.415,0.363,0.031,0.017,,,91,33,7.8,7.6,27.9,20.1,33.4,1.8,42.6,101.29233537,94.885125731,22.9,38.4,47.4,
"Gonzalez, Marwin",503556,2016,27,518,22.8,4.2,0.254,0.401,0.293,0.694,0.311,0.234,0.390,0.298,0.288,0.276,0.156,0.356,0.314,0.011,0.010,,,89.3,30.3,5.4,5.9,22.3,21.7,33.8,2.9,35.9,99.872519123,94.084600029,25.7,49.2,50.7,1
"Altuve, Jose",514888,2016,26,717,9.8,8.4,0.338,0.531,0.396,0.927,0.347,0.318,0.526,0.391,0.385,0.382,0.207,0.402,0.356,0.005,0.006,,,88.3,39.3,6.9,6.6,29.5,19.8,31.2,3.6,36.4,98.15027078,93.138465364,15.3,48.6,43.4,
"Hernández, César",514917,2016,26,622,18.6,10.6,0.294,0.393,0.371,0.764,0.363,0.268,0.349,0.335,0.312,0.351,0.081,0.341,0.343,0.044,0.023,,,87,29.9,1.8,1.4,28.5,15.5,42.7,4.3,29.2,96.866862696,92.504901204,20.2,45.2,58.4,
"Segura, Jean",516416,2016,26,694,14.6,5.6,0.319,0.499,0.368,0.867,0.353,0.274,0.459,0.371,0.339,0.329,0.184,0.370,0.326,0.040,0.032,,,89,31,5.9,5.7,22.7,17.7,42.6,1.7,33.8,98.450899387,93.352097165,17,46.9,54.2,
"Castro, Starlin",516770,2016,26,610,19.3,3.9,0.270,0.433,0.300,0.733,0.305,0.262,0.419,0.313,0.308,0.295,0.156,0.365,0.329,0.014,0.005,,,88.5,32.3,5.4,4.9,25.6,21.5,37.8,3.7,34.2,98.830703261,93.46552573,23.3,51.6,50.1,
"Marte, Starling",516782,2016,27,529,19.7,4.3,0.311,0.456,0.362,0.818,0.380,0.281,0.435,0.351,0.332,0.335,0.154,0.389,0.358,0.021,0.019,,,87.5,35.8,5.4,7,24.4,19.2,35.2,7.3,37,99.619785348,93.866708177,25.6,54.2,48.7,-2
"Donaldson, Josh",518626,2016,30,700,17,15.6,0.284,0.549,0.404,0.953,0.300,0.279,0.553,0.403,0.403,0.401,0.274,0.438,0.350,-0.004,0.000,,,92.2,32.4,12.3,6.7,24.2,25.9,26.8,2.6,49.2,102.982235175,96.025999209,24.1,41.7,39.5,
"Freeman, Freddie",518692,2016,26,693,24.7,12.8,0.302,0.569,0.400,0.969,0.370,0.280,0.566,0.402,0.396,0.384,0.286,0.501,0.396,0.003,0.006,,,91.3,44.7,13.2,9.5,25.3,25.8,21.5,2.4,44.7,101.263528204,95.138950898,29.5,51.5,31.9,
"Heyward, Jason",518792,2016,26,592,15.7,9.1,0.230,0.325,0.306,0.631,0.266,0.251,0.349,0.282,0.301,0.326,0.098,0.313,0.304,-0.024,-0.019,,,86.8,28.9,3,3,27.5,23.6,38.4,3.2,30.9,97.470768295,92.752995635,17,41.5,46.4,14
"LeMahieu, DJ",518934,2016,27,635,12.6,10.4,0.348,0.495,0.416,0.911,0.388,0.337,0.490,0.391,0.391,0.410,0.153,0.415,0.393,0.005,0.000,,,91.8,36.2,4.9,5.6,34.4,13,37.7,1.4,47.7,101.419669362,95.226161876,11.6,41.9,52.9,
"Lucroy, Jonathan",518960,2016,30,544,18.4,8.6,0.292,0.500,0.355,0.855,0.322,0.274,0.468,0.362,0.345,0.341,0.193,0.394,0.343,0.032,0.017,,,87.6,37.6,7.4,5.3,28.2,23.6,30.5,3.6,35,98.720672526,93.393876959,19.5,42.8,38.6,
"Moreland, Mitch",519048,2016,30,503,23.5,7,0.233,0.422,0.298,0.720,0.266,0.255,0.474,0.307,0.337,0.319,0.219,0.414,0.344,-0.052,-0.030,,,90.6,33.6,9.6,6.1,26.9,24.6,29.5,2,39.5,101.251864556,94.865020148,28.5,48.6,43,
"Rizzo, Anthony",519203,2016,26,676,16,10.9,0.292,0.544,0.385,0.929,0.309,0.264,0.486,0.391,0.363,0.363,0.222,0.388,0.324,0.058,0.028,,,89.1,31.6,9.2,5.9,23.2,28.9,26.4,4,36.2,99.883567811,93.995997161,19.8,44.9,38.3,
"Vogt, Stephen",519390,2016,31,532,15.6,6.6,0.251,0.406,0.305,0.711,0.275,0.260,0.413,0.305,0.313,0.314,0.153,0.344,0.312,-0.007,-0.008,,,85.9,40.7,5.1,5.1,24.6,37.6,22.2,3.4,26.8,96.084116318,92.042396393,17.2,45.4,30.7,
"Galvis, Freddy",520471,2016,26,624,21.8,4,0.241,0.399,0.274,0.673,0.280,0.229,0.344,0.284,0.262,0.265,0.115,0.322,0.300,0.055,0.022,,,87.4,33.9,2.8,4.8,26.1,28.7,31.1,2.2,27.4,96.130726313,92.093201293,21,52.9,42.8,
"Perez, Salvador",521692,2016,26,546,21.8,4,0.247,0.438,0.288,0.726,0.280,0.234,0.394,0.308,0.288,0.276,0.160,0.346,0.304,0.044,0.020,,,88.8,29.5,6.3,6,23.7,33.8,27.2,2.5,37.8,99.609483939,93.912413392,23.4,54.8,35.8,
"Forsythe, Logan",523253,2016,29,567,22.4,8.1,0.264,0.444,0.333,0.777,0.314,0.271,0.478,0.336,0.352,0.340,0.207,0.420,0.360,-0.034,-0.016,,,90,38.9,7.5,8.8,26.9,24.9,30.1,1.3,38.9,99.051979948,93.678695156,22.7,39.6,42,
"Inciarte, Ender",542255,2016,25,578,11.8,7.8,0.291,0.381,0.351,0.732,0.329,0.264,0.330,0.319,0.291,0.327,0.066,0.295,0.303,0.051,0.028,,,85.5,31.5,0.7,1.7,26.5,23.6,42.7,2.2,15,92.885941031,90.486452966,11.6,47.2,51.2,20
"Ozuna, Marcell",542303,2016,25,608,18.9,7.1,0.266,0.452,0.321,0.773,0.296,0.272,0.465,0.330,0.340,0.328,0.192,0.392,0.342,-0.013,-0.010,,,90.8,32.3,7.8,5.6,25.6,24.2,32.5,2.5,42.2,101.048471735,94.801005457,26.6,46.9,44.6,-1
"Villar, Jonathan",542340,2016,25,679,25.6,11.6,0.285,0.457,0.369,0.826,0.372,0.242,0.377,0.356,0.315,0.335,0.136,0.379,0.346,0.080,0.041,,,90.3,28.8,6.4,5.7,22.9,14.6,41.7,4.5,38.2,100.634149095,94.531060201,27.3,43.8,57.8,
"Crawford, Brandon",543063,2016,29,623,18.5,9.1,0.275,0.430,0.342,0.772,0.322,0.252,0.408,0.327,0.317,0.328,0.156,0.358,0.320,0.022,0.010,,,88.9,33.8,5.4,6.9,23.5,24.8,31.5,2.9,34.7,98.486221327,93.378538246,26.6,50.9,43.8,
"Harrison, Josh",543281,2016,28,522,14.6,3.4,0.283,0.388,0.311,0.699,0.323,0.238,0.350,0.301,0.269,0.270,0.112,0.296,0.280,0.038,0.032,,,86.5,36.6,2.1,5.4,24.6,28.4,33.3,2.8,22.9,94.751721133,91.385064296,20,54.7,46.6,
"Hosmer, Eric",543333,2016,26,667,19.8,8.5,0.266,0.433,0.328,0.761,0.301,0.259,0.440,0.326,0.330,0.325,0.181,0.382,0.333,-0.007,-0.004,,,92,26,9.2,6.1,20.8,14.5,47,1.5,44.2,102.281034043,95.409042851,26,48.6,59.3,
"Kipnis, Jason",543401,2016,29,688,21.2,8.7,0.275,0.469,0.343,0.812,0.324,0.270,0.453,0.347,0.345,0.341,0.183,0.405,0.355,0.016,0.002,,,89.9,38.2,6.7,7.8,27.9,24.4,27.1,2.7,39.5,99.214970913,93.986365142,19.6,43.3,41,
"Miller, Brad",543543,2016,26,601,24.8,7.8,0.243,0.482,0.304,0.786,0.277,0.242,0.442,0.333,0.322,0.306,0.200,0.397,0.333,0.040,0.011,,,90.6,29.6,9.7,6.7,21.6,22.1,35.3,3.2,42.5,101.453516818,94.89482101,26.9,49.1,45.8,
"Rendon, Anthony",543685,2016,26,647,18.1,10,0.270,0.450,0.348,0.798,0.304,0.267,0.454,0.342,0.349,0.351,0.187,0.387,0.338,-0.004,-0.007,,,91.1,35.4,5.9,9,24.9,28.8,26.6,1.1,41.5,100.59849724,94.619975193,17,42.7,36.2,
"Semien, Marcus",543760,2016,25,621,22.4,8.2,0.238,0.435,0.300,0.735,0.268,0.225,0.411,0.315,0.303,0.289,0.186,0.357,0.299,0.024,0.012,,,88,31.8,6.7,7.7,19.7,30.6,28.8,4.2,35.3,98.212134905,93.241960643,23.8,45.7,40.4,
"Shaw, Travis",543768,2016,26,530,25.1,8.1,0.242,0.421,0.306,0.727,0.299,0.233,0.419,0.310,0.307,0.299,0.186,0.379,0.321,0.002,0.003,,,88.6,34.2,8,6.6,23.9,29.9,27.6,2,34.2,99.10840157,93.573573459,24.4,47.9,36.8,
"Springer III, George",543807,2016,26,744,23.9,11.8,0.261,0.457,0.359,0.816,0.317,0.260,0.471,0.353,0.359,0.360,0.211,0.428,0.361,-0.014,-0.006,,,89.4,32.1,10.5,6,22.5,20.1,35.1,3.9,38.5,101.185728559,94.633465655,27.9,47.3,49.5,2
"Gregorius, Didi",544369,2016,26,597,13.7,3.2,0.276,0.447,0.304,0.751,0.290,0.248,0.353,0.319,0.274,0.278,0.105,0.300,0.288,0.094,0.045,,,86.1,32.4,2.9,2.9,24.1,32.4,33.3,3.3,25.3,95.376123305,91.703249979,18.6,55.4,42,
"Trout, Mike",545361,2016,24,681,20.1,17,0.315,0.550,0.441,0.991,0.371,0.304,0.573,0.418,0.427,0.436,0.268,0.496,0.407,-0.023,-0.009,,,90.9,37.6,14.4,5.8,26.4,21.3,27.1,1.7,40.3,102.379849109,95.44265062,20.7,38.3,42.2,-3
"Herrera, Odúbel",546318,2016,24,656,20.4,9.6,0.286,0.420,0.361,0.781,0.349,0.236,0.355,0.338,0.296,0.318,0.119,0.330,0.308,0.065,0.042,,,87.7,30.7,4.2,4.6,25.2,22.3,36.2,4.9,30.9,98.153791009,93.091367982,23.6,49,48.1,5
"Harper, Bryce",547180,2016,23,627,18.7,17.2,0.243,0.441,0.373,0.814,0.264,0.250,0.440,0.343,0.352,0.386,0.189,0.379,0.325,0.001,-0.009,,,88.9,30.1,7.3,4.5,22.6,28.8,28.8,3,36.1,99.951699683,94.03816619,23.1,41.7,41.1,-4
"Martin, Leonys",547982,2016,28,576,25.9,7.6,0.247,0.378,0.306,0.684,0.313,0.223,0.332,0.298,0.277,0.288,0.109,0.337,0.314,0.046,0.021,,,87.6,30.3,5,4.5,23.9,25.8,30.8,5.8,31.3,99.19060691,93.604107893,29.9,51.6,45.5,11
"Abreu, José",547989,2016,29,695,18,6.8,0.293,0.468,0.353,0.821,0.327,0.280,0.467,0.349,0.348,0.344,0.187,0.396,0.348,0.001,0.001,,,89.7,32.7,7.9,5.3,25.8,20.3,36.4,3.1,39.4,100.621289442,94.406076355,23.8,51.1,45.3,
"Suárez, Eugenio",553993,2016,24,627,24.7,8.1,0.248,0.411,0.317,0.728,0.304,0.236,0.393,0.316,0.306,0.308,0.157,0.366,0.324,0.018,0.010,,,86.6,38.3,6.3,3.9,25.4,29.5,29.3,3.9,29.1,96.987910197,92.506009852,24.8,43.5,41.6,
"Polanco, Gregory",570256,2016,24,587,20.3,9,0.258,0.463,0.323,0.786,0.291,0.273,0.441,0.331,0.337,0.340,0.168,0.394,0.354,0.022,-0.006,,,89.9,34.5,6,6.7,27.7,26.7,28.9,1.9,40,100.669037931,94.450076773,21.7,46.1,39.5,4
"Schoop, Jonathan",570731,2016,24,647,21.2,3.2,0.267,0.454,0.298,0.752,0.305,0.251,0.409,0.320,0.299,0.285,0.158,0.361,0.323,0.045,0.021,,,87.4,29.7,6.9,3.7,24.1,24.1,33.7,5.8,35.1,99.72271097,93.877671057,28.9,60.2,45.7,
"Arenado, Nolan",571448,2016,25,696,14.8,9.8,0.294,0.570,0.362,0.932,0.293,0.262,0.482,0.386,0.347,0.336,0.220,0.376,0.314,0.088,0.039,,,89.5,32.7,9,5.5,22,33.3,27.2,1.7,39.8,99.388730155,93.900808953,18.9,48.1,35.6,
"Gennett, Scooter",571697,2016,26,541,21.1,7,0.263,0.412,0.317,0.729,0.315,0.228,0.337,0.315,0.275,0.286,0.109,0.314,0.297,0.075,0.040,,,86.9,34.4,3.9,3.4,25.8,27.1,36.7,1.6,24.5,95.715714737,91.861584184,22.7,51.4,45.5,
"Lamb, Jake",571875,2016,25,594,25.9,10.8,0.249,0.509,0.332,0.841,0.294,0.246,0.469,0.352,0.343,0.333,0.223,0.428,0.351,0.040,0.009,,,91.3,34.6,11.5,6.2,20.4,20.6,38.3,1.3,43.4,101.002369891,94.781711172,29,43.6,46.6,
"Myers, Wil",571976,2016,25,676,23.7,10.1,0.259,0.461,0.336,0.797,0.305,0.252,0.433,0.341,0.334,0.333,0.181,0.397,0.344,0.028,0.007,,,88.6,36.7,7,7,22.7,22.3,36.7,3.8,39.2,100.073744208,94.11312127,21.8,40.7,45.3,
"Piscotty, Stephen",572039,2016,25,648,20.5,7.9,0.273,0.457,0.343,0.800,0.319,0.263,0.461,0.345,0.343,0.334,0.198,0.396,0.340,-0.004,0.002,,,88.3,33.4,8.6,6.9,23.9,23.7,31.4,4.4,37.8,99.313960583,93.753640966,25.8,52.4,44.5,3
"Seager, Kyle",572122,2016,28,676,16,10.2,0.278,0.499,0.359,0.858,0.295,0.293,0.512,0.363,0.377,0.374,0.219,0.417,0.358,-0.013,-0.014,,,90.3,36.3,9,7.7,26.9,27.7,24,2.4,41.3,100.061292552,94.277043368,18.5,42.2,36.9,
"Carpenter, Matt",572761,2016,30,566,19.1,14.3,0.271,0.505,0.380,0.885,0.307,0.284,0.540,0.375,0.397,0.395,0.256,0.450,0.369,-0.035,-0.022,,,90.7,43,11.3,8.1,26.6,28,20.7,3,41.9,99.808493,94.367605111,19.3,38.5,32.8,
"Dickerson, Corey",572816,2016,27,548,24.5,6,0.245,0.469,0.293,0.762,0.285,0.230,0.438,0.319,0.304,0.280,0.208,0.382,0.313,0.031,0.015,,,89,34.1,11.1,5.6,20.6,31.7,27.5,2.9,38.1,99.143155798,93.68168625,29.1,55.9,38.1,-4
"Dozier, Brian",572821,2016,29,691,20,8.8,0.268,0.546,0.340,0.886,0.280,0.235,0.460,0.370,0.329,0.311,0.225,0.376,0.302,0.086,0.041,,,88.1,31.2,8.3,7.4,20.2,33.1,25,3.9,36.2,98.504495805,93.326305541,23.4,43.7,37,
"Iglesias, Jose",578428,2016,26,513,9.7,5.5,0.255,0.336,0.306,0.642,0.276,0.251,0.312,0.283,0.276,0.305,0.061,0.273,0.281,0.024,0.007,,,83.6,29,0.7,0.9,24.8,21.8,42.6,6.8,20.8,93.884205317,91.095194976,10.5,44.8,52.7,
"Hechavarría, Adeiny",588751,2016,27,547,13.3,6,0.236,0.311,0.283,0.594,0.269,0.271,0.358,0.256,0.293,0.317,0.088,0.318,0.317,-0.047,-0.037,,,88.1,29.8,1.1,3.9,28,21.4,39.3,2,31.4,97.250481896,92.710874394,16.4,50.2,50.5,
"Bryant, Kris",592178,2016,24,699,22,10.7,0.292,0.554,0.385,0.939,0.332,0.267,0.548,0.396,0.386,0.365,0.280,0.457,0.359,0.006,0.010,,,89.3,36.3,11.7,8,22.3,31,21.2,4.2,38.9,100.570829776,94.490280787,28.1,48.5,32.1,4
"Machado, Manny",592518,2016,23,696,17.2,6.9,0.294,0.533,0.343,0.876,0.309,0.289,0.525,0.366,0.366,0.342,0.236,0.425,0.356,0.008,0.000,,,90.3,34.9,9.3,8.6,23.6,25.9,27.8,3.6,43.2,102.442245154,95.431908015,22.3,49.3,37.9,
"Realmuto, J.T.",592663,2016,25,545,18.3,5.1,0.303,0.428,0.343,0.771,0.357,0.266,0.387,0.333,0.306,0.311,0.121,0.350,0.332,0.041,0.027,,,88.6,28.4,3.9,3.4,28.4,21.6,39.3,2.2,35.2,98.844654951,93.53126027,19.5,48.1,50.5,
"Yelich, Christian",592885,2016,24,659,20.9,10.9,0.298,0.483,0.376,0.859,0.356,0.301,0.507,0.367,0.383,0.384,0.206,0.455,0.399,-0.024,-0.016,,,92.6,31.9,9.7,7.2,26.5,9,42.2,2,49.9,102.978294744,96.137674,24.4,40.3,58.4,6
"Bogaerts, Xander",593428,2016,23,719,17.1,8.1,0.294,0.446,0.356,0.802,0.335,0.257,0.402,0.348,0.319,0.324,0.145,0.349,0.318,0.044,0.029,,,89,28,5.3,4.7,24.2,24.6,37.6,2.3,32.7,99.219483664,93.661598721,20,45.4,46.4,
"Calhoun, Kole",594777,2016,28,672,17.6,10,0.271,0.438,0.348,0.786,0.309,0.271,0.454,0.340,0.350,0.351,0.182,0.384,0.339,-0.016,-0.010,,,89.8,36.2,6.2,8.3,27,26.4,27.4,2.7,40.5,99.688319831,94.056377367,25.3,49.5,39.5,0
"Duvall, Adam",594807,2016,27,607,27,6.8,0.241,0.498,0.297,0.795,0.275,0.247,0.491,0.333,0.336,0.304,0.244,0.434,0.347,0.007,-0.003,,,88.6,36.1,12.1,7.8,23,29.5,22.2,4.8,41.4,100.034478274,94.148432995,27.8,49.7,33.8,2
"Eaton, Adam",594809,2016,27,706,16.3,8.9,0.284,0.428,0.362,0.790,0.329,0.268,0.397,0.344,0.330,0.351,0.129,0.352,0.331,0.031,0.014,,,89.1,31.1,3.1,6,25.1,14.2,43.2,3.3,36.2,98.603473719,93.475307847,17.2,47.7,55.8,18
"Lindor, Francisco",596019,2016,22,684,12.9,8.3,0.301,0.435,0.358,0.793,0.324,0.288,0.424,0.340,0.338,0.352,0.135,0.355,0.335,0.011,0.002,,,88.7,34.6,4.1,3.9,27.7,20.2,40.1,2.4,33.5,98.275620837,93.192310667,17.1,47.6,50,
"Odor, Rougned",596059,2016,22,632,21.4,3,0.271,0.502,0.296,0.798,0.297,0.253,0.461,0.336,0.318,0.281,0.208,0.392,0.328,0.041,0.018,,,89.6,31.2,7.8,8.4,21.3,25.9,30.4,2.7,37.6,100.45374193,94.37478156,23.6,54.7,42.2,
"Cuthbert, Cheslor",596144,2016,23,510,18.8,6.3,0.274,0.413,0.318,0.731,0.320,0.232,0.329,0.316,0.268,0.280,0.097,0.301,0.290,0.084,0.048,,,89.3,27,2.4,5,25.7,26.7,37.2,2.4,36.9,99.681248624,93.891186905,23.2,49.3,47.6,
"Franco, Maikel",596748,2016,23,630,16.8,6.3,0.255,0.427,0.306,0.733,0.271,0.259,0.431,0.311,0.318,0.313,0.172,0.359,0.317,-0.004,-0.007,,,89.5,28.6,6.9,5.8,22.8,24.4,37,2.1,40.7,100.800776245,94.493352236,24.2,51.4,45.3,
"Bradley Jr., Jackie",598265,2016,26,636,22.5,9.9,0.267,0.486,0.349,0.835,0.312,0.241,0.434,0.354,0.331,0.330,0.193,0.386,0.326,0.052,0.023,,,90.3,29,8.6,7.1,21.7,21.7,37.9,1.4,39.3,99.809015388,94.102304199,26.7,45,48.3,12
"Betts, Mookie",605141,2016,23,730,11,6.7,0.318,0.534,0.363,0.897,0.322,0.278,0.446,0.379,0.336,0.330,0.167,0.352,0.317,0.088,0.043,,,89.7,31.7,5.2,6.7,22.9,26.5,35.7,1.8,39.9,99.700589189,94.049944721,14.2,41.3,41.7,15
"Panik, Joe",605412,2016,25,526,8.9,9.5,0.239,0.379,0.315,0.694,0.245,0.259,0.399,0.300,0.322,0.338,0.140,0.314,0.289,-0.020,-0.022,,,86.3,30.6,4.5,4,24,25.6,34.4,1.9,26.8,95.964759254,91.993903541,11.2,41.6,46.1,
"Pillar, Kevin",607680,2016,27,584,15.4,4.1,0.266,0.376,0.303,0.679,0.306,0.258,0.361,0.295,0.289,0.297,0.104,0.319,0.309,0.015,0.006,,,87.1,27.8,3,4.7,24.1,25.9,35.6,4.5,30.2,98.179315268,93.089801987,18.5,49.6,46.6,11
"Ramírez, José",608070,2016,23,618,10,7.1,0.312,0.462,0.363,0.825,0.333,0.290,0.416,0.355,0.331,0.345,0.126,0.338,0.325,0.046,0.024,,,88.4,35,3,5.5,27.8,26,33.7,3,32.9,97.426159841,92.831257565,12.7,44,41.5,0
"Russell, Addison",608365,2016,22,598,22.6,9.2,0.238,0.417,0.321,0.738,0.277,0.232,0.412,0.316,0.314,0.317,0.180,0.363,0.309,0.005,0.002,,,87.6,32.3,9.3,2.3,24,27.8,31.3,3.8,31.6,97.734870567,92.92221884,29.2,49.9,42.4,
"Seager, Corey",608369,2016,22,687,19.4,7.9,0.308,0.512,0.365,0.877,0.355,0.300,0.516,0.372,0.373,0.360,0.216,0.440,0.382,-0.004,-0.001,,,91.1,37.5,8.3,7.5,28.4,17.3,35.9,1.6,44,101.403540122,95.020540714,23.3,52.5,47.2,
"Mazara, Nomar",608577,2016,21,568,19.7,6.9,0.266,0.419,0.320,0.739,0.299,0.262,0.428,0.318,0.325,0.321,0.165,0.374,0.335,-0.009,-0.007,,,88,32.6,6.8,5.4,23.6,20.4,39.4,3.9,35,99.151415659,93.615919462,20.4,44.6,49.6,0
"García, Adonis",611177,2016,31,562,16.5,4.3,0.273,0.406,0.311,0.717,0.308,0.280,0.424,0.308,0.320,0.319,0.144,0.366,0.340,-0.018,-0.012,,,89,30.1,5.2,3.4,30.5,16.9,40.8,1.6,34.9,98.437424398,93.286594028,21.2,52.5,52.6,
"Correa, Carlos",621043,2016,21,660,21.1,11.4,0.274,0.451,0.361,0.812,0.328,0.281,0.477,0.349,0.364,0.369,0.196,0.424,0.370,-0.026,-0.015,,,91,32.9,7.7,7.7,27,16.1,36.5,2.7,43.5,102.581797639,95.565530348,24.3,44.5,51.2,
"Tomás, Yasmany",630111,2016,25,563,24.2,5.5,0.272,0.508,0.313,0.821,0.310,0.275,0.496,0.345,0.345,0.317,0.221,0.441,0.372,0.012,0.000,,,90.6,33.7,10.6,6.6,26.6,17.7,35.7,1.8,42,100.820285561,94.596426675,30.6,57.6,47.3,-18
"Beltrán, Carlos",136860,2017,40,509,20,6.5,0.231,0.383,0.283,0.666,0.263,0.229,0.369,0.283,0.284,0.284,0.139,0.325,0.293,0.014,-0.001,,,87.3,29.4,4.6,5.4,24.5,29.1,33.7,2.7,31,97.251447204,92.65384752,19.8,47.9,43.9,
"Pujols, Albert",405395,2017,37,636,14.6,5.8,0.241,0.386,0.286,0.672,0.249,0.262,0.444,0.286,0.316,0.305,0.182,0.349,0.308,-0.058,-0.030,,,88.7,31.9,5.4,7.7,24.2,26.2,32.5,3.6,39.2,99.285027729,93.741547151,20.6,47.1,43.5,
"Mauer, Joe",408045,2017,34,597,13.9,11.1,0.305,0.417,0.384,0.801,0.349,0.308,0.469,0.349,0.368,0.387,0.161,0.389,0.364,-0.052,-0.019,,,90.6,35.7,4.5,5.8,32.8,16.6,36,4,46.3,99.765368281,94.505396871,12.8,36.6,52.1,
"Cabrera, Miguel",408234,2017,34,529,20.8,10.2,0.249,0.399,0.329,0.728,0.292,0.282,0.521,0.313,0.370,0.359,0.239,0.437,0.367,-0.122,-0.057,,,91.1,41.7,10.5,10.8,27.1,19.6,28.2,3.6,48.2,101.694912597,95.468080194,23.1,50.3,40.6,
"Phillips, Brandon",408252,2017,36,604,12.1,3.5,0.285,0.416,0.319,0.735,0.308,0.272,0.380,0.316,0.300,0.308,0.108,0.322,0.312,0.036,0.016,,,84.6,31.1,2.4,3,28.7,20.9,38.6,4.6,25.1,95.331401585,91.737077703,20.2,56.3,50.2,
"Reyes, José",408314,2017,34,561,14.1,8.9,0.246,0.413,0.315,0.728,0.263,0.238,0.346,0.312,0.290,0.309,0.108,0.295,0.282,0.067,0.022,,,84.3,32.8,2.6,4.2,24.7,32.1,29.5,4.9,24.2,94.454647109,91.42633867,17.7,45.2,38.8,
"Choo, Shin-Soo",425783,2017,34,636,21.1,12.1,0.261,0.423,0.357,0.780,0.305,0.269,0.476,0.339,0.367,0.368,0.207,0.419,0.358,-0.053,-0.028,,,88.7,36.1,8.6,6.2,26.3,18.4,34.9,4.8,37.8,99.32635,93.783161845,23.2,42.1,50.7,-10
"Molina, Yadier",425877,2017,34,543,13.6,5.2,0.273,0.439,0.312,0.751,0.285,0.272,0.462,0.316,0.330,0.316,0.189,0.363,0.319,-0.023,-0.014,,,87.9,35.2,5.9,6.2,26.8,27.7,28.4,3.4,35,97.479471767,92.916483,18.7,52.7,42.3,
"Canó, Robinson",429664,2017,34,648,13.1,7.6,0.280,0.453,0.338,0.791,0.294,0.294,0.486,0.334,0.355,0.352,0.192,0.384,0.343,-0.033,-0.021,,,90.3,33.9,6.3,7.1,27.8,18.8,37.5,2.4,44,101.09943898,94.796904086,17.8,52,50.2,
"Encarnación, Edwin",429665,2017,34,669,19.9,15.5,0.258,0.504,0.377,0.881,0.271,0.266,0.530,0.373,0.389,0.387,0.264,0.436,0.350,-0.026,-0.016,,,89.2,36.4,10.3,7.3,25.8,26.1,26.8,3.8,42.5,100.818156901,94.516538662,25.4,43,38,
"Bautista, José",430832,2017,36,686,24.8,12.2,0.203,0.366,0.308,0.674,0.239,0.210,0.380,0.295,0.306,0.316,0.171,0.346,0.293,-0.014,-0.011,,,88.3,29.7,6.6,6.8,21,33.7,26.4,5,35.6,99.742989147,93.902020711,28.4,41,38.7,-7
"Jones, Adam",430945,2017,31,635,17.8,4.3,0.285,0.466,0.322,0.788,0.312,0.263,0.438,0.334,0.317,0.302,0.175,0.364,0.323,0.028,0.017,,,86.9,33.6,6.4,5.1,26.2,24.2,32.8,4.5,31.1,97.612420249,92.806676992,24.4,58.4,46.1,-10
"Granderson, Curtis",434158,2017,36,527,23.3,13.5,0.212,0.452,0.323,0.775,0.228,0.225,0.454,0.330,0.340,0.337,0.229,0.390,0.311,-0.002,-0.010,,,87.7,33.1,10.9,6.7,17.3,33.7,25.8,3.3,34.4,97.813685466,92.975982733,19.2,38.4,34.7,-3
"Ramirez, Hanley",434670,2017,33,553,21,9.2,0.242,0.429,0.320,0.749,0.272,0.264,0.482,0.318,0.347,0.340,0.218,0.408,0.344,-0.053,-0.029,,,88.5,35,9.5,6.3,24.7,23.7,31.3,4.2,38.4,100.642184895,94.389231636,25.6,48,41.8,
"Morales, Kendrys",434778,2017,34,608,21.7,7.1,0.250,0.445,0.308,0.753,0.278,0.270,0.512,0.320,0.354,0.327,0.241,0.426,0.352,-0.067,-0.034,,,91.1,31.1,10,7.5,28,19.6,30.6,4,46.6,102.120359252,95.560212248,29,49.6,50,
"Kinsler, Ian",435079,2017,35,613,14,9,0.236,0.412,0.313,0.725,0.244,0.256,0.428,0.313,0.328,0.331,0.172,0.341,0.304,-0.016,-0.015,,,86.3,37.2,4.9,6,26,35.3,23.4,4.1,30.1,96.329091379,92.174345162,15.6,44.5,33.5,
"Cruz Jr., Nelson",443558,2017,36,645,21.7,10.9,0.288,0.549,0.375,0.924,0.315,0.288,0.597,0.385,0.405,0.378,0.309,0.487,0.382,-0.048,-0.020,,,93.2,34.5,14.2,9.7,19.9,23.4,30,2.6,48.3,105.334256066,97.180409265,30.5,47.2,41.1,
"Trumbo, Mark",444432,2017,31,603,24.7,7,0.234,0.397,0.289,0.686,0.278,0.237,0.403,0.295,0.300,0.291,0.166,0.369,0.323,-0.006,-0.005,,,89.8,26.5,7.1,5.8,22.4,28,33.1,2.9,38.5,101.885594829,94.981976406,29.9,49.6,42.6,-8
"Peralta, David",444482,2017,29,577,16.3,7.5,0.293,0.444,0.352,0.796,0.333,0.262,0.399,0.342,0.316,0.324,0.136,0.343,0.318,0.045,0.026,,,88,27,4.1,4.8,24.7,19.1,41.7,5.1,35.4,99.665493426,93.848729537,21.8,48.6,53.9,0
"Escobar, Alcides",444876,2017,30,629,16.2,2.4,0.250,0.357,0.272,0.629,0.291,0.253,0.355,0.269,0.272,0.275,0.101,0.312,0.304,0.002,-0.003,,,84,34.1,2.2,4.5,25.8,28.9,30.7,5.3,21,94.29035898,91.165861694,20.9,53.9,42.3,
"Longoria, Evan",446334,2017,31,677,16.1,6.8,0.261,0.424,0.313,0.737,0.282,0.249,0.411,0.312,0.310,0.306,0.161,0.338,0.301,0.013,0.002,,,86.7,32.4,5.2,6.2,23.4,27.7,33.1,4.3,32.4,97.328537054,92.672334806,20.9,49.8,43.8,
"Cozart, Zack",446359,2017,31,507,15.4,12.2,0.297,0.548,0.385,0.933,0.312,0.255,0.400,0.392,0.330,0.349,0.146,0.336,0.308,0.148,0.062,,,85.8,35.7,4.4,4.7,26.4,31.3,27.5,5.5,28.9,96.24154978,92.132340744,16,40.9,38.7,
"Reynolds, Mark",448602,2017,33,593,29.5,11.6,0.267,0.487,0.352,0.839,0.343,0.224,0.424,0.357,0.320,0.315,0.200,0.407,0.336,0.063,0.037,,,87.2,36.5,8.3,8.3,21.8,23.9,31.9,5.7,35.9,99.407083161,93.780711758,34.3,44.6,42.5,
"Davis, Chris",448801,2017,31,524,37.2,11.6,0.215,0.423,0.309,0.732,0.301,0.223,0.447,0.312,0.329,0.320,0.224,0.489,0.392,-0.024,-0.017,,,90.1,40.4,12.8,8.7,28.3,23,23.4,3.4,45.5,101.208092652,94.924044487,35.2,42.9,37.7,
"Headley, Chase",452104,2017,33,586,22.5,10.2,0.273,0.406,0.352,0.758,0.341,0.250,0.387,0.329,0.316,0.333,0.137,0.361,0.333,0.019,0.013,,,87.2,36.9,4.6,5.2,27.6,25.5,32.2,4.4,33.2,97.54704401,92.799730234,26,44.4,45.4,
"Pence, Hunter",452254,2017,34,539,18.9,7.4,0.260,0.385,0.315,0.700,0.301,0.255,0.425,0.303,0.319,0.313,0.170,0.363,0.321,-0.040,-0.016,,,89,25.3,5.8,6.1,17.7,19.2,48.1,2.8,37.6,99.58201599,93.953045685,26.9,44.8,57.5,-4
"Span, Denard",452655,2017,33,542,12.7,7.4,0.272,0.427,0.329,0.756,0.295,0.283,0.409,0.325,0.327,0.340,0.126,0.343,0.329,0.018,-0.002,,,85.3,34.2,3.3,3.3,27.4,24,35.6,4.9,25.1,95.627568152,91.838526588,11.8,44.1,45.8,-10
"Cabrera, Asdrúbal",452678,2017,31,540,15.4,9.3,0.280,0.434,0.351,0.785,0.310,0.264,0.430,0.338,0.331,0.338,0.166,0.351,0.316,0.004,0.007,,,87.2,37.6,4.7,6.7,26.6,26.4,29.6,5,33.5,96.988177222,92.610835758,19.1,47,45.3,
"Blackmon, Charlie",453568,2017,30,725,18.6,9,0.331,0.601,0.399,1.000,0.371,0.290,0.519,0.414,0.372,0.363,0.229,0.428,0.365,0.082,0.042,,,87.3,38.1,8.7,6,28.7,22.3,27.4,5.8,36.4,98.886140196,93.502053399,19,46.4,41.6,-5
"Frazier, Todd",453943,2017,31,576,21.7,14.4,0.213,0.428,0.344,0.772,0.226,0.234,0.455,0.335,0.355,0.363,0.221,0.388,0.317,-0.027,-0.020,,,87.5,33.1,9.6,6.2,22.6,32.8,26.3,2.3,30.3,97.706168418,92.869453003,25.7,40.4,34.2,
"Markakis, Nick",455976,2017,33,670,16.4,10.1,0.275,0.384,0.354,0.738,0.324,0.269,0.382,0.321,0.320,0.350,0.113,0.341,0.330,0.002,0.001,,,88.3,34,3.3,3.7,33.1,22,31.9,4.9,34.7,98.025201618,93.159777069,15.6,40.7,49.4,-2
"Cain, Lorenzo",456715,2017,31,645,15.5,8.4,0.300,0.440,0.363,0.803,0.340,0.300,0.432,0.347,0.348,0.364,0.132,0.378,0.362,0.008,-0.001,,,89.1,32.1,3.5,4.7,29.4,22.8,36,3.5,35.6,99.721094938,93.977696337,19.8,49.3,45.3,15
"McCutchen, Andrew",457705,2017,30,650,17.8,11.2,0.279,0.486,0.363,0.849,0.305,0.278,0.476,0.360,0.358,0.363,0.198,0.397,0.348,0.010,0.002,,,88.4,33.7,7.7,6.1,26.5,25.8,26.9,5.9,38.9,99.573228009,93.969810708,21.2,44.9,41.4,-3
"Upton, Justin",457708,2017,29,635,28.3,11.7,0.273,0.540,0.361,0.901,0.341,0.255,0.508,0.378,0.361,0.345,0.253,0.468,0.375,0.032,0.017,,,88.8,36,13.2,6.1,24.9,24.1,27,4.8,41.3,100.869304656,94.541684074,30.5,44.4,38.4,-2
"Turner, Justin",457759,2017,32,543,10.3,10.9,0.322,0.530,0.415,0.945,0.326,0.298,0.548,0.400,0.399,0.398,0.249,0.399,0.336,-0.018,0.001,,,89.4,37.7,8.6,5.6,26.4,33.3,22.5,2.4,38.6,98.406863564,93.433791092,15.7,43.8,32.5,
"Posey III, Buster",457763,2017,30,568,11.6,10.7,0.320,0.462,0.400,0.862,0.347,0.277,0.443,0.366,0.345,0.365,0.165,0.352,0.319,0.019,0.021,,,88.7,36.5,3.5,6.7,28.6,25.9,31.6,3.2,34.8,97.772684491,93.076547332,15.9,44.2,44.1,
"Bruce, Jay",457803,2017,30,617,22.5,9.2,0.254,0.508,0.324,0.832,0.274,0.261,0.501,0.350,0.354,0.332,0.241,0.424,0.347,0.007,-0.004,,,88.4,39.4,10.5,8.8,23.6,29.8,22.9,4.1,38.8,99.028100909,93.629769688,27.6,49.8,33.7,-1
"Votto, Joey",458015,2017,33,707,11.7,19,0.320,0.578,0.454,1.032,0.321,0.299,0.555,0.428,0.416,0.439,0.257,0.417,0.348,0.023,0.012,,,87.5,40.5,9.1,7.3,25.5,25.5,27,5.4,32.8,97.453070166,92.834896258,15.4,41.9,39.6,
"Gardner, Brett",458731,2017,33,682,17.9,10.6,0.264,0.428,0.350,0.778,0.300,0.269,0.404,0.336,0.333,0.355,0.135,0.360,0.338,0.024,0.003,,,86.4,34.4,3.8,5.4,28.1,23.1,32.5,5.6,31,96.828625447,92.422865617,15.5,36.3,45.8,7
"Joyce, Matt",459964,2017,32,544,20.8,12.1,0.243,0.473,0.335,0.808,0.263,0.254,0.480,0.343,0.356,0.349,0.226,0.404,0.335,-0.007,-0.013,,,88.2,38.3,8.8,8.3,23.7,27,28.9,2.8,34.4,98.388749333,93.231177361,24.9,42.3,38.3,1
"Gordon, Alex",460086,2017,33,541,23.3,8.3,0.208,0.315,0.293,0.608,0.261,0.225,0.358,0.269,0.296,0.312,0.133,0.338,0.308,-0.043,-0.027,,,86.3,34.6,4.5,6.7,23.6,26.4,31.2,5.1,31.3,97.557368844,92.780268526,23,47.4,44.7,4
"Andrus, Elvis",462101,2017,28,689,14.7,5.5,0.297,0.471,0.337,0.808,0.325,0.264,0.406,0.344,0.309,0.308,0.141,0.338,0.313,0.065,0.035,,,86.5,32.5,4.2,3.8,24.7,23,39.1,4.9,31.3,97.34644348,92.675939744,19.6,47.3,48.1,
"Cabrera, Melky",466320,2017,32,666,11.1,5.4,0.285,0.423,0.324,0.747,0.299,0.297,0.426,0.319,0.331,0.337,0.130,0.351,0.337,-0.003,-0.012,,,88.3,33.6,3.8,4.7,29.1,18.2,40.6,2.9,35.1,98.704474364,93.396938436,13.4,46.2,48.9,-12
"Santana, Carlos",467793,2017,31,667,14.1,13.2,0.259,0.455,0.363,0.818,0.274,0.266,0.463,0.350,0.359,0.371,0.197,0.368,0.320,-0.008,-0.009,,,88.6,28.4,7.5,6.5,23,27.3,29.9,5.4,38.6,100.531000591,94.310816646,19.4,40,42.2,
"González, Carlos",471865,2017,31,534,22.3,10.5,0.262,0.423,0.339,0.762,0.318,0.235,0.367,0.327,0.303,0.318,0.132,0.343,0.314,0.056,0.024,,,87.5,28.9,5.9,5.9,22.4,20.7,39.5,5.6,37,100.346325,94.176876433,32,50,48.7,-1
"Mercer, Jordy",474568,2017,30,558,15.8,9.1,0.255,0.406,0.326,0.732,0.284,0.254,0.374,0.308,0.299,0.326,0.121,0.323,0.307,0.032,0.009,,,85.8,35.3,3.1,5,27.9,22.4,35.1,6,32.4,96.630869951,92.331540922,15.6,41.9,48.1,
"Alonso, Yonder",475174,2017,30,521,22.6,13.1,0.266,0.501,0.365,0.866,0.302,0.260,0.497,0.366,0.362,0.359,0.237,0.427,0.352,0.004,0.004,,,89.2,35.7,9.9,6.9,29.1,29.7,22.2,2.1,41.1,100.057401916,94.206907808,26.1,47.2,34.8,
"Smoak, Justin",475253,2017,30,637,20.1,11.5,0.270,0.529,0.355,0.884,0.285,0.278,0.567,0.371,0.390,0.363,0.289,0.454,0.360,-0.038,-0.019,,,89.6,39.4,13.6,5.5,24.7,29.5,22.1,4.4,43,100.441081336,94.461572656,23.5,43,34.8,
"Zimmerman, Ryan",475582,2017,32,576,21.9,7.6,0.303,0.573,0.358,0.931,0.335,0.290,0.555,0.387,0.378,0.347,0.265,0.462,0.379,0.018,0.009,,,91.4,32.3,12.2,7.9,24.1,18.4,32.5,3.5,49.1,103.274381658,96.067274534,24.4,44.3,46.9,
"Lowrie, Jed",476704,2017,33,645,15.5,11.3,0.277,0.448,0.360,0.808,0.314,0.289,0.481,0.347,0.365,0.371,0.191,0.392,0.349,-0.033,-0.018,,,89.1,43.2,6,6.4,31.1,32.1,22.6,1.3,37.7,97.922941288,93.186905794,18.8,48.2,30.2,
"Morrison, Logan",489149,2017,29,601,24.8,13.5,0.246,0.516,0.353,0.869,0.268,0.253,0.511,0.363,0.368,0.361,0.258,0.448,0.357,0.005,-0.005,,,88.6,39.6,12.8,7.1,21.6,30.9,23.5,4.1,42.3,100.762449945,94.491850929,28.8,46,33.9,
"Gurriel Jr., Yuli",493329,2017,33,564,11,3.9,0.299,0.486,0.332,0.818,0.308,0.287,0.435,0.344,0.326,0.323,0.148,0.347,0.324,0.051,0.018,,,89.9,29.2,3.4,7.8,27.7,23,33.8,3.6,43.5,100.797824255,94.666288745,17.7,48.3,46.5,
"Solarte, Yangervis",500208,2017,29,512,11.9,7.2,0.255,0.416,0.314,0.730,0.258,0.242,0.376,0.311,0.295,0.305,0.134,0.302,0.278,0.040,0.016,,,85.4,31.8,3.9,4.6,22.2,29.6,32.8,6.1,27.6,96.683606453,92.370714926,16,51.5,42.1,
"Freese, David",501896,2017,34,503,23.1,11.5,0.263,0.371,0.368,0.739,0.336,0.258,0.395,0.326,0.341,0.368,0.137,0.389,0.357,-0.024,-0.015,,,88.9,31.2,6.4,4.5,26.8,12.7,43.6,5.4,42.9,100.616931154,94.565123301,23.2,43.4,58,
"Davis, Khris",501981,2017,29,652,29.9,11.2,0.247,0.528,0.336,0.864,0.290,0.259,0.575,0.361,0.387,0.349,0.316,0.522,0.393,-0.047,-0.026,,,92.2,37.6,17.7,9.3,20.1,21.2,28.8,2.9,52.4,103.405577302,96.415094577,33.7,47.2,39.2,2
"Pham, Tommy",502054,2017,29,530,22.1,13.4,0.306,0.520,0.411,0.931,0.368,0.278,0.481,0.398,0.377,0.388,0.203,0.432,0.375,0.039,0.021,,,89.6,34.3,9.3,3.9,25.9,15.7,39.2,5.4,43.7,102.042591879,95.223853252,21,37.9,52.7,7
"Reddick, Josh",502210,2017,30,533,13.5,8.1,0.314,0.484,0.363,0.847,0.339,0.291,0.440,0.357,0.340,0.347,0.149,0.363,0.340,0.044,0.017,,,87.7,38.3,3.8,5.3,30.4,31.8,24.2,3.1,31.6,97.653595,92.85719691,15.7,44.1,35.2,3
"Murphy, Daniel",502517,2017,32,593,13,8.8,0.322,0.543,0.384,0.927,0.341,0.301,0.492,0.385,0.359,0.366,0.191,0.389,0.350,0.051,0.026,,,89.6,39.6,4.8,7.4,32.2,28.3,24.3,2.8,41.8,99.20205313,93.870564488,13.7,47.1,33.3,
"Goldschmidt, Paul",502671,2017,29,664,22.1,14.2,0.297,0.563,0.404,0.967,0.343,0.284,0.560,0.400,0.397,0.393,0.276,0.475,0.383,0.003,0.003,,,91.5,32.8,13.3,8.4,26.5,18.3,30.4,3.1,47.5,101.943215433,95.53559947,26.5,40.9,45.5,
"Gonzalez, Marwin",503556,2017,28,515,19.2,9.5,0.303,0.530,0.377,0.907,0.343,0.247,0.408,0.382,0.320,0.330,0.161,0.355,0.318,0.122,0.062,,,88.7,29.4,6.6,4.7,26,25.2,32.1,3.3,36.6,98.976971932,93.631260456,20.3,42.4,44.6,0
"Altuve, Jose",514888,2017,27,662,12.7,8.8,0.346,0.547,0.410,0.957,0.370,0.291,0.477,0.405,0.360,0.363,0.187,0.378,0.338,0.070,0.045,,,86.1,34.8,6.7,4.9,26,19.8,34.6,6.1,28.1,96.843290843,92.421645422,16.8,47.8,48.3,
"Hernández, César",514917,2017,27,577,18,10.6,0.294,0.421,0.373,0.794,0.353,0.271,0.396,0.346,0.331,0.355,0.125,0.360,0.342,0.025,0.015,,,85.7,33.3,2.9,5.4,26,15.4,40.9,6.4,29.7,96.927691371,92.494293766,20.8,41.1,54.9,
"Segura, Jean",516416,2017,27,566,14.7,6,0.300,0.427,0.349,0.776,0.339,0.272,0.402,0.334,0.315,0.325,0.130,0.343,0.324,0.025,0.019,,,87.6,32.8,3.2,5.7,25.1,17.9,43,4.3,34.5,98.294770822,93.183790708,15.8,49.4,54.5,
"Freeman, Freddie",518692,2017,27,514,18.5,12.6,0.307,0.586,0.403,0.989,0.335,0.289,0.591,0.407,0.403,0.389,0.302,0.465,0.368,-0.005,0.004,,,89.7,40.1,13.3,5.5,24.5,27.7,24.2,3.5,42.7,99.772299825,94.186366667,24.9,52.9,36.3,
"LeMahieu, DJ",518934,2017,28,682,13.2,8.7,0.310,0.409,0.374,0.783,0.351,0.304,0.404,0.342,0.341,0.370,0.100,0.357,0.355,0.005,0.001,,,89.3,31.7,1.9,4.7,32.8,13.1,42.9,3.8,41.4,99.676551609,94.064556449,12.8,41.7,57.1,
"Moreland, Mitch",519048,2017,31,576,20.8,9.9,0.246,0.443,0.326,0.769,0.278,0.271,0.532,0.326,0.371,0.351,0.261,0.437,0.355,-0.089,-0.045,,,89.3,34.9,12,5.9,24.9,21.1,31.3,3.8,36.4,99.826345773,94.029338763,25.8,46.4,44.5,
"Moustakas, Mike",519058,2017,28,598,15.7,5.7,0.272,0.521,0.314,0.835,0.263,0.268,0.492,0.345,0.338,0.314,0.224,0.383,0.323,0.029,0.007,,,87.4,34,8.6,6,22.9,30,27.4,4.5,33.8,98.85229069,93.438181577,20.9,55.7,35.3,
"Rizzo, Anthony",519203,2017,27,691,13,13.2,0.273,0.507,0.392,0.899,0.273,0.285,0.522,0.380,0.395,0.405,0.237,0.403,0.339,-0.015,-0.015,,,88.4,34.2,9.3,5.6,24.1,26.5,27.6,6.4,39.1,100.330837875,94.252253424,18.2,46.5,40.7,
"Souza Jr., Steven",519306,2017,28,617,29,13.6,0.239,0.459,0.351,0.810,0.302,0.238,0.458,0.348,0.350,0.352,0.219,0.443,0.363,0.001,-0.002,,,88.8,33.4,11.5,3.2,23.6,23.6,32,4.3,38.6,100.694178,94.395868941,32,44.1,45.2,7
"Stanton, Giancarlo",519317,2017,27,692,23.6,12.3,0.281,0.631,0.376,1.007,0.288,0.273,0.595,0.410,0.400,0.370,0.322,0.496,0.375,0.036,0.010,,,92,31.6,17.4,6.2,19.7,20.4,31.4,4.6,45.6,105.945187156,97.153915517,31.8,42.9,44.6,0
"Thames, Eric",519346,2017,30,551,29.6,13.6,0.247,0.518,0.359,0.877,0.309,0.228,0.455,0.369,0.342,0.343,0.227,0.436,0.350,0.063,0.027,,,88.2,36.3,11.1,6.9,23.9,26.5,24.5,6.5,39.3,100.054975461,94.204381184,31.5,43.2,39.2,-3
"Galvis, Freddy",520471,2017,27,663,16.7,6.8,0.255,0.382,0.309,0.691,0.292,0.242,0.360,0.298,0.286,0.298,0.118,0.312,0.295,0.022,0.012,,,86.3,32.8,2.4,4.6,25.8,31.6,29.2,4.6,23.5,95.108863429,91.559622918,17.7,48.9,39,
"García, Avisaíl",541645,2017,26,561,19.8,5.9,0.330,0.506,0.380,0.886,0.392,0.296,0.513,0.375,0.365,0.349,0.218,0.434,0.377,-0.007,0.010,,,90.3,31.4,8.8,5.1,27.7,17.2,37.7,2.9,40.8,101.598104039,94.980249901,29.3,58.9,52.7,0
"Inciarte, Ender",542255,2017,26,718,13.1,6.8,0.304,0.409,0.350,0.759,0.339,0.264,0.351,0.328,0.292,0.315,0.087,0.308,0.308,0.058,0.036,,,82.8,34.3,0.5,4.2,26.6,24.3,33,8.3,13.1,92.299376691,90.267135109,14.7,53.1,49.4,18
"Ozuna, Marcell",542303,2017,26,679,21.2,9.4,0.312,0.548,0.376,0.924,0.355,0.279,0.514,0.388,0.364,0.347,0.236,0.434,0.364,0.034,0.024,,,90.9,31,9.3,8.1,23.6,20.6,32.3,5.5,45.6,103.371358846,95.955017949,26.9,49.6,47.1,0
"Beckham, Tim",542921,2017,27,575,29,6.3,0.278,0.454,0.328,0.782,0.365,0.261,0.446,0.334,0.327,0.313,0.186,0.436,0.381,0.008,0.007,,,88.4,34.8,9.5,5.2,26.4,17.7,36.4,3.5,40.7,100.076084365,94.14195338,30.9,50.6,50,
"Crawford, Brandon",543063,2017,30,570,19.8,7.4,0.253,0.403,0.305,0.708,0.292,0.241,0.394,0.301,0.302,0.300,0.153,0.347,0.310,0.009,-0.001,,,87.5,34.8,5.8,5.1,25.6,24.9,35.3,2.9,33.5,97.580685874,92.852968589,28,51.4,46.6,
"Harrison, Josh",543281,2017,29,542,16.6,5.2,0.272,0.432,0.339,0.771,0.303,0.252,0.390,0.332,0.311,0.323,0.138,0.333,0.309,0.042,0.021,,,84.9,38.4,2.7,8.5,25.9,28.9,24.9,7.2,24.1,94.705423179,91.362796555,21.7,53,38.2,
"Hosmer, Eric",543333,2017,27,671,15.5,9.8,0.318,0.498,0.385,0.883,0.351,0.286,0.454,0.376,0.352,0.357,0.168,0.382,0.347,0.044,0.024,,,89.8,30.3,7,3.8,26.5,14.2,43.5,4.2,39.4,101.348699758,94.761279456,21.6,47.1,56.3,
"Rendon, Anthony",543685,2017,27,605,13.6,13.9,0.301,0.533,0.403,0.936,0.314,0.275,0.478,0.394,0.369,0.384,0.203,0.375,0.326,0.055,0.025,,,89.8,34.7,6.5,7.4,26.2,33.6,23.4,1.9,38.4,98.816573832,93.605964941,14.3,40.5,34.3,
"Shaw, Travis",543768,2017,27,606,22.8,9.9,0.273,0.513,0.349,0.862,0.312,0.251,0.440,0.361,0.328,0.329,0.189,0.388,0.336,0.073,0.033,,,88.6,34.7,7.4,6.7,25.2,26.2,30.4,3.7,39.4,100.236793035,94.229055473,21.1,45.3,43.8,
"Springer III, George",543807,2017,27,628,17.7,10.2,0.283,0.522,0.367,0.889,0.297,0.288,0.528,0.376,0.384,0.373,0.241,0.429,0.360,-0.006,-0.008,,,89.2,31.1,9.3,7.9,22.7,19.3,34.5,5.4,43.2,101.928994429,95.130726888,23.3,44.7,48.1,-3
"Strange-Gordon, Dee",543829,2017,29,694,13.4,3.6,0.308,0.375,0.341,0.716,0.354,0.261,0.317,0.312,0.274,0.300,0.056,0.294,0.307,0.058,0.038,,,81.6,27.7,0.2,1.2,24,16.3,43.8,8.1,11.2,91.71690717,90.084866623,14.6,54.2,60.2,
"Gregorius, Didi",544369,2017,27,569,12.3,4.4,0.287,0.478,0.318,0.796,0.287,0.262,0.385,0.335,0.294,0.298,0.123,0.315,0.300,0.093,0.041,,,84.5,35.5,3.6,3.4,25.3,35.5,27.4,4.2,20.9,94.283550726,91.231041517,21.8,58.4,36.5,
"Trout, Mike",545361,2017,25,507,17.8,18.5,0.306,0.629,0.442,1.071,0.318,0.294,0.589,0.437,0.425,0.434,0.295,0.472,0.377,0.040,0.012,,,88.8,36.4,13.3,4.7,25.6,29.4,21.2,5.7,39.9,102.005181076,95.046112595,18.2,37.7,37.7,-4
"Herrera, Odúbel",546318,2017,25,563,22.4,5.5,0.281,0.452,0.325,0.777,0.345,0.261,0.408,0.329,0.308,0.307,0.148,0.376,0.344,0.044,0.021,,,87.2,35.1,6.2,4.7,27.1,22.6,33.3,4.2,32.3,99.127229949,93.580679418,26.6,53.3,45,11
"Abreu, José",547989,2017,30,675,17.6,5.2,0.304,0.552,0.354,0.906,0.330,0.290,0.520,0.377,0.364,0.342,0.231,0.420,0.358,0.032,0.013,,,90.6,34.2,9.5,7.7,25.3,22.1,31.6,3.2,45.2,102.600732709,95.527623347,22.5,48.2,44.7,
"Suárez, Eugenio",553993,2017,25,632,23.3,13.3,0.260,0.461,0.367,0.828,0.309,0.261,0.439,0.356,0.352,0.368,0.179,0.404,0.357,0.022,0.004,,,86.2,39,6.9,7.1,27.3,25.3,28.6,4.8,32.1,97.835045408,92.917522704,24.4,42.2,39.5,
"Santana, Domingo",570267,2017,24,607,29.3,12,0.278,0.505,0.371,0.876,0.362,0.266,0.461,0.372,0.355,0.361,0.195,0.461,0.401,0.044,0.017,,,89.2,40.6,9.4,6,29.4,18.3,34,2.6,40.4,99.892418171,94.125195014,32.2,46.3,46.6,-6
"Sánchez, Yolmer",570560,2017,25,534,20.8,6.6,0.267,0.413,0.319,0.732,0.321,0.241,0.356,0.313,0.285,0.297,0.115,0.329,0.312,0.057,0.028,,,84.8,32.6,3.4,3.1,25.8,24.7,36.7,3.6,24.6,95.607226845,91.820362219,23.6,50.3,46.6,
"Schoop, Jonathan",570731,2017,25,675,21,5.2,0.293,0.503,0.338,0.841,0.330,0.271,0.441,0.355,0.330,0.320,0.171,0.391,0.350,0.062,0.025,,,87.8,35.3,7,6.2,27.9,23.4,29.8,5.7,37.2,100.22187123,94.139732916,28.1,52.4,43.1,
"Arenado, Nolan",571448,2017,26,679,15.6,9.1,0.309,0.586,0.373,0.959,0.320,0.280,0.525,0.395,0.366,0.349,0.245,0.406,0.337,0.061,0.029,,,88.8,37.5,8.5,8.5,23.5,30.8,25.6,2.8,37.9,99.061597036,93.71612097,23.3,48.2,34.9,
"Hamilton, Billy",571740,2017,26,633,21,7,0.247,0.335,0.299,0.634,0.313,0.239,0.289,0.278,0.262,0.293,0.050,0.298,0.311,0.046,0.016,,,80.5,32.5,0.4,1.3,25.9,23.9,37.5,6.6,11.7,90.07305375,89.719251415,19.8,46.4,47.8,11
"Joseph, Tommy",571830,2017,25,533,24.2,6.2,0.240,0.432,0.289,0.721,0.280,0.238,0.401,0.305,0.298,0.290,0.163,0.366,0.324,0.031,0.007,,,89.3,30.9,7.3,6.5,24.9,26.8,29.5,4.1,40.3,101.256795902,94.721492404,26.6,49.6,41.7,
"Lamb, Jake",571875,2017,26,635,23.9,13.7,0.248,0.487,0.357,0.844,0.287,0.253,0.466,0.353,0.353,0.364,0.213,0.420,0.353,0.021,0.000,,,88.3,34.4,9.3,5.7,25.7,24.2,31.4,3.6,36.3,99.214110309,93.669038041,23.8,39.8,42.4,
"Myers, Wil",571976,2017,26,649,27.7,10.8,0.243,0.464,0.328,0.792,0.297,0.234,0.442,0.335,0.330,0.323,0.208,0.415,0.343,0.022,0.005,,,89.4,35.3,9.1,6.3,22.6,27.2,27.2,6.3,44.6,101.313633077,94.869239974,25.8,44.2,38.8,
"Seager, Kyle",572122,2017,29,650,16.9,8.9,0.249,0.450,0.323,0.773,0.262,0.258,0.477,0.326,0.344,0.333,0.219,0.380,0.318,-0.027,-0.018,,,88.3,35.2,8.6,7.6,22.4,36.1,21.7,2.5,33.9,98.087707991,93.113487131,20.9,42.9,32.9,
"Carpenter, Matt",572761,2017,31,622,20.1,17.5,0.241,0.451,0.384,0.835,0.274,0.253,0.481,0.361,0.379,0.396,0.228,0.410,0.338,-0.030,-0.018,,,89.7,37.7,8.2,8.4,25.6,37.7,15,2.9,37,98.859121087,93.683129538,19.5,34.6,29,
"Dickerson, Corey",572816,2017,28,628,24.2,5.6,0.282,0.490,0.325,0.815,0.338,0.255,0.444,0.341,0.314,0.299,0.190,0.396,0.343,0.046,0.027,,,87.2,35.6,7.5,4.6,25.8,26,32,3.4,31.7,98.092830872,93.059310667,28.6,58.7,42.2,1
"Dozier, Brian",572821,2017,30,705,20,11.1,0.271,0.498,0.359,0.857,0.300,0.244,0.468,0.362,0.342,0.336,0.224,0.384,0.316,0.030,0.020,,,87.9,32,8.4,7.5,22.2,29.3,27.2,4.6,34.7,97.834204025,93.060110869,24.7,41.7,38.9,
"Bryant, Kris",592178,2017,25,665,19.2,14.3,0.295,0.537,0.409,0.946,0.334,0.260,0.497,0.399,0.376,0.382,0.237,0.410,0.337,0.040,0.023,,,87,35.1,9.6,6.1,21.3,31.1,27.2,4.2,36.6,98.80344338,93.415540729,24.1,45.4,37.9,-1
"Castellanos, Nick",592206,2017,25,665,21.4,6.2,0.272,0.490,0.320,0.810,0.313,0.293,0.542,0.341,0.373,0.342,0.249,0.454,0.380,-0.052,-0.032,,,89.1,42.8,10.7,10.5,25.6,22.9,26.8,3.4,42,99.656003697,94.03061645,26.8,51.2,37.5,-2
"Gamel, Ben",592325,2017,25,550,22.2,6.5,0.275,0.413,0.322,0.735,0.340,0.254,0.378,0.315,0.297,0.304,0.124,0.353,0.333,0.035,0.018,,,86.3,33.2,4.1,4.6,28.6,23.3,35.3,3.3,29.3,96.731259021,92.374731572,20.9,44.7,46.3,-6
"Healy, Ryon",592387,2017,25,605,23.5,3.8,0.271,0.451,0.302,0.753,0.319,0.253,0.446,0.320,0.313,0.287,0.193,0.392,0.337,0.005,0.007,,,88.3,35.6,7.6,7.3,23.6,25.2,30,5,40.4,100.120816558,94.153437791,26.8,47.6,43.6,
"Judge, Aaron",592450,2017,25,678,30.7,18.7,0.284,0.627,0.422,1.049,0.357,0.287,0.668,0.430,0.450,0.427,0.381,0.641,0.466,-0.041,-0.020,,,95,38.2,25.7,7.7,20.7,19.2,23.1,3.3,54.7,108.114253018,98.934467418,34.9,41.1,35.2,11
"Machado, Manny",592518,2017,24,690,16.7,7.2,0.259,0.471,0.310,0.781,0.265,0.279,0.517,0.328,0.360,0.333,0.238,0.409,0.341,-0.046,-0.032,,,91.3,30.3,10.5,8.4,21.2,26.3,28.6,5,47.5,103.633014962,96.162352904,21.9,49,42.2,
"Realmuto, J.T.",592663,2017,26,579,18.3,6.2,0.278,0.451,0.332,0.783,0.318,0.279,0.444,0.332,0.335,0.335,0.165,0.384,0.349,0.007,-0.003,,,88.2,32.6,6.3,5.4,25.9,23.1,36.1,2.8,35.5,99.057183458,93.605391733,19.2,48.3,48.5,
"Rosario, Eddie",592696,2017,25,589,18,5.9,0.290,0.507,0.328,0.835,0.312,0.264,0.478,0.349,0.332,0.306,0.214,0.383,0.324,0.029,0.017,,,87.2,32.4,7.4,6.3,21.2,26.3,33.3,5.1,31.8,97.412271591,92.783380568,24.4,55.4,43.1,-3
"Simmons, Andrelton",592743,2017,27,647,10.4,7.3,0.278,0.421,0.331,0.752,0.291,0.261,0.381,0.323,0.307,0.318,0.119,0.309,0.294,0.040,0.016,,,86.1,31.3,2.5,5.7,26.6,21.9,36.4,5.5,28.7,96.360267241,92.180495536,13.6,46.3,50.6,
"Yelich, Christian",592885,2017,25,694,19.7,11.5,0.282,0.439,0.369,0.808,0.336,0.281,0.453,0.348,0.357,0.371,0.172,0.403,0.363,-0.014,-0.009,,,90.6,29.5,7,5.5,27,14.9,40.8,3.6,45.8,102.279437897,95.40188514,22.1,42.5,55.6,0
"Merrifield, Whit",593160,2017,28,630,14,4.6,0.288,0.460,0.324,0.784,0.308,0.275,0.454,0.332,0.327,0.314,0.179,0.359,0.321,0.006,0.005,,,87.6,36.5,5.1,6.3,24.7,30.6,27.8,3.7,29.6,96.915633226,92.563743185,17.5,50.8,38.1,0
"Bogaerts, Xander",593428,2017,24,635,18.3,8.8,0.273,0.403,0.343,0.746,0.327,0.243,0.332,0.321,0.287,0.317,0.089,0.309,0.305,0.071,0.034,,,87.3,26.7,1.3,3.7,27.1,23.9,40,3.7,30.2,98.141221272,93.123143026,20.8,41.9,48.4,
"Polanco, Jorge",593871,2017,23,544,14.3,7.5,0.256,0.410,0.313,0.723,0.278,0.240,0.362,0.309,0.291,0.302,0.122,0.305,0.286,0.048,0.018,,,85,31.4,2.6,3.5,24.3,32.4,28.6,5.4,25.8,95.462536439,91.741845868,14.7,43.9,41.1,
"Calhoun, Kole",594777,2017,29,654,20.5,10.9,0.244,0.392,0.333,0.725,0.284,0.249,0.412,0.315,0.327,0.340,0.163,0.364,0.325,-0.020,-0.012,,,88.3,34.9,5.7,5.7,26.3,25.9,32.9,3.2,35.5,98.157786727,93.121755695,25.7,47.9,44.4,-6
"Duvall, Adam",594807,2017,28,647,26.3,6,0.249,0.480,0.301,0.781,0.290,0.226,0.420,0.327,0.301,0.284,0.194,0.377,0.315,0.060,0.026,,,87.3,34.6,8.9,5.6,20.6,36.4,24.8,3,32.6,97.653855915,92.849745129,26,48.1,33.4,7
"Schebler, Scott",594988,2017,26,531,23.5,7.3,0.233,0.484,0.307,0.791,0.248,0.256,0.493,0.330,0.348,0.330,0.237,0.424,0.346,-0.009,-0.018,,,89.1,30,10.2,7.6,19.8,23.5,33.4,5.1,40.8,101.413853864,94.931338148,29.3,52.7,46.2,1
"Báez, Javier",595879,2017,24,508,28.3,5.9,0.273,0.480,0.317,0.797,0.345,0.234,0.423,0.326,0.291,0.282,0.189,0.400,0.339,0.057,0.035,,,87.9,28.2,8.4,5.7,22.5,21,36.3,3.6,36,99.492966111,93.765627399,36.7,56.5,49.8,
"Lindor, Francisco",596019,2017,23,723,12.9,8.3,0.273,0.505,0.337,0.842,0.275,0.280,0.500,0.353,0.357,0.345,0.220,0.382,0.327,0.005,-0.004,,,89.1,32.2,7.1,6.9,22.8,28.4,29,4.1,35.9,99.056732355,93.659809564,15.4,47.4,40.6,
"Odor, Rougned",596059,2017,23,651,24.9,4.9,0.204,0.397,0.252,0.649,0.224,0.230,0.404,0.272,0.289,0.277,0.174,0.362,0.313,-0.007,-0.017,,,89.1,27.2,6,8.2,22.5,28.5,30.1,3.8,36.6,99.639037783,93.931314864,26.1,52.9,42.5,
"Story, Trevor",596115,2017,24,555,34.4,8.8,0.239,0.457,0.308,0.765,0.332,0.217,0.409,0.323,0.299,0.289,0.192,0.422,0.350,0.048,0.024,,,89.4,37.1,10.5,6.4,22,34.5,22.7,2.9,38.3,99.957246387,94.168023722,31.5,48.2,34.8,
"Sánchez, Gary",596142,2017,24,525,22.9,7.6,0.278,0.531,0.345,0.876,0.304,0.288,0.552,0.368,0.385,0.356,0.264,0.472,0.386,-0.021,-0.017,,,90.8,33.5,11.8,6.8,26.5,21.1,31,2.5,42.9,103.241467401,95.80975791,28.5,47.9,42.8,
"Kepler, Max",596146,2017,24,568,20.1,8.3,0.243,0.425,0.312,0.737,0.276,0.244,0.375,0.315,0.302,0.315,0.131,0.338,0.314,0.050,0.013,,,88.7,31.9,4,5.7,24.9,27.7,31.9,5,36.7,100.408781206,94.244412821,22.5,43.3,44.1,9
"Franco, Maikel",596748,2017,24,623,15.2,6.6,0.230,0.409,0.281,0.690,0.234,0.246,0.397,0.292,0.303,0.299,0.151,0.330,0.296,0.012,-0.011,,,88.8,26.6,6,4.9,22.7,26.6,35.3,4.1,36.2,99.874009298,94.021723996,22.3,50.3,45.8,
"Bradley Jr., Jackie",598265,2017,27,541,22.9,8.9,0.245,0.402,0.323,0.725,0.294,0.238,0.407,0.313,0.316,0.319,0.169,0.369,0.322,-0.005,-0.003,,,88.3,30.6,7.5,3.9,24.4,24.2,34.2,5.6,40,100.079550667,94.175932396,29.6,47.1,50.3,13
"Bell, Josh",605137,2017,24,620,18.9,10.6,0.255,0.466,0.334,0.800,0.278,0.256,0.427,0.338,0.329,0.336,0.171,0.365,0.324,0.039,0.009,,,87.6,28.9,6.4,5.3,25.5,21.3,35.3,5,34.3,98.967820926,93.519439768,23.5,43.6,52.3,
"Betts, Mookie",605141,2017,24,712,11.1,10.8,0.264,0.459,0.344,0.803,0.268,0.273,0.436,0.339,0.340,0.355,0.163,0.344,0.313,0.023,-0.001,,,88.4,31.9,4.5,7,22.7,29.4,31.4,3.8,37.9,99.348080766,93.801429818,15.7,35.9,41,16
"Panik, Joe",605412,2017,26,573,9.4,8,0.288,0.421,0.347,0.768,0.301,0.256,0.374,0.329,0.307,0.324,0.118,0.304,0.287,0.047,0.022,,,85,32.9,2.6,4.5,24.4,27.1,34.6,5.8,23.9,94.973948297,91.487091485,11.1,43.3,45.3,
"Arcia, Orlando",606115,2017,22,548,18.2,6.6,0.277,0.407,0.324,0.731,0.317,0.243,0.352,0.309,0.278,0.296,0.109,0.318,0.304,0.055,0.031,,,85.7,28.7,3.9,2.7,25.3,20.9,41.4,5.1,27.6,96.566548818,92.285483103,25.7,54.2,52.3,
"Peraza, José",606299,2017,23,518,13.5,3.9,0.259,0.324,0.297,0.621,0.293,0.282,0.365,0.273,0.301,0.320,0.083,0.327,0.330,-0.041,-0.028,,,82.8,32.5,1.7,2.1,27.3,23.8,37.1,5.9,20,93.326775951,90.934503707,15.3,51.7,48,
"Pillar, Kevin",607680,2017,28,632,15,5.2,0.256,0.404,0.300,0.704,0.280,0.270,0.401,0.302,0.311,0.315,0.131,0.341,0.321,0.003,-0.009,,,86,33.3,3.4,5.2,27.5,26.7,30.7,5.2,29.1,96.802406504,92.430838371,16.7,52.2,44,-1
"Ramírez, José",608070,2017,24,645,10.7,8.1,0.318,0.583,0.374,0.957,0.319,0.302,0.487,0.396,0.360,0.360,0.185,0.376,0.340,0.096,0.036,,,88.2,35.5,5,7.1,28,28,27.1,3.8,34.7,98.290089264,93.223881996,13.6,43.3,40.3,
"Bregman, Alex",608324,2017,23,626,15.5,8.8,0.284,0.475,0.352,0.827,0.311,0.274,0.439,0.351,0.338,0.344,0.165,0.362,0.328,0.036,0.013,,,87.6,34.5,4.7,6.2,27.8,29.6,27,4.1,34.3,97.79176444,92.980252289,16.5,44.7,39.2,
"Gallo, Joey",608336,2017,23,532,36.8,14.1,0.209,0.537,0.333,0.870,0.250,0.222,0.557,0.364,0.377,0.344,0.335,0.567,0.395,-0.020,-0.013,,,93.3,36,22.1,8.3,16.6,30,19.4,3.2,52.2,105.595476587,97.543626429,43.4,47.1,29.2,0
"Seager, Corey",608369,2017,23,613,21.4,10.9,0.295,0.479,0.375,0.854,0.352,0.296,0.517,0.364,0.380,0.377,0.221,0.450,0.390,-0.038,-0.016,,,89.7,40.4,8.5,6.8,30.2,20.4,29.4,4.6,44.3,101.336360874,95.020416423,27.2,50.1,42.6,
"Mazara, Nomar",608577,2017,22,616,20.6,8.9,0.253,0.422,0.323,0.745,0.293,0.248,0.424,0.317,0.318,0.319,0.176,0.365,0.320,-0.002,-0.001,,,89,30.5,6.5,7.7,18.6,24.7,38.1,4.2,37.1,100.356946698,94.279860233,25.7,46.1,46.3,-4
"Swanson, Dansby",621020,2017,23,551,21.8,10.7,0.232,0.324,0.312,0.636,0.292,0.244,0.343,0.276,0.295,0.327,0.099,0.338,0.326,-0.019,-0.019,,,86.9,31.2,3,3.2,25.5,25.5,36,5.6,32.5,97.841433207,92.995780543,23.7,44.5,48.1,
"Taylor, Chris",621035,2017,26,568,25,8.8,0.288,0.496,0.354,0.850,0.361,0.270,0.453,0.361,0.342,0.339,0.182,0.424,0.375,0.043,0.019,,,87.1,39.7,8,7,26.8,21.7,29.5,5.1,34.1,98.443374863,93.237287951,25.4,45.9,42.4,1
"Buxton, Byron",621439,2017,23,511,29.4,7.4,0.253,0.413,0.314,0.727,0.339,0.236,0.387,0.312,0.298,0.300,0.151,0.394,0.352,0.026,0.014,,,88.1,32.3,5.6,5,27,24.5,26.6,6.3,32,98.610982721,93.385318191,31.1,49.6,42.6,27
"Margot, Manuel",622534,2017,22,529,20,6.6,0.263,0.409,0.313,0.722,0.309,0.259,0.369,0.309,0.300,0.313,0.110,0.347,0.334,0.040,0.009,,,85.3,34.5,2.6,4.1,29,24.1,32.9,3.9,29.3,96.782030428,92.441450268,21.5,45.8,42.7,10
"Puig, Yasiel",624577,2017,26,570,17.5,11.2,0.263,0.487,0.346,0.833,0.274,0.269,0.492,0.349,0.359,0.354,0.223,0.400,0.337,-0.005,-0.010,,,88.5,27.2,9.4,5,21.5,22.8,35.4,5.4,37.6,101.052476318,94.54660806,24.9,46.4,49,-2
"Anderson, Tim",641313,2017,24,606,26.7,2.1,0.257,0.402,0.276,0.678,0.328,0.240,0.381,0.288,0.274,0.261,0.140,0.364,0.333,0.021,0.014,,,85.6,31.8,5.1,4.9,26.4,18.9,36.9,6.1,31.1,97.427925429,92.716202071,29.8,55.1,53.3,
"Bellinger, Cody",641355,2017,21,548,26.6,11.7,0.267,0.581,0.352,0.933,0.299,0.254,0.540,0.380,0.365,0.343,0.285,0.473,0.365,0.041,0.015,,,90.8,35.3,12.2,8.3,20.5,28.5,23.4,6.2,45.7,101.581031768,95.285978624,32.5,44.7,37.4,4
"Mancini III, Trey",641820,2017,25,586,23.7,5.6,0.293,0.488,0.338,0.826,0.352,0.264,0.481,0.349,0.338,0.314,0.216,0.421,0.356,0.007,0.011,,,88.6,30.9,10,5.4,25.2,15.4,37,5.9,41.2,100.89602802,94.621143144,28.4,50.9,51.7,-5
"Benintendi, Andrew",643217,2017,22,658,17,10.6,0.271,0.424,0.352,0.776,0.301,0.265,0.435,0.332,0.338,0.349,0.170,0.366,0.327,-0.011,-0.006,,,87.5,31.7,5.5,5.1,25.5,29.6,29.1,4.3,33.4,98.285891373,93.220964678,19.2,44.1,41.5,-5
"Martinez, Victor",400121,2018,39,508,9.6,6.3,0.251,0.353,0.297,0.650,0.260,0.266,0.406,0.281,0.313,0.314,0.140,0.323,0.296,-0.053,-0.032,,,87.8,35.1,4.7,4.9,28.9,28.7,29.4,3.1,30.6,96.557884057,92.300796265,14.3,49.2,41.6,
"Mauer, Joe",408045,2018,35,543,15.8,9.4,0.282,0.379,0.351,0.730,0.330,0.295,0.448,0.319,0.354,0.365,0.153,0.390,0.359,-0.069,-0.035,,,91.1,36.9,5,7.2,31.4,12.4,39.1,1.7,44.3,99.892945918,94.507836292,15.1,35.3,52.2,
"Choo, Shin-Soo",425783,2018,35,665,23.5,13.8,0.264,0.434,0.377,0.811,0.330,0.250,0.464,0.355,0.362,0.365,0.214,0.420,0.345,-0.030,-0.007,,,89.3,35.9,11.1,6.9,25.1,15.2,38.1,3.2,40.5,99.924696535,94.11825245,27,40.9,51.1,-4
"Molina, Yadier",425877,2018,35,503,13.1,5.8,0.261,0.436,0.314,0.750,0.264,0.266,0.432,0.323,0.329,0.321,0.166,0.348,0.309,0.004,-0.006,,,88.2,37.6,5.5,7,26.8,27.8,28.8,4,33.8,97.338858241,92.806835201,17.2,52.7,40.4,
"Encarnación, Edwin",429665,2018,35,578,22.8,10.9,0.246,0.474,0.336,0.810,0.265,0.245,0.479,0.346,0.356,0.341,0.234,0.421,0.336,-0.005,-0.010,,,89.9,34.1,11.2,8,21.9,26.7,26.9,2.9,41.4,100.766551311,94.616548279,26.3,44.6,37.3,
"Jones, Adam",430945,2018,32,613,15.2,3.9,0.281,0.419,0.313,0.732,0.311,0.269,0.411,0.315,0.311,0.303,0.142,0.349,0.319,0.008,0.004,,,88.3,35.6,4.9,5.3,27.5,27.3,32,2,33.1,98.02876214,93.087198701,23.8,55.1,43.6,-14
"Kinsler, Ian",435079,2018,36,534,12,7.5,0.240,0.380,0.301,0.681,0.250,0.248,0.368,0.298,0.301,0.310,0.119,0.305,0.285,0.012,-0.003,,,85.3,36.6,3.1,3.8,24.2,34.3,29.8,4.7,26.2,95.239510751,91.635867224,12.2,45.5,36.9,
"Desmond, Ian",435622,2018,32,619,23.6,8.6,0.236,0.422,0.307,0.729,0.279,0.228,0.384,0.315,0.303,0.301,0.156,0.354,0.307,0.038,0.012,,,90.1,28.5,7,5.3,20,13,52.4,1.9,43.2,100.744285942,94.630591501,29.1,48.3,61.6,0
"Cruz Jr., Nelson",443558,2018,37,591,20.6,9.3,0.256,0.509,0.342,0.851,0.264,0.281,0.565,0.361,0.396,0.365,0.284,0.469,0.367,-0.056,-0.035,,,93.9,31.3,13.8,7,23.5,22.8,31.3,1.8,51.7,105.6614156,97.439653125,30.6,46.5,44.8,
"Peralta, David",444482,2018,30,614,20.2,7.8,0.293,0.516,0.352,0.868,0.328,0.280,0.478,0.368,0.353,0.341,0.198,0.416,0.360,0.038,0.015,,,91.5,32.9,7.8,8.4,24.7,17.4,39.3,2.5,46.3,102.631180594,95.674140388,23.7,48,51.1,-1
"Escobar, Alcides",444876,2018,31,531,13.9,5.5,0.231,0.313,0.279,0.592,0.263,0.238,0.327,0.261,0.274,0.288,0.089,0.290,0.280,-0.014,-0.013,,,84.6,30.3,2.1,3.5,22.2,27.7,37.4,4.7,21.5,94.38942201,91.220654436,20.5,52.4,48.5,
"Jay, Jon",445055,2018,33,586,16.2,5.6,0.268,0.347,0.330,0.677,0.319,0.251,0.333,0.301,0.293,0.316,0.082,0.310,0.305,0.014,0.008,,,85.1,31.8,1.8,3,30.9,14.3,44.8,3.4,21.4,94.550730605,91.290685023,19.9,49.1,60.7,-4
"Longoria, Evan",446334,2018,32,512,19.7,4.3,0.244,0.412,0.281,0.693,0.274,0.249,0.428,0.295,0.310,0.289,0.178,0.367,0.315,-0.016,-0.015,,,88.5,32.6,7.6,6,24.5,27.3,32.6,2.1,37.2,98.455586354,93.303418724,20.6,48.6,42.7,
"Davis, Chris",448801,2018,32,522,36.8,7.9,0.168,0.296,0.243,0.539,0.237,0.188,0.354,0.239,0.272,0.263,0.166,0.389,0.318,-0.058,-0.033,,,89.3,35.5,10.3,7.8,19.9,27.7,31.6,2.1,40.1,99.809059357,94.0388635,34.5,45.1,40.8,
"Zobrist, Ben",450314,2018,37,520,11.5,10.6,0.305,0.440,0.378,0.818,0.331,0.275,0.390,0.355,0.333,0.354,0.115,0.333,0.315,0.050,0.022,,,89.9,35,3,5.7,28.5,22.1,38.7,1,38.7,98.1077867,93.360354185,14.2,41.1,49.6,1
"Cabrera, Asdrúbal",452678,2018,32,592,20.1,6.9,0.262,0.458,0.316,0.774,0.296,0.251,0.433,0.332,0.321,0.307,0.182,0.373,0.320,0.025,0.011,,,90.1,33.3,7.2,8.6,25.9,26.3,29.4,2.3,39.6,98.671527887,93.577552518,22.6,49.1,43.4,
"Blackmon, Charlie",453568,2018,31,696,19.3,8.5,0.291,0.502,0.358,0.860,0.329,0.276,0.445,0.368,0.346,0.346,0.169,0.394,0.351,0.057,0.022,,,87.5,34.9,6.5,4.8,28.1,22.8,32.3,4.8,35.2,98.508488049,93.303951996,20.3,47.7,44.2,-10
"Markakis, Nick",455976,2018,34,705,11.3,10.2,0.297,0.440,0.366,0.806,0.318,0.293,0.425,0.345,0.345,0.366,0.132,0.355,0.335,0.015,0.000,,,90.6,38.4,3.1,6,32.4,23.2,33.9,1.1,41.6,99.103546255,93.900090291,11.4,40.4,44,2
"Núñez, Eduardo",456488,2018,31,502,13.7,3.2,0.265,0.388,0.289,0.677,0.290,0.258,0.349,0.292,0.280,0.286,0.092,0.309,0.303,0.039,0.012,,,88.3,27.2,3.4,2.4,25.5,23.6,41.9,2.7,35.7,98.951093671,93.495721304,15.7,53.8,49.4,
"Cain, Lorenzo",456715,2018,32,620,15.2,11.5,0.308,0.417,0.395,0.812,0.357,0.282,0.389,0.359,0.342,0.373,0.107,0.353,0.340,0.028,0.017,,,89.1,30.9,3.4,4,28,17.9,43.4,3.4,40.5,100.234808348,94.292649284,17.8,42.3,54.6,19
"McCutchen, Andrew",457705,2018,31,682,21.3,13.9,0.255,0.424,0.368,0.792,0.304,0.256,0.440,0.347,0.357,0.370,0.184,0.396,0.340,-0.016,-0.010,,,90,36.2,8.4,7.7,24.8,24.6,32.3,2.1,41.9,99.79801907,94.152564884,22.5,39.8,42.2,-10
"Upton, Justin",457708,2018,30,613,28.7,10.4,0.257,0.463,0.344,0.807,0.321,0.250,0.466,0.348,0.354,0.342,0.216,0.458,0.374,-0.003,-0.006,,,90.7,34.7,14,6.6,24.8,19.6,30.9,3.9,47.4,102.528237857,95.640779669,31.5,42.6,42.4,-7
"Votto, Joey",458015,2018,34,623,16.2,17.3,0.284,0.419,0.417,0.836,0.333,0.285,0.472,0.370,0.391,0.420,0.187,0.406,0.357,-0.053,-0.021,,,88.1,45.9,6.7,10.6,32.3,21.2,25.7,3.2,35.1,97.532085714,92.877803679,17.9,39.7,38,
"Gardner, Brett",458731,2018,34,609,17.6,10.7,0.236,0.368,0.322,0.690,0.272,0.226,0.334,0.305,0.293,0.315,0.108,0.301,0.281,0.034,0.012,,,88,30.6,2.8,5.1,21.3,26.6,39.4,3.9,32.9,97.371252958,92.777033318,13.7,36.3,49.8,2
"Gordon, Alex",460086,2018,34,568,21.8,8.8,0.245,0.370,0.324,0.694,0.299,0.253,0.423,0.305,0.329,0.331,0.171,0.382,0.333,-0.053,-0.024,,,88.5,36.5,6.8,6.5,27.1,21.6,33.9,3.9,39.7,99.24484599,93.730821802,23.9,46.5,44.3,1
"Kemp, Matt",461314,2018,33,506,22.7,7.1,0.290,0.481,0.338,0.819,0.339,0.273,0.522,0.348,0.359,0.326,0.248,0.446,0.363,-0.041,-0.011,,,89.6,42.1,11,5.9,25.7,26.6,24.6,2.8,39.1,100.160493488,94.303897872,29.4,50.7,36.4,-5
"Santana, Carlos",467793,2018,32,679,13.7,16.2,0.229,0.414,0.352,0.766,0.231,0.244,0.417,0.333,0.346,0.367,0.173,0.338,0.291,-0.003,-0.013,,,88.9,30.1,6.9,6.7,18.7,30.7,33.3,2.7,39.1,100.036000042,94.116971911,19.4,41.4,41.5,
"González, Carlos",471865,2018,32,504,22.4,7.3,0.276,0.467,0.329,0.796,0.332,0.245,0.386,0.338,0.300,0.301,0.141,0.358,0.323,0.081,0.038,,,89.7,30,6.2,6.5,21,24.4,37.4,4.5,39.1,102.137361648,95.184971852,29.4,50.3,49.3,1
"Alonso, Yonder",475174,2018,31,574,21.4,8.9,0.250,0.421,0.317,0.738,0.283,0.253,0.441,0.319,0.331,0.322,0.188,0.388,0.331,-0.020,-0.012,,,87.8,36.9,9.8,5,26.6,25.9,27.1,3.3,37.5,99.193885206,93.63834634,25.4,50.4,39.9,
"Smoak, Justin",475253,2018,31,594,26.3,14,0.242,0.457,0.350,0.807,0.297,0.224,0.434,0.349,0.337,0.336,0.211,0.402,0.322,0.023,0.012,,,89.5,36.9,10.8,7.7,21.3,27.3,31,1.7,42.5,100.299994716,94.321346524,25.3,40.3,40.6,
"Lowrie, Jed",476704,2018,34,680,18.8,11.5,0.267,0.448,0.353,0.801,0.304,0.246,0.408,0.347,0.327,0.335,0.162,0.354,0.312,0.040,0.020,,,89.2,38,5.3,9.6,25.1,32.7,25.5,1.7,37.9,98.082412906,93.245694957,20.4,45.9,35,
"Brantley Jr., Michael",488726,2018,31,630,9.5,7.6,0.309,0.468,0.364,0.832,0.319,0.306,0.452,0.359,0.357,0.365,0.147,0.364,0.341,0.016,0.002,,,90.2,38.3,3.5,6,30.8,21.3,35.2,1,38.4,98.880704167,93.709531213,11,44.2,46.2,-3
"Gurriel Jr., Yuli",493329,2018,34,573,11,4,0.291,0.428,0.323,0.751,0.306,0.258,0.360,0.323,0.290,0.296,0.102,0.304,0.292,0.068,0.033,,,89.3,32.6,1.9,5.2,24.1,29.3,38.3,1.2,36.6,98.250145353,93.267952557,15.7,50.3,44.9,
"Solarte, Yangervis",500208,2018,30,506,14.2,6.1,0.226,0.378,0.277,0.655,0.233,0.251,0.387,0.284,0.301,0.300,0.137,0.323,0.295,-0.009,-0.017,,,87.1,30,4.5,4.8,26,27,34.3,3.5,32,97.4511858,92.742862155,17.5,54.3,43.8,
"Rojas, Miguel",500743,2018,29,528,13.1,4.5,0.252,0.346,0.297,0.643,0.271,0.260,0.346,0.281,0.289,0.305,0.086,0.306,0.301,0.000,-0.008,,,84.7,35.2,0.9,3.1,29.8,23.7,38.3,3.5,23.8,94.810442,91.494047976,15.5,49,47.7,
"Escobar, Eduardo",500871,2018,29,631,20,8.2,0.272,0.489,0.334,0.823,0.308,0.247,0.430,0.346,0.323,0.316,0.183,0.374,0.317,0.059,0.023,,,86.5,38.6,8.3,6.7,23,32.8,25,2.7,27.6,96.604661719,92.302469842,23.9,53,33.3,
"Martínez, José A.",500874,2018,29,590,17.6,8.3,0.305,0.457,0.364,0.821,0.351,0.301,0.512,0.356,0.378,0.362,0.211,0.432,0.374,-0.055,-0.022,,,91,37.5,9.4,7.6,26.2,17.2,37.7,1.6,44.6,101.608807696,95.105993672,21.4,43.6,46.9,-6
"Davis, Khris",501981,2018,30,654,26.8,9,0.247,0.549,0.326,0.875,0.261,0.247,0.566,0.365,0.376,0.329,0.318,0.486,0.353,-0.017,-0.011,,,92.5,37.7,17.2,7.6,18.1,30.1,24.8,1.2,48.1,102.732917228,95.842457104,33.7,49.3,35.5,-3
"Pham, Tommy",502054,2018,30,570,24.6,11.8,0.275,0.464,0.367,0.831,0.342,0.283,0.498,0.359,0.376,0.373,0.215,0.461,0.391,-0.034,-0.017,,,93,38.7,10.1,8.1,27.7,16,35.3,2.8,49.9,102.781071517,96.114537978,25.4,39.8,48.2,0
"Martinez, J.D.",502110,2018,30,649,22.5,10.6,0.330,0.629,0.402,1.031,0.375,0.307,0.619,0.427,0.418,0.383,0.312,0.520,0.409,0.010,0.009,,,93,40,16,8.8,24.9,15.8,32.6,1.6,52.7,103.681482791,96.582993333,28.2,50.3,44.4,-6
"Goldschmidt, Paul",502671,2018,30,690,25.1,13,0.290,0.533,0.389,0.922,0.359,0.271,0.533,0.390,0.384,0.373,0.262,0.480,0.383,0.000,0.006,,,90.8,37.1,13.6,9.3,22.4,23.6,28.6,2.6,44,101.82062219,95.180345881,26.4,42.4,38.8,
"Gonzalez, Marwin",503556,2018,29,552,22.8,9.6,0.247,0.409,0.324,0.733,0.301,0.243,0.413,0.318,0.321,0.322,0.170,0.379,0.329,-0.004,-0.003,,,89.1,35.7,6.8,8.9,25.4,23.5,29.2,3.5,41.5,99.618396872,93.945171401,24.7,44.4,43.5,2
"Altuve, Jose",514888,2018,28,599,13.2,9.2,0.316,0.451,0.386,0.837,0.352,0.288,0.449,0.363,0.352,0.360,0.162,0.370,0.337,0.002,0.011,,,87.2,34,5.9,5.2,24.8,22,36.2,5,33.8,98.154526533,93.131461867,17.9,47.4,48.1,
"Hernández, César",514917,2018,28,708,21.9,13.4,0.253,0.362,0.356,0.718,0.315,0.242,0.351,0.320,0.315,0.350,0.110,0.346,0.326,0.011,0.005,,,85.7,30.2,4.2,2.9,27.1,23.6,34.6,3.7,28.5,96.430238082,92.227163181,20.3,38.2,49.1,
"Segura, Jean",516416,2018,28,632,10.9,5.1,0.304,0.415,0.341,0.756,0.327,0.273,0.393,0.327,0.310,0.313,0.120,0.326,0.307,0.022,0.017,,,87.7,30,3.6,4.2,24.1,21.3,42.1,3.4,32.3,97.786619923,92.937096615,12.6,49,53.1,
"Castro, Starlin",516770,2018,28,647,19.2,7.4,0.278,0.400,0.329,0.729,0.330,0.257,0.402,0.315,0.311,0.311,0.145,0.357,0.322,-0.002,0.004,,,88.5,32,6.9,4.2,25.7,19.8,40.6,2.5,36.2,99.029341092,93.607510063,22.8,46,51.6,
"Marte, Starling",516782,2018,29,606,18,5.8,0.277,0.460,0.327,0.787,0.312,0.266,0.456,0.337,0.335,0.319,0.190,0.384,0.331,0.004,0.002,,,88.4,31.5,7.5,6.2,22,20.3,36.8,5.1,38.8,99.447829005,93.857964966,24.2,54.5,51.5,8
"Dietrich, Derek",518618,2018,28,551,25.4,5.3,0.265,0.421,0.330,0.751,0.336,0.237,0.382,0.326,0.303,0.306,0.145,0.367,0.329,0.039,0.023,,,87.4,34.1,6.1,5.5,25.8,28,30.2,4.2,37.8,99.045312376,93.544161413,25.5,50.5,42.7,-11
"Freeman, Freddie",518692,2018,28,707,18.7,10.7,0.309,0.505,0.388,0.893,0.358,0.295,0.530,0.378,0.385,0.378,0.234,0.444,0.374,-0.025,-0.007,,,89.1,44.7,9.3,7.9,30.9,22.8,25.6,3.3,39.8,99.091841098,93.722198676,24.3,55.6,37,
"Grandal, Yasmani",518735,2018,29,518,23.9,13.9,0.241,0.466,0.349,0.815,0.278,0.222,0.438,0.352,0.337,0.335,0.216,0.387,0.308,0.028,0.015,,,88.9,32.9,11.6,7.2,20.7,25.7,28.8,4.1,40.4,99.742040255,93.988959204,28,38.5,41.1,
"LeMahieu, DJ",518934,2018,29,581,14.1,6.4,0.276,0.428,0.321,0.749,0.298,0.276,0.419,0.322,0.326,0.324,0.143,0.353,0.324,0.009,-0.004,,,91.3,31.3,5.2,5.7,27.6,19.6,40,0.9,43.2,100.986973904,94.873592632,14,41.9,50.4,
"Moustakas, Mike",519058,2018,29,635,16.2,7.7,0.251,0.459,0.315,0.774,0.259,0.257,0.461,0.329,0.336,0.321,0.204,0.370,0.310,-0.002,-0.007,,,89.5,31.3,8.8,6.5,24.2,32.4,25.2,2.9,39.1,100.225167764,94.281679979,21.9,52.2,35.1,
"Rizzo, Anthony",519203,2018,28,665,12,10.5,0.283,0.470,0.376,0.846,0.287,0.291,0.470,0.359,0.367,0.386,0.179,0.377,0.336,0.000,-0.008,,,90.1,36.2,6.5,7.1,27.7,27.3,28.5,2.4,40.6,100.439451098,94.335677882,17,47.7,38.8,
"Stanton, Giancarlo",519317,2018,28,705,29.9,9.9,0.266,0.509,0.343,0.852,0.333,0.237,0.473,0.360,0.342,0.322,0.236,0.455,0.358,0.036,0.018,,,93.7,30,15.1,7.9,18.8,21.6,32.7,3.4,50.8,106.893910918,98.042255411,34.4,44.9,45.2,2
"Galvis, Freddy",520471,2018,28,656,22.4,6.9,0.248,0.380,0.299,0.679,0.304,0.218,0.341,0.294,0.273,0.276,0.123,0.321,0.290,0.039,0.021,,,88.6,32.3,3.9,6.1,24,29.9,30.5,2.4,28.9,96.514213591,92.377750068,26.4,50.3,42.6,
"Perez, Salvador",521692,2018,28,544,19.9,3.1,0.235,0.439,0.274,0.713,0.245,0.256,0.477,0.304,0.334,0.296,0.221,0.396,0.325,-0.038,-0.030,,,91.3,35.4,10.8,8.6,24.3,28.5,26.3,1,47.5,101.386645369,95.018960271,23.8,57,35.9,
"Inciarte, Ender",542255,2018,27,660,13,7.4,0.265,0.380,0.325,0.705,0.293,0.255,0.343,0.308,0.296,0.318,0.088,0.304,0.299,0.037,0.012,,,84.9,32.8,1.5,3.5,27.4,26.6,35.1,4,18.7,93.757705476,90.921322698,14.9,50.3,46.8,19
"Ozuna, Marcell",542303,2018,27,628,17.5,6.1,0.280,0.433,0.325,0.758,0.309,0.280,0.492,0.327,0.354,0.328,0.212,0.408,0.345,-0.059,-0.027,,,91.5,30.3,9.7,6.9,23.7,22.5,34.5,2.5,45.1,102.886295042,95.740956463,24.3,48.5,47.7,-1
"Villar, Jonathan",542340,2018,27,515,26.8,8,0.260,0.384,0.325,0.709,0.339,0.223,0.351,0.312,0.288,0.293,0.128,0.352,0.317,0.033,0.024,,,88.5,27.2,5.1,4.8,22.4,14.8,46.5,5.1,36,98.982895563,93.56982325,29.5,48.9,57.4,
"Aguilar, Jesús",542583,2018,28,566,25.3,10.2,0.274,0.539,0.352,0.891,0.309,0.253,0.489,0.374,0.356,0.338,0.235,0.440,0.355,0.050,0.018,,,89.8,38.2,11.4,7.2,26.5,26.5,24.2,4.2,42.9,100.514656,94.533110864,28.7,45.5,35.7,
"Crawford, Brandon",543063,2018,31,594,20.5,8.4,0.254,0.394,0.325,0.719,0.302,0.251,0.376,0.306,0.305,0.326,0.125,0.353,0.327,0.018,0.001,,,87.5,37.2,3.6,6.3,30.2,22.5,34.8,2.2,33.3,97.383235194,92.718286578,29.2,52.1,44.4,
"Cron, C.J.",543068,2018,28,560,25.9,6.6,0.253,0.493,0.323,0.816,0.293,0.247,0.483,0.347,0.345,0.319,0.236,0.433,0.345,0.010,0.002,,,88,34.3,12.2,6.1,23.3,23.8,27.1,7.5,36.6,100.817058453,94.484469806,29.1,50.8,41.6,
"Hicks, Aaron",543305,2018,28,581,19.1,15.5,0.248,0.467,0.366,0.833,0.264,0.262,0.465,0.360,0.372,0.382,0.204,0.404,0.341,0.002,-0.012,,,89.7,34.2,8.8,7.2,22.5,25.7,32.4,2.1,43,99.91669773,94.148582324,23.1,40,41.4,-4
"Hosmer, Eric",543333,2018,28,677,21,9.2,0.253,0.398,0.322,0.720,0.302,0.239,0.374,0.309,0.302,0.312,0.135,0.350,0.314,0.024,0.007,,,88.7,26.3,5.9,4,22.2,12.9,48.7,4.2,38.2,100.755741595,94.460155032,27.7,48.5,61,
"Kipnis, Jason",543401,2018,31,601,18.6,10,0.230,0.389,0.315,0.704,0.258,0.237,0.394,0.308,0.318,0.324,0.157,0.345,0.302,-0.005,-0.010,,,86.9,34.4,6.6,5,25.1,32.5,24.2,3.6,31.6,96.725167833,92.385166305,20.8,43,34.8,0
"Rendon, Anthony",543685,2018,28,597,13.7,9.2,0.308,0.535,0.374,0.909,0.323,0.302,0.538,0.383,0.384,0.369,0.237,0.417,0.352,-0.003,-0.001,,,90.7,39.8,10.3,8.1,26.4,28.8,24.4,1.8,44.8,100.518330132,94.575829692,13.9,47.7,32.7,
"Semien, Marcus",543760,2018,27,703,18.6,8.7,0.255,0.388,0.318,0.706,0.296,0.245,0.380,0.307,0.305,0.311,0.135,0.337,0.307,0.008,0.002,,,86.8,34.9,4.5,6.7,25.3,31.2,27.6,3.5,32.1,96.985600317,92.497777778,20.3,43.8,39.8,
"Shaw, Travis",543768,2018,28,587,18.4,13.3,0.241,0.480,0.345,0.825,0.242,0.242,0.460,0.351,0.350,0.348,0.218,0.379,0.308,0.020,0.001,,,88.9,31.2,10.3,6,21.2,31,27.5,4,38.3,100.143580711,94.174454707,20.3,44.8,38.3,
"Springer III, George",543807,2018,28,617,19.8,10.4,0.265,0.434,0.346,0.780,0.303,0.253,0.459,0.340,0.346,0.336,0.206,0.389,0.325,-0.025,-0.006,,,88.6,30.1,8.9,6.6,19.8,21.6,41.4,1.6,37.4,100.053591643,94.091163859,24.6,44.3,50.1,0
"Strange-Gordon, Dee",543829,2018,30,588,13.6,1.5,0.268,0.349,0.288,0.637,0.304,0.265,0.325,0.277,0.272,0.287,0.060,0.302,0.309,0.024,0.005,,,83.2,30.2,0.2,1.6,25.7,18.8,43.5,4.5,12.5,92.172521004,90.196982686,15.6,55.1,58.4,-3
"Gregorius, Didi",544369,2018,28,569,12.1,8.4,0.268,0.494,0.335,0.829,0.259,0.257,0.398,0.350,0.318,0.327,0.140,0.323,0.294,0.096,0.032,,,87,32.8,4.7,5.6,24.3,31,29.9,4,30.8,97.146679227,92.592951727,19.5,51.7,40,
"Trout, Mike",545361,2018,26,608,20.4,20.1,0.312,0.628,0.460,1.088,0.346,0.294,0.602,0.447,0.434,0.446,0.308,0.509,0.396,0.026,0.013,,,91.2,41,16.5,8.3,22.5,27.6,19.7,5.4,46.2,103.530154261,96.114603105,18.6,37.6,31.3,5
"Herrera, Odúbel",546318,2018,26,597,20.4,6.4,0.255,0.420,0.310,0.730,0.290,0.231,0.357,0.315,0.285,0.289,0.126,0.327,0.297,0.063,0.030,,,86.7,28.8,4.9,5.8,20.9,26.3,36,4.2,31.9,98.41611554,93.233040518,27.6,52.4,45.3,-1
"Harper, Bryce",547180,2018,25,695,24.3,18.7,0.249,0.496,0.393,0.889,0.289,0.263,0.519,0.376,0.391,0.406,0.256,0.469,0.374,-0.023,-0.015,,,91,35.1,11.5,8.7,23.3,24.1,29.5,2.3,45.4,102.062017113,95.359408191,31.4,45.7,41,-14
"Abreu, José",547989,2018,31,553,19.7,6.7,0.265,0.473,0.325,0.798,0.294,0.277,0.493,0.337,0.356,0.341,0.216,0.419,0.354,-0.020,-0.019,,,91.3,35.4,9.1,7.6,27.8,21.5,32.3,1.8,45.2,102.778714091,95.630259116,24.6,49,44.2,
"Suárez, Eugenio",553993,2018,26,606,23.4,10.6,0.283,0.526,0.366,0.892,0.322,0.275,0.515,0.376,0.373,0.362,0.240,0.455,0.374,0.011,0.003,,,91.2,38.6,9.7,8.4,26.9,24.3,28.6,1.8,45.6,101.179570462,94.983993462,25.7,44.7,39.4,
"Polanco, Gregory",570256,2018,26,534,21.9,11.4,0.254,0.499,0.340,0.839,0.287,0.244,0.445,0.353,0.339,0.335,0.201,0.392,0.326,0.054,0.014,,,88.9,33.6,9.4,7.1,21.1,32.8,27.1,2,37.8,99.828552069,93.989606945,24,45.3,34.2,-3
"Sánchez, Yolmer",570560,2018,26,662,20.8,7.4,0.242,0.372,0.306,0.678,0.300,0.235,0.344,0.297,0.289,0.301,0.109,0.326,0.305,0.028,0.008,,,86.7,35.1,3,4.5,26.3,21.6,40.3,2.4,28.3,96.258067895,92.139175077,21.5,47.9,51.2,
"Arenado, Nolan",571448,2018,27,673,18.1,10.8,0.297,0.561,0.374,0.935,0.314,0.267,0.477,0.391,0.353,0.350,0.210,0.397,0.336,0.084,0.038,,,89.8,35.6,7.2,8.4,25.1,26.7,30.9,1.5,40.5,99.562138945,94.062325687,24.6,49.8,40.4,
"Barnhart, Tucker",571466,2018,27,522,18.4,10.3,0.248,0.372,0.328,0.700,0.291,0.239,0.351,0.307,0.301,0.321,0.112,0.322,0.301,0.021,0.006,,,87.1,35.7,3.5,4.9,28.4,23.2,35.1,4.6,30.3,96.579929171,92.342225651,20.2,45.7,47.3,
"Gennett, Scooter",571697,2018,28,638,19.6,6.6,0.310,0.490,0.357,0.847,0.358,0.257,0.403,0.362,0.311,0.311,0.146,0.360,0.326,0.087,0.051,,,87.3,37.5,5.8,4.7,28.1,26.6,30.2,3.4,32.3,97.179696753,92.670910889,20.2,53.6,41.5,
"Hamilton, Billy",571740,2018,27,556,23.7,8.3,0.236,0.327,0.299,0.626,0.309,0.222,0.266,0.277,0.256,0.290,0.044,0.293,0.304,0.061,0.021,,,80.5,36.6,0.5,0.8,27.6,30.8,32.6,4.8,8.5,89.217314033,89.436125276,23.9,48.6,40.1,16
"Haniger, Mitch",571745,2018,27,683,21.7,10.2,0.285,0.493,0.366,0.859,0.336,0.273,0.493,0.367,0.366,0.358,0.220,0.431,0.362,0.000,0.001,,,90.2,36.5,10.3,5.5,25.3,24.4,31.4,2.9,43.2,100.909986608,94.71924207,23.3,41.8,43.3,-3
"Piscotty, Stephen",572039,2018,27,605,18.8,6.9,0.267,0.491,0.331,0.822,0.290,0.268,0.492,0.351,0.356,0.332,0.224,0.407,0.337,-0.001,-0.005,,,88.5,34.3,9.6,7.1,20.6,23.6,35.7,2.7,38.7,99.557644654,93.875006475,25.5,53.3,45.3,-2
"Seager, Kyle",572122,2018,30,630,21.9,6,0.221,0.400,0.273,0.673,0.251,0.246,0.411,0.288,0.305,0.297,0.164,0.365,0.321,-0.011,-0.017,,,89.8,37,5.6,8.2,27.8,33,23.6,1.6,39.6,98.826304866,93.604766094,22.3,47.2,34.7,
"Carpenter, Matt",572761,2018,32,676,23.4,15.1,0.257,0.523,0.374,0.897,0.291,0.265,0.540,0.375,0.389,0.383,0.275,0.473,0.368,-0.017,-0.014,,,90.7,44.1,13.7,11.5,24.9,30,15.6,3.2,44.7,100.1082214,94.5737371,24.2,37.5,28.3,
"Dickerson, Corey",572816,2018,29,533,15,3.9,0.300,0.474,0.330,0.804,0.333,0.283,0.450,0.341,0.330,0.317,0.167,0.374,0.336,0.024,0.011,,,87.9,37.6,6.1,5.6,29.2,27.3,28,2.6,32.4,97.786101745,92.916270165,22.1,59.4,38.3,8
"Dozier, Brian",572821,2018,31,632,20.4,11.1,0.215,0.391,0.305,0.696,0.240,0.204,0.343,0.304,0.288,0.299,0.138,0.306,0.267,0.048,0.016,,,86.8,30.5,6.3,6.5,20.7,31.7,28.4,3.3,29.4,96.03410601,92.028184038,22.6,39.8,40.8,
"Contreras, Willson",575929,2018,26,544,22.2,9.7,0.249,0.390,0.339,0.729,0.313,0.218,0.361,0.321,0.303,0.314,0.144,0.336,0.293,0.029,0.018,,,88.2,28.9,7.3,5.3,16.8,23.2,41.2,3.9,33.3,99.890442931,93.949346351,28.1,49.7,53.5,
"Castellanos, Nick",592206,2018,26,678,22.3,7.2,0.298,0.500,0.354,0.854,0.361,0.296,0.525,0.363,0.374,0.353,0.229,0.460,0.390,-0.025,-0.011,,,89.6,45.3,11.2,7.8,29.9,23.9,23.9,3.2,40.7,99.334787542,93.887539089,30.2,55.1,36.7,-23
"Healy, Ryon",592387,2018,26,524,21.6,5.2,0.235,0.412,0.277,0.689,0.257,0.258,0.442,0.296,0.322,0.300,0.184,0.389,0.335,-0.030,-0.026,,,89.6,32.2,7.1,6.5,26.7,23.6,34.3,1.6,41.6,100.362215526,94.321891316,25.4,47.5,45.8,
"Machado, Manny",592518,2018,25,709,14.7,9.9,0.297,0.538,0.367,0.905,0.304,0.284,0.512,0.377,0.369,0.357,0.229,0.408,0.340,0.026,0.008,,,91.6,33.8,11.3,7.7,21.6,27.8,29.8,1.9,48.2,102.92654779,95.846052083,22.2,48.9,40,
"Realmuto, J.T.",592663,2018,27,529,19.7,7.2,0.277,0.484,0.340,0.824,0.312,0.271,0.472,0.353,0.351,0.337,0.201,0.404,0.346,0.012,0.002,,,88.9,39.8,9,5.6,25.2,24.9,31.6,3.4,41.2,99.592811111,93.991368276,22.5,47.1,39.8,
"Rosario, Eddie",592696,2018,26,592,17.6,5.1,0.288,0.479,0.323,0.802,0.316,0.242,0.424,0.340,0.302,0.281,0.183,0.350,0.298,0.055,0.038,,,87.7,32.5,8.3,5.9,21.8,31.4,26.4,3.1,34.2,97.544744865,92.844520405,23.4,58,37.8,-1
"Simmons, Andrelton",592743,2018,28,600,7.3,5.8,0.292,0.417,0.337,0.754,0.300,0.275,0.388,0.326,0.316,0.325,0.113,0.315,0.300,0.029,0.010,,,88.2,28.3,4.1,4.1,26,22.3,40.3,2.5,36.3,98.349949646,93.226546693,13.7,45.6,51,
"Yelich, Christian",592885,2018,26,651,20.7,10.4,0.326,0.598,0.402,1.000,0.373,0.312,0.564,0.422,0.412,0.393,0.252,0.491,0.409,0.034,0.010,,,92.6,36.7,12.9,7.9,24,10.2,42.2,2.3,50.8,103.601265936,96.465574863,22.9,44.3,52.8,2
"Merrifield, Whit",593160,2018,29,707,16.1,8.6,0.304,0.438,0.367,0.805,0.352,0.281,0.428,0.349,0.343,0.350,0.147,0.375,0.343,0.010,0.006,,,87,40.9,4.6,6.8,30.6,26.2,27.9,2.7,31.2,96.66095251,92.375330251,19,47.9,35.9,-1
"Bogaerts, Xander",593428,2018,25,580,17.6,9.5,0.288,0.522,0.360,0.882,0.317,0.277,0.493,0.373,0.363,0.352,0.215,0.406,0.344,0.029,0.010,,,90.6,32.9,9.8,6.5,22.8,24.9,32.9,2.9,41.8,101.100815529,94.926741831,21.1,43.2,43.4,
"Calhoun, Kole",594777,2018,30,551,24.1,9.6,0.208,0.369,0.283,0.652,0.241,0.248,0.447,0.283,0.332,0.320,0.199,0.402,0.337,-0.078,-0.049,,,90.4,34.3,9.3,8.2,25.5,23.4,31.3,1.6,43.1,99.929027308,94.32071272,28.5,49.2,45.1,1
"Profar, Jurickson",595777,2018,25,594,14.8,9.1,0.254,0.458,0.335,0.793,0.269,0.251,0.394,0.341,0.323,0.333,0.143,0.333,0.300,0.064,0.018,,,87.3,33.6,5,4.3,25,26.6,35.2,3.6,31.8,97.443892545,92.779007182,18.7,48.6,44.5,
"Báez, Javier",595879,2018,25,645,25.9,4.5,0.290,0.554,0.326,0.880,0.347,0.262,0.499,0.366,0.340,0.302,0.236,0.449,0.364,0.055,0.026,,,90.6,33.1,12.6,6.1,21.4,18.2,36.3,3.4,43.3,101.960975256,95.233508395,33.9,57.9,47.1,
"Lindor, Francisco",596019,2018,24,745,14.4,9.4,0.277,0.519,0.352,0.871,0.279,0.289,0.512,0.368,0.375,0.364,0.223,0.407,0.344,0.007,-0.007,,,90.6,34.3,9.3,8.4,21.1,26.3,31.1,2.3,41,100.765468945,94.6836536,17.6,47.1,40,
"Odor, Rougned",596059,2018,24,535,23.7,8,0.253,0.424,0.326,0.750,0.305,0.241,0.411,0.325,0.318,0.318,0.171,0.380,0.328,0.013,0.007,,,90.7,30.5,7.1,7.3,22,26.3,30.5,2.5,38.7,100.916553114,94.677154835,23.1,48.5,44.9,
"Story, Trevor",596115,2018,25,656,25.6,7.2,0.291,0.567,0.348,0.915,0.345,0.266,0.513,0.384,0.358,0.326,0.247,0.458,0.369,0.054,0.026,,,91,38.2,12.7,7.6,23.5,28.8,24.4,2.3,46.2,102.395632222,95.482000348,24.9,50.3,35.5,
"Kepler, Max",596146,2018,25,611,15.7,11.6,0.224,0.408,0.319,0.727,0.236,0.233,0.404,0.316,0.324,0.330,0.171,0.333,0.285,0.004,-0.008,,,89.5,30.1,6.6,7.5,18,33.7,29.6,3,38.2,99.909473889,94.078713565,17.8,42.7,37.8,9
"Bradley Jr., Jackie",598265,2018,28,535,25.6,8.6,0.234,0.403,0.314,0.717,0.299,0.257,0.459,0.310,0.343,0.335,0.202,0.426,0.358,-0.056,-0.033,,,92.2,35.2,10.3,8.2,24.6,22.3,32.8,1.5,50.1,101.981686,95.654560855,30.7,47.3,43.7,13
"Candelario, Jeimer",600869,2018,24,619,25.8,10.7,0.224,0.393,0.317,0.710,0.279,0.206,0.350,0.311,0.292,0.302,0.144,0.337,0.291,0.043,0.019,,,87.1,32,6,4.2,22.4,30.5,32.6,4.4,33.6,98.291855781,93.146780938,25.6,42.6,42.2,
"Ahmed, Nick",605113,2018,28,564,19.3,7.1,0.234,0.411,0.290,0.701,0.265,0.240,0.373,0.300,0.292,0.295,0.133,0.331,0.302,0.038,0.008,,,86.9,36.3,5.1,5.8,24.9,27.4,31.7,4.4,30,96.624658634,92.358719756,25.3,50.4,41.6,
"Anderson, Brian",605119,2018,25,670,19.3,9.3,0.273,0.400,0.357,0.757,0.332,0.261,0.407,0.333,0.334,0.347,0.147,0.367,0.333,-0.007,-0.001,,,90.2,29.2,5.8,6,27,19.2,39.3,2.4,42.4,100.726437706,94.570017532,24.3,46.3,52.3,-1
"Bell, Josh",605137,2018,25,583,17.8,13.2,0.261,0.411,0.357,0.768,0.305,0.252,0.411,0.336,0.336,0.350,0.159,0.357,0.315,0.000,0.000,,,90.2,29.6,7,6,22.4,23.4,37.6,3,39.3,100.957818392,94.683419372,24.4,43,49.8,
"Betts, Mookie",605141,2018,25,614,14.8,13.2,0.346,0.640,0.438,1.078,0.368,0.309,0.606,0.449,0.431,0.410,0.297,0.472,0.375,0.034,0.018,,,92.2,39.4,14.1,8.1,26.3,27.6,21.4,2.1,50.6,101.383521852,95.486972454,15.5,35.6,34.3,11
"Smith, Mallex",605480,2018,25,544,18,8.6,0.296,0.406,0.367,0.773,0.366,0.255,0.339,0.339,0.302,0.331,0.084,0.323,0.320,0.067,0.037,,,85.8,32.2,1.5,3.6,27.6,19.9,40.9,3.1,23,94.839756471,91.431387433,25.6,49.6,51.2,-1
"Hernández, Teoscar",606192,2018,25,523,31.2,7.8,0.239,0.468,0.302,0.770,0.313,0.235,0.500,0.328,0.342,0.300,0.265,0.470,0.358,-0.032,-0.014,,,91.9,35.1,15.5,8.9,17.7,28.2,26.9,2.8,46.2,102.514606266,95.623418576,38.5,49.5,38,-8
"Peraza, José",606299,2018,24,683,11,4.2,0.288,0.416,0.326,0.742,0.307,0.273,0.383,0.319,0.304,0.314,0.110,0.322,0.309,0.033,0.015,,,85.8,38.2,2.5,3.3,24.7,32.8,30.4,3.3,23.6,95.18880011,91.637686636,13.8,49.9,38.9,
"Marte, Ketel",606466,2018,24,580,13.6,9.3,0.260,0.437,0.332,0.769,0.282,0.257,0.394,0.330,0.320,0.330,0.137,0.332,0.303,0.043,0.010,,,88.8,28.8,5,5.4,23.6,20.5,41.4,3.4,36.9,99.695361455,93.90705754,16.2,45.9,52,
"Nimmo, Brandon",607043,2018,25,535,26.2,15,0.263,0.483,0.404,0.887,0.351,0.237,0.392,0.385,0.349,0.382,0.155,0.398,0.350,0.091,0.036,,,89.9,33.4,6.5,7.2,24.6,21.5,37.2,2.7,42.1,100.251318483,94.380795517,26.5,39.4,46.1,5
"Turner, Trea",607208,2018,25,740,17.8,9.3,0.271,0.416,0.344,0.760,0.314,0.273,0.415,0.331,0.335,0.347,0.142,0.371,0.342,0.001,-0.004,,,89.1,29,5.8,4.9,24.2,22.7,37.5,3.4,38.6,99.818035769,94.018835173,20.2,44,49.6,
"Pillar, Kevin",607680,2018,29,542,18.1,3.3,0.252,0.426,0.282,0.708,0.281,0.280,0.432,0.302,0.321,0.310,0.152,0.375,0.343,-0.006,-0.019,,,87.3,39.3,5.7,9,27.4,27.1,25.7,5,36.7,98.807658182,93.42694189,22.4,54,36.7,0
"Ramírez, José",608070,2018,25,698,11.5,15.2,0.270,0.552,0.387,0.939,0.252,0.261,0.470,0.391,0.365,0.382,0.209,0.359,0.301,0.082,0.026,,,89,34.3,8.3,7.9,19.8,32.3,28,1.2,35.1,98.357231341,93.291449939,13.6,38.6,33.9,
"Bregman, Alex",608324,2018,24,705,12.1,13.6,0.286,0.532,0.394,0.926,0.289,0.267,0.464,0.396,0.369,0.380,0.196,0.363,0.312,0.068,0.027,,,89.4,37.9,7.6,8,23.4,29.7,29.1,1.6,39.9,98.834674016,93.548064961,12.9,37.1,35.5,
"Gallo, Joey",608336,2018,24,577,35.9,12.8,0.206,0.498,0.312,0.810,0.249,0.229,0.541,0.343,0.369,0.332,0.312,0.550,0.391,-0.043,-0.026,,,94.3,37.5,22.5,7.8,19.1,30.7,18.4,1.4,49.5,105.865542192,97.404336976,40.8,48.6,30,1
"Mazara, Nomar",608577,2018,23,536,21.6,7.5,0.258,0.436,0.317,0.753,0.298,0.258,0.442,0.324,0.332,0.320,0.184,0.395,0.339,-0.006,-0.008,,,90.5,28.2,8.5,6.4,23.1,17,42.3,2.7,43.4,101.765366011,95.130262527,25.4,46.1,55.1,-8
"Andujar, Miguel",609280,2018,23,606,16,4.1,0.297,0.527,0.328,0.855,0.316,0.270,0.429,0.361,0.317,0.304,0.158,0.360,0.323,0.098,0.044,,,89.2,34.6,6.3,5.6,25.4,25.6,34.8,2.3,36.5,99.385829292,93.793774438,19.7,53.1,44.2,
"Swanson, Dansby",621020,2018,24,533,22.9,8.3,0.238,0.395,0.304,0.699,0.290,0.231,0.363,0.293,0.281,0.298,0.132,0.341,0.309,0.032,0.012,,,88,32.1,4.1,5.2,24.4,28.2,32.9,3.8,34,98.225714101,93.153072781,25.4,50.1,44.1,
"Taylor, Chris",621035,2018,27,604,29.5,9.1,0.254,0.444,0.331,0.775,0.345,0.239,0.406,0.335,0.321,0.321,0.167,0.416,0.361,0.038,0.014,,,88.9,39.5,8.3,7.5,27.6,25.1,26.2,2.2,38.5,99.231367955,93.702039687,31.5,47.6,34.8,2
"Wendle, Joey",621563,2018,28,545,17.6,6.8,0.300,0.435,0.354,0.789,0.353,0.260,0.367,0.338,0.304,0.323,0.107,0.335,0.322,0.068,0.034,,,88.8,31.8,2.7,5.2,29.8,24.6,35,2,35.7,97.93373985,93.0904531,20.6,46.7,47.4,1
"Olson, Matt",621566,2018,24,660,24.7,10.6,0.247,0.453,0.335,0.788,0.292,0.250,0.494,0.340,0.357,0.338,0.244,0.436,0.347,-0.041,-0.017,,,93.3,35.1,12.2,9.1,22.9,29.8,24.1,1.7,52.2,103.477196555,96.467492926,27.5,44.4,36.5,
"Duffy, Matt",622110,2018,27,560,16.6,8.4,0.294,0.366,0.361,0.727,0.353,0.269,0.351,0.323,0.310,0.339,0.082,0.330,0.329,0.015,0.013,,,86.8,33.7,1.2,4.1,30.8,16.7,42.9,4.4,28.1,96.121480485,92.150025572,17.3,46.5,55.7,
"Margot, Manuel",622534,2018,23,519,17,6.2,0.245,0.384,0.292,0.676,0.281,0.251,0.367,0.288,0.293,0.301,0.116,0.328,0.307,0.017,-0.005,,,89.4,34,3.3,8.3,21.2,27.7,35,3.3,37,99.341797113,93.825767442,21,46.6,43.6,11
"Camargo, Johan",622666,2018,24,524,20.6,9.7,0.272,0.457,0.349,0.806,0.315,0.237,0.373,0.346,0.307,0.321,0.136,0.343,0.310,0.084,0.039,,,88,31.2,5,6.4,27,25.1,34.3,1.9,33.7,97.769704389,92.943354123,26.6,49.5,44.8,
"Conforto, Michael",624424,2018,25,638,24.9,13.2,0.243,0.448,0.350,0.798,0.289,0.243,0.428,0.342,0.340,0.351,0.185,0.405,0.343,0.020,0.002,,,88.1,36.6,9.5,7,23.5,22.4,32.7,4.4,37.8,99.317855233,93.722309275,27.7,43.2,44.6,5
"Anderson, Tim",641313,2018,25,606,24.6,5,0.240,0.406,0.281,0.687,0.289,0.221,0.357,0.294,0.272,0.264,0.135,0.336,0.299,0.049,0.022,,,85.8,33.3,4.7,5.4,24.1,24.8,35.9,4,27.9,96.290161381,92.154393786,27.7,54.1,47.5,
"Bellinger, Cody",641355,2018,22,632,23.9,10.9,0.260,0.470,0.343,0.813,0.313,0.237,0.432,0.345,0.327,0.326,0.194,0.392,0.327,0.038,0.018,,,89.8,32,8.6,6.8,20.8,29.1,30.6,2.4,38.9,100.286797015,94.235645224,29.7,45.1,41.3,6
"Mancini III, Trey",641820,2018,26,636,24.1,6.9,0.242,0.416,0.299,0.715,0.285,0.251,0.434,0.308,0.328,0.311,0.184,0.403,0.342,-0.018,-0.020,,,89.9,27.6,11.8,4.8,22.8,14.5,43.3,2.8,42.9,101.237612949,94.749301728,27.7,49.5,55.5,-10
"Rosario, Amed",642708,2018,22,592,20.1,4.9,0.256,0.381,0.295,0.676,0.310,0.254,0.366,0.290,0.289,0.295,0.112,0.342,0.324,0.015,0.001,,,87.8,32.4,3.9,4.1,26.8,21.1,40.6,2,32.3,97.6158547,92.837680624,26,54.3,50.1,
"Benintendi, Andrew",643217,2018,23,661,16,10.7,0.290,0.465,0.366,0.831,0.328,0.282,0.449,0.357,0.353,0.360,0.167,0.381,0.342,0.016,0.004,,,88.6,37.3,6.4,4.1,29.7,26.1,31.3,1.7,33.7,98.01397825,93.080004927,19.2,46,41.9,2
"Albies, Ozzie",645277,2018,21,684,17,5.3,0.261,0.452,0.305,0.757,0.285,0.246,0.398,0.324,0.301,0.291,0.152,0.337,0.300,0.054,0.023,,,86.8,34,4.7,6.6,24.1,30.9,29.2,3.4,29.4,96.721019502,92.378085701,22.1,56.8,39.5,
"Chapman, Matt",656305,2018,25,616,23.7,9.4,0.278,0.508,0.356,0.864,0.338,0.257,0.432,0.369,0.338,0.338,0.175,0.402,0.350,0.076,0.031,,,93.1,30.5,8.9,7.2,25.3,27.3,30.3,0.5,47.8,103.455659303,96.18152783,23.7,41.5,40.7,
"Hoskins, Rhys",656555,2018,25,660,22.7,13.2,0.246,0.496,0.354,0.850,0.272,0.230,0.452,0.363,0.348,0.343,0.222,0.396,0.315,0.044,0.015,,,88.9,35.8,11.4,9.2,19.9,34.6,21.5,2.9,39.2,99.687281602,93.966953625,21.9,39.2,29.8,-17
"Schwarber, Kyle",656941,2018,25,510,27.5,15.3,0.238,0.467,0.356,0.823,0.288,0.245,0.472,0.343,0.350,0.362,0.227,0.450,0.363,-0.005,-0.007,,,90.9,34,12.7,4.8,22,22.7,32.3,4.8,45,102.880206783,95.766867343,30.3,41.7,46,-7
"Moncada, Yoán",660162,2018,23,650,33.4,10.3,0.235,0.400,0.315,0.715,0.344,0.211,0.381,0.311,0.297,0.294,0.170,0.403,0.338,0.019,0.014,,,91,36.4,9.6,8.2,22.5,27.7,30.4,0.5,44.2,100.753027017,94.65083072,31.1,41.2,38.1,
"Pujols, Albert",405395,2019,39,545,12.5,7.9,0.244,0.430,0.305,0.735,0.238,0.251,0.428,0.308,0.319,0.314,0.178,0.331,0.290,0.002,-0.011,,,88.3,26.5,5.8,3.7,23.7,27.6,34.3,3.2,36.6,98.702028255,93.397586981,18.2,44.5,46.2,
"Cabrera, Miguel",408234,2019,36,549,19.7,8.7,0.282,0.398,0.346,0.744,0.336,0.271,0.436,0.318,0.331,0.338,0.165,0.379,0.345,-0.038,-0.013,,,90.3,38.5,6.4,7.2,30.5,21.5,33.1,1.3,44.4,100.398112564,94.438305641,24.4,49.6,44.9,
"Choo, Shin-Soo",425783,2019,36,660,25,11.8,0.265,0.455,0.371,0.826,0.333,0.263,0.474,0.353,0.362,0.370,0.211,0.434,0.372,-0.019,-0.009,,,91.9,31.8,8.8,9,27.8,16.8,33.1,3.8,49,102.002794264,95.652745761,29.3,42.4,50.6,-13
"Jones, Adam",430945,2019,33,528,19.1,5.9,0.260,0.414,0.313,0.727,0.296,0.257,0.432,0.308,0.319,0.312,0.175,0.366,0.325,-0.018,-0.011,,,86.2,31.3,6.7,5.4,23.8,24.8,33.9,5.2,31,97.264484508,92.647410494,26.7,54.5,43.9,-4
"Cruz Jr., Nelson",443558,2019,38,521,25.1,10.7,0.311,0.639,0.392,1.031,0.351,0.290,0.637,0.417,0.415,0.377,0.347,0.535,0.409,0.002,0.002,,,93.7,38.3,19.9,8.3,20.6,20.2,28.8,2.1,51.5,105.351946319,97.322233957,32.6,46.2,40.5,
"Longoria, Evan",446334,2019,33,508,22,8.5,0.254,0.437,0.325,0.762,0.291,0.269,0.491,0.322,0.351,0.340,0.222,0.416,0.354,-0.054,-0.029,,,89.7,35.8,7.5,8.4,25.1,24.9,32.4,1.7,40.8,99.366085607,93.904958902,25.7,46.8,41,
"Fowler, Dexter",451594,2019,33,574,24.7,12.9,0.238,0.409,0.346,0.755,0.294,0.250,0.421,0.326,0.340,0.357,0.172,0.397,0.351,-0.012,-0.014,,,85.5,40.6,7.4,4.6,28,24,30.6,4,28.7,96.524358779,92.292498076,27.1,42.9,39.4,-6
"Cabrera, Asdrúbal",452678,2019,33,514,20,11.1,0.260,0.441,0.342,0.783,0.294,0.238,0.408,0.331,0.317,0.326,0.170,0.349,0.307,0.033,0.014,,,89.1,37.3,5.7,6.3,26.2,29.3,30.2,2,35.3,97.630785829,92.935685272,20.6,45.5,38.7,
"Blackmon, Charlie",453568,2019,32,634,16.4,6.3,0.314,0.576,0.364,0.940,0.334,0.295,0.525,0.387,0.367,0.348,0.230,0.413,0.357,0.051,0.020,,,88.7,36.8,8.3,7.9,26.4,24.3,29.5,3.5,40.3,99.698822,94.031157328,19.7,49.9,40.3,-10
"Cain, Lorenzo",456715,2019,33,623,17,8,0.260,0.372,0.325,0.697,0.301,0.287,0.414,0.302,0.335,0.352,0.127,0.370,0.354,-0.042,-0.033,,,89.5,31.1,4.1,5.2,27.6,17.2,41.5,2.4,42.1,100.238276903,94.349469379,19.2,44.7,51.1,14
"Turner, Justin",457759,2019,34,549,16,9.3,0.290,0.509,0.372,0.881,0.304,0.286,0.516,0.370,0.377,0.372,0.230,0.410,0.351,-0.007,-0.007,,,90.3,38.6,7.8,9.3,28.8,27.5,23.2,2,43,99.316567333,94.054303103,17.2,45.5,34.8,
"Votto, Joey",458015,2019,35,608,20.2,12.5,0.261,0.411,0.357,0.768,0.313,0.259,0.446,0.332,0.347,0.359,0.186,0.387,0.341,-0.035,-0.015,,,88.9,40.7,6.9,5.7,28.4,28.6,25.9,2,38.2,98.39220904,93.284395747,19.6,41.5,37.8,
"Gardner, Brett",458731,2019,35,550,19.6,9.5,0.251,0.503,0.325,0.828,0.265,0.235,0.367,0.344,0.299,0.313,0.132,0.326,0.301,0.136,0.045,,,87.8,29.5,4.1,6,23.6,29.5,32.4,3.4,32.7,97.488521211,92.787581583,19.9,38.7,45.1,2
"Braun, Ryan",460075,2019,35,508,20.7,6.7,0.285,0.505,0.343,0.848,0.325,0.266,0.470,0.354,0.339,0.328,0.204,0.399,0.345,0.035,0.015,,,91.5,33.3,9.5,5.3,22.1,19,41.2,1.4,45.3,102.052932898,95.456152393,24.9,51.6,49.6,-8
"Gordon, Alex",460086,2019,35,633,15.8,8.1,0.266,0.396,0.345,0.741,0.301,0.255,0.422,0.319,0.330,0.338,0.167,0.348,0.311,-0.026,-0.011,,,88.7,33.7,5.4,5.8,23.1,23.3,36.3,5.2,38.4,98.714198996,93.515087773,21.8,48.1,46.9,-5
"Andrus, Elvis",462101,2019,30,648,14.8,5.2,0.275,0.393,0.313,0.706,0.305,0.271,0.401,0.300,0.311,0.315,0.129,0.342,0.324,-0.008,-0.011,,,88.4,32.5,3.5,4.5,28.4,20.2,40.9,1.6,34.8,98.037067647,93.090040864,19.6,46.4,52.3,
"Ramos, Wilson",467092,2019,31,524,13.2,8.4,0.288,0.416,0.351,0.767,0.310,0.262,0.398,0.327,0.314,0.328,0.136,0.328,0.305,0.018,0.013,,,90,25.8,4.7,3.7,27,12.8,49.1,2.7,42.5,100.551024657,94.552424005,20.5,53.9,63.4,
"Santana, Carlos",467793,2019,33,686,15.7,15.7,0.281,0.515,0.397,0.912,0.293,0.266,0.480,0.380,0.367,0.384,0.214,0.383,0.327,0.035,0.013,,,91.8,29.1,9.6,5.8,23.1,24.8,35.3,0.9,44.9,101.70770382,95.190037742,20.4,39.5,46.3,
"Belt, Brandon",474832,2019,31,616,20.6,13.5,0.234,0.403,0.339,0.742,0.275,0.242,0.457,0.319,0.346,0.349,0.214,0.385,0.320,-0.054,-0.027,,,87.3,41.4,8.7,9.7,22.3,36,18.1,4.7,35.7,97.86413404,92.972052601,22.8,46.3,30,-1
"Brantley Jr., Michael",488726,2019,32,637,10.4,8,0.311,0.503,0.372,0.875,0.320,0.293,0.473,0.367,0.357,0.360,0.180,0.368,0.333,0.030,0.010,,,88.8,36.3,5.5,6.8,27.1,21.4,32.6,3.9,37.3,98.944887791,93.592931345,10.7,43.8,46,-2
"Gurriel Jr., Yuli",493329,2019,35,612,10.6,6,0.298,0.541,0.343,0.884,0.289,0.280,0.415,0.364,0.321,0.329,0.135,0.333,0.315,0.126,0.043,,,89.3,33.5,3.6,4.2,28.9,29.3,30.1,1.8,38.1,99.115304494,93.675495972,14.8,49.7,38.6,
"Rojas, Miguel",500743,2019,30,526,11.8,6.1,0.284,0.379,0.331,0.710,0.314,0.266,0.364,0.305,0.299,0.318,0.098,0.310,0.305,0.015,0.006,,,87.4,31.9,2.6,2.3,28.3,24.6,39.6,2.3,28.8,96.91060967,92.477684269,16.5,47.1,47.8,
"Escobar, Eduardo",500871,2019,30,699,18.6,7.2,0.269,0.511,0.320,0.831,0.283,0.254,0.464,0.341,0.326,0.310,0.209,0.372,0.318,0.047,0.015,,,87.8,38.6,7,7.9,23.4,34.1,25.2,2.3,31.4,96.833323953,92.47242407,24.8,52.6,32.9,
"Davis, Khris",501981,2019,31,533,27.4,8.8,0.220,0.387,0.293,0.680,0.264,0.232,0.435,0.289,0.317,0.306,0.203,0.404,0.337,-0.048,-0.028,,,90.2,31.5,9.8,8,21.7,24.6,31.8,1.8,40.4,100.123268606,94.332532128,34.9,51.8,42.4,
"Pham, Tommy",502054,2019,31,654,18.8,12.4,0.273,0.450,0.369,0.819,0.316,0.270,0.455,0.349,0.354,0.366,0.185,0.390,0.345,-0.005,-0.005,,,90.9,29.7,7.9,4.9,24,16.4,42.7,3.6,45,101.772675315,95.171833612,20.2,38.4,53.5,-10
"Martinez, J.D.",502110,2019,31,657,21,11,0.304,0.557,0.383,0.940,0.342,0.306,0.575,0.386,0.400,0.387,0.269,0.480,0.402,-0.018,-0.014,,,91.4,41.9,12,7.7,30.1,19.9,27.8,2.3,48.3,102.267810181,95.582029229,26.7,49.5,43,-4
"Reddick, Josh",502210,2019,32,550,12,6.5,0.275,0.409,0.319,0.728,0.288,0.275,0.398,0.308,0.316,0.324,0.123,0.334,0.317,0.011,-0.008,,,86.1,36,3.4,4,27.9,29.2,29.7,2.9,29.4,96.674681023,92.339940093,14.8,51.3,40.4,1
"Goldschmidt, Paul",502671,2019,31,682,24.3,11.4,0.260,0.476,0.346,0.822,0.302,0.257,0.509,0.346,0.359,0.345,0.252,0.438,0.356,-0.033,-0.013,,,90.1,36.4,11.3,9,24.2,24.9,26,3.5,42.4,101.099060419,94.813832214,26.3,46.5,38.5,
"Altuve, Jose",514888,2019,29,548,15,7.5,0.298,0.550,0.353,0.903,0.303,0.268,0.484,0.374,0.344,0.328,0.216,0.376,0.321,0.066,0.030,,,87.4,28.2,8.1,4,20.6,21.1,36,6.4,34.5,98.232746332,93.15652902,20.7,47.6,50.7,
"Hernández, César",514917,2019,29,667,15,6.7,0.279,0.408,0.333,0.741,0.313,0.264,0.375,0.315,0.302,0.320,0.111,0.325,0.314,0.033,0.013,,,86,32,2.7,2.7,26,23.8,42.6,1.6,28.3,96.063685391,92.063206289,17.2,46,49.8,
"Segura, Jean",516416,2019,29,618,11.8,4.9,0.280,0.420,0.323,0.743,0.302,0.270,0.401,0.315,0.310,0.314,0.131,0.327,0.308,0.019,0.005,,,88.2,31,3.2,5.9,22.9,19.1,45.4,3.2,32.7,98.140826245,93.158728356,14.6,47.5,52.9,
"Castro, Starlin",516770,2019,29,676,16.4,4.1,0.270,0.436,0.300,0.736,0.293,0.268,0.435,0.307,0.314,0.301,0.167,0.359,0.323,0.001,-0.007,,,88.5,29.6,6.2,4.1,27.3,24.3,33.9,3.9,37.7,99.25870618,93.71512167,19.1,49.2,48.1,
"Marte, Starling",516782,2019,30,586,16,4.3,0.295,0.503,0.342,0.845,0.319,0.297,0.507,0.353,0.362,0.346,0.210,0.409,0.360,-0.004,-0.009,,,88.6,31.3,8,5.5,23.5,18.8,35.7,5.1,38.6,100.167259491,94.183408704,25.1,53.7,52.5,2
"Donaldson, Josh",518626,2019,33,659,23.5,15.2,0.259,0.521,0.379,0.900,0.292,0.262,0.530,0.377,0.385,0.383,0.268,0.453,0.364,-0.009,-0.008,,,92.9,33.3,15.7,5.1,24,23.5,30.3,1.5,50.5,103.481444646,96.329034343,29.9,43.9,41.9,
"Freeman, Freddie",518692,2019,29,692,18.4,12.6,0.295,0.549,0.389,0.938,0.318,0.291,0.565,0.387,0.394,0.386,0.274,0.448,0.369,-0.016,-0.007,,,89.7,40,12.3,7,25.6,22.7,29.7,2.3,42.5,100.291077106,94.346356255,24.3,52.1,38.1,
"Grandal, Yasmani",518735,2019,30,632,22,17.2,0.246,0.468,0.380,0.848,0.279,0.241,0.475,0.361,0.366,0.379,0.234,0.405,0.331,-0.007,-0.005,,,90.7,37.5,11.3,8.7,20.8,25.1,29.8,2.4,41.8,101.083447676,94.798444108,25.5,38.5,40.9,
"Heyward, Jason",518792,2019,29,589,18.7,11.5,0.251,0.429,0.343,0.772,0.281,0.255,0.396,0.328,0.323,0.347,0.141,0.349,0.324,0.033,0.005,,,88.8,31.8,5.7,5.9,25.4,23.6,35.5,2.7,36.5,99.605955423,93.856621272,22.7,45.5,47.3,9
"LeMahieu, DJ",518934,2019,30,655,13.7,7,0.327,0.518,0.375,0.893,0.349,0.317,0.524,0.375,0.378,0.367,0.207,0.414,0.372,-0.006,-0.003,,,91.9,36.2,7.5,7,29.6,15.3,38.9,1.5,48.7,101.290348333,95.241788097,16,45.6,49.7,
"Moustakas, Mike",519058,2019,30,584,16.8,9.1,0.254,0.516,0.329,0.845,0.250,0.260,0.503,0.348,0.350,0.334,0.243,0.388,0.319,0.013,-0.002,,,89.5,32.3,10.3,6.1,21.1,31.1,25.8,4.9,40.8,100.616091659,94.477699005,24.9,49.9,37,
"Rizzo, Anthony",519203,2019,29,613,14,11.6,0.293,0.520,0.405,0.925,0.306,0.297,0.487,0.390,0.388,0.411,0.190,0.397,0.358,0.033,0.002,,,89,36.8,6.8,5.6,30.5,21.4,31.9,3,37,100.200593521,94.167510706,19.7,45.7,43.1,
"Galvis, Freddy",520471,2019,29,589,24.6,4.8,0.260,0.438,0.296,0.734,0.312,0.235,0.384,0.307,0.280,0.273,0.149,0.351,0.318,0.054,0.027,,,88.8,31.8,5.5,5.1,27,29.6,29.6,2.2,36.4,97.641622,92.96163978,28.5,54.4,41,
"García, Avisaíl",541645,2019,28,530,23.6,5.8,0.282,0.464,0.332,0.796,0.340,0.271,0.492,0.334,0.343,0.323,0.221,0.426,0.363,-0.028,-0.009,,,89.5,34.1,11.7,6.8,20.7,20.7,34.9,5.2,40.3,102.26663962,95.27715218,32,56.4,45.8,3
"Ozuna, Marcell",542303,2019,28,549,20.8,11.3,0.241,0.472,0.328,0.800,0.257,0.280,0.528,0.336,0.375,0.364,0.247,0.440,0.368,-0.056,-0.039,,,91.8,32.8,12.1,6.7,25.5,21.8,29.6,2.2,49.2,102.910036923,95.876849368,27.6,44.9,41.9,-7
"Villar, Jonathan",542340,2019,28,714,24.6,8.5,0.274,0.453,0.339,0.792,0.341,0.246,0.412,0.335,0.315,0.315,0.165,0.381,0.338,0.041,0.020,,,88.9,30.3,6.8,5.7,24.8,21,36.7,4,37.1,100.064624522,94.076027283,27.5,49.8,50.8,
"Santana, Danny",542454,2019,28,511,29.5,4.9,0.283,0.534,0.324,0.858,0.353,0.277,0.504,0.352,0.345,0.320,0.226,0.473,0.403,0.030,0.007,,,91.4,37.8,9.5,7.3,28.7,22.3,31.1,1.2,43.6,100.974542805,94.798723537,32.1,55.8,40.9,2
"Crawford, Brandon",543063,2019,32,560,20.9,9.5,0.228,0.350,0.304,0.654,0.274,0.238,0.395,0.281,0.306,0.314,0.157,0.347,0.310,-0.045,-0.025,,,87.8,36.7,5.4,6.5,25.1,19.6,40.8,2.1,35.1,97.781885729,92.971044648,28.3,51.3,49.1,
"Hosmer, Eric",543333,2019,29,667,24.4,6,0.265,0.425,0.310,0.735,0.323,0.249,0.411,0.309,0.304,0.297,0.162,0.377,0.336,0.014,0.005,,,90.8,29.1,7.2,4.8,25.2,14.1,45.8,3,46,102.123969913,95.383913595,28.9,50,56.8,
"Kipnis, Jason",543401,2019,32,511,17.2,7.8,0.245,0.410,0.304,0.714,0.265,0.256,0.419,0.301,0.316,0.318,0.163,0.351,0.317,-0.009,-0.015,,,88.1,33.1,5.5,5.8,23.6,29.1,29.7,3.9,34.4,97.701285761,92.914942527,20.4,46.3,41.2,
"Rendon, Anthony",543685,2019,29,646,13.3,12.4,0.319,0.598,0.412,1.010,0.323,0.310,0.590,0.413,0.414,0.407,0.280,0.440,0.366,0.008,-0.001,,,90.4,38.7,12,6.6,27.4,30.3,21.8,1.9,46.6,100.105818761,94.364729594,12.9,43.1,33.3,
"Semien, Marcus",543760,2019,28,747,13.7,11.6,0.285,0.522,0.369,0.891,0.294,0.272,0.495,0.373,0.363,0.359,0.224,0.378,0.322,0.027,0.010,,,88.9,34,8.5,5.2,23,29.1,29.3,3.1,38.1,98.394543077,93.291025385,18.3,42.2,41,
"Springer III, George",543807,2019,29,556,20.3,12.1,0.292,0.591,0.383,0.974,0.305,0.283,0.578,0.400,0.400,0.379,0.295,0.468,0.373,0.013,0.000,,,89.8,31.6,14.1,5.9,21.1,18.6,31.4,5.4,44.8,102.243162402,95.348781653,26.5,44,44.6,7
"Vázquez, Christian",543877,2019,28,521,19.4,6.3,0.276,0.477,0.320,0.797,0.305,0.247,0.438,0.331,0.310,0.297,0.190,0.362,0.314,0.039,0.021,,,89.4,38.5,5.9,9.3,21.7,26.9,32.6,2.6,40.3,98.607970314,93.531031811,20.5,49.9,39.5,
"Wong, Kolten",543939,2019,28,549,15.1,8.6,0.285,0.423,0.361,0.784,0.321,0.242,0.349,0.334,0.297,0.326,0.108,0.304,0.292,0.074,0.037,,,86.1,28.6,2.2,4.2,25.4,27.1,30.8,5.4,25.4,96.025301799,92.013404021,18.4,48,47,
"Garcia, Leury",544725,2019,28,618,22.5,3.4,0.279,0.378,0.310,0.688,0.353,0.242,0.351,0.294,0.272,0.275,0.109,0.332,0.318,0.027,0.022,,,88.2,30.3,3.8,3.1,25.2,17.7,44.9,3.5,29.9,97.233707717,92.660403959,24.6,54.4,54.9,2
"Grichuk, Randal",545341,2019,27,628,26,5.6,0.232,0.457,0.280,0.737,0.266,0.236,0.428,0.307,0.304,0.285,0.192,0.384,0.328,0.029,0.003,,,89.3,31.3,8.5,7.3,20.7,30.4,31.8,1.2,39.8,100.740131792,94.423631368,28.1,50.2,39.8,6
"Trout, Mike",545361,2019,27,600,20,18.3,0.291,0.645,0.438,1.083,0.298,0.310,0.678,0.436,0.460,0.456,0.368,0.543,0.416,-0.033,-0.024,,,90.9,43.8,18.9,7.1,23.2,29.1,16.9,3.4,44.4,103.466773886,95.970475845,19.2,36.8,25.4,-4
"Harper, Bryce",547180,2019,26,682,26.1,14.5,0.260,0.510,0.372,0.882,0.313,0.273,0.547,0.365,0.387,0.384,0.274,0.488,0.394,-0.037,-0.022,,,91.9,37.6,14.8,7.5,25.3,21.1,27.1,3.3,45.6,103.137354264,96.043547766,33.8,48.7,39.6,-1
"Abreu, José",547989,2019,32,693,21.9,5.2,0.284,0.503,0.330,0.833,0.320,0.279,0.517,0.344,0.358,0.332,0.238,0.438,0.368,-0.014,-0.014,,,92.1,35.2,12.8,6.1,25.2,18.9,35.4,1.6,48.2,103.146324797,95.996655894,25.3,49.5,46.1,
"Suárez, Eugenio",553993,2019,27,662,28.5,10.6,0.271,0.572,0.358,0.930,0.312,0.247,0.500,0.381,0.355,0.341,0.254,0.462,0.370,0.072,0.026,,,89.3,38,13.8,6.1,21.9,27,26,3.1,40.8,100.844864896,94.608867917,28.7,44.4,36,
"Santana, Domingo",570267,2019,26,507,32.3,9.9,0.253,0.441,0.329,0.770,0.347,0.250,0.478,0.326,0.342,0.329,0.228,0.478,0.397,-0.037,-0.016,,,89,40.1,12.1,5.9,29.1,15.9,29.4,4.5,42.1,100.050234643,94.228038964,31.9,46.8,43.3,-13
"Sánchez, Yolmer",570560,2019,27,555,21.1,7.9,0.252,0.321,0.318,0.639,0.324,0.230,0.315,0.281,0.274,0.299,0.084,0.305,0.301,0.006,0.007,,,87.1,32.1,1,5.4,28.3,28.3,32.9,1.8,27,95.805694709,91.918524721,22.8,48.8,45,
"Arenado, Nolan",571448,2019,28,662,14,9.4,0.315,0.583,0.379,0.962,0.312,0.270,0.480,0.392,0.343,0.341,0.210,0.368,0.318,0.103,0.049,,,89.4,34.6,8,6.8,23.5,30.8,30,1,37.6,99.240765317,93.75734495,20.9,51.4,36.8,
"Muncy, Max",571970,2019,28,589,25.3,15.3,0.251,0.515,0.374,0.889,0.283,0.261,0.510,0.372,0.380,0.384,0.249,0.458,0.375,0.005,-0.008,,,89.8,38.9,12,7.9,25.4,23.1,27.2,3.2,43.4,100.624856095,94.560041662,28.9,40.1,38.6,
"Voit III, Luke",572228,2019,28,510,27.8,13.9,0.263,0.464,0.378,0.842,0.345,0.249,0.502,0.360,0.368,0.366,0.253,0.462,0.371,-0.038,-0.008,,,89.9,39.6,13.9,7.3,22.2,23.3,29.5,3.8,42.4,101.044367708,94.803622951,35.1,47.3,40.6,
"Walker, Christian",572233,2019,28,603,25.7,11.1,0.259,0.476,0.348,0.824,0.312,0.262,0.516,0.346,0.364,0.351,0.254,0.456,0.370,-0.040,-0.018,,,91.1,34.1,13.1,6.9,23.5,23.7,30.1,2.7,48.8,102.727625691,95.697243147,28.8,48.7,42.4,
"Iglesias, Jose",578428,2019,29,530,13.2,3.8,0.288,0.407,0.318,0.725,0.315,0.264,0.360,0.306,0.284,0.298,0.096,0.312,0.309,0.047,0.022,,,84.1,29.7,2.3,2.3,24.5,17.2,44.4,5.7,24.2,94.71843919,91.441140476,15.3,55.5,53.3,
"Bryant, Kris",592178,2019,27,634,22.9,11.7,0.282,0.521,0.382,0.903,0.331,0.247,0.463,0.379,0.349,0.353,0.215,0.401,0.337,0.058,0.030,,,87.6,35.8,9.3,6.8,21.8,30.5,28,2.8,34.1,98.53167269,93.281246777,28.4,48.5,36.3,-2
"Castellanos, Nick",592206,2019,27,664,21.5,6.2,0.289,0.525,0.337,0.862,0.337,0.278,0.540,0.357,0.363,0.328,0.262,0.441,0.362,-0.015,-0.006,,,88.9,39.8,10.9,9.3,25.1,23.6,26.5,4,41.5,99.936858686,94.155142055,26.9,54.7,38.9,-7
"Machado, Manny",592518,2019,26,661,19.4,9.8,0.256,0.462,0.334,0.796,0.274,0.261,0.463,0.335,0.343,0.340,0.202,0.387,0.333,-0.001,-0.008,,,91.2,31.2,8,8,22.7,27.1,32.7,1.5,43.7,102.073663723,95.40263803,24.2,46.7,42.2,
"Moran, Colin",592567,2019,26,503,23.3,6,0.277,0.429,0.322,0.751,0.341,0.260,0.437,0.315,0.314,0.308,0.177,0.388,0.346,-0.008,0.001,,,88.2,37.1,7.4,6.5,27.2,22.4,32,3.1,34.8,98.556321897,93.372829654,24.7,53.7,43.9,
"Pederson, Joc",592626,2019,27,514,21.6,9.7,0.249,0.538,0.339,0.877,0.249,0.245,0.474,0.362,0.344,0.336,0.229,0.395,0.325,0.064,0.018,,,91.2,31.4,10.3,5,20.2,29.9,30.5,2.6,43.5,101.926819048,95.251138896,24.1,46.1,42.5,2
"Realmuto, J.T.",592663,2019,28,593,20.7,6.9,0.275,0.493,0.328,0.821,0.309,0.273,0.469,0.340,0.341,0.332,0.196,0.404,0.356,0.024,-0.001,,,90.3,35,8.7,7.6,24.6,26.7,30,2.4,41.1,101.081746462,94.730632317,23.8,50.7,39.7,
"Rosario, Eddie",592696,2019,27,590,14.6,3.7,0.276,0.500,0.300,0.800,0.273,0.260,0.494,0.329,0.327,0.289,0.234,0.371,0.308,0.006,0.002,,,89.2,33.2,8.5,7.1,20.5,30.9,30.3,1.7,36,98.424787531,93.352567757,21.3,59.3,37.8,-15
"Yelich, Christian",592885,2019,27,580,20.3,13.8,0.329,0.671,0.429,1.100,0.355,0.310,0.624,0.442,0.426,0.415,0.314,0.509,0.409,0.047,0.016,,,93.3,33.2,15.8,6.4,23.8,19.8,30.7,2.4,49.1,104.869553459,97.015311892,28.3,45.2,42.8,-4
"Merrifield, Whit",593160,2019,30,735,17.1,6.1,0.302,0.463,0.348,0.811,0.350,0.281,0.434,0.340,0.325,0.330,0.152,0.369,0.344,0.029,0.015,,,87.1,42.4,4.5,5.7,30.2,27.5,28.4,2.9,29.2,96.252648182,92.167329527,20.1,49.3,38.5,1
"Bogaerts, Xander",593428,2019,26,698,17.5,10.9,0.309,0.555,0.384,0.939,0.338,0.274,0.477,0.390,0.356,0.355,0.203,0.393,0.341,0.078,0.034,,,90.7,35.1,8.6,7,23.9,26.1,32.3,1.6,44.5,101.168690363,94.874752258,20.9,41.1,42.4,
"Alberto, Hanser",593643,2019,26,550,9.1,2.9,0.305,0.422,0.329,0.751,0.318,0.279,0.392,0.318,0.300,0.305,0.113,0.316,0.308,0.030,0.018,,,84.4,32.5,2.9,2.7,27.1,24.6,34.2,5.8,18.5,94.197573506,91.107926269,14.5,59.1,48.1,
"Polanco, Jorge",593871,2019,25,704,16.5,8.5,0.295,0.485,0.356,0.841,0.328,0.271,0.464,0.352,0.341,0.338,0.193,0.376,0.332,0.021,0.011,,,88,41.6,6.7,8.2,26.5,31.3,22.9,2.1,33.1,97.46599549,92.78121002,17.5,44.9,31.9,
"Calhoun, Kole",594777,2019,31,632,25.6,11.1,0.232,0.467,0.325,0.792,0.265,0.241,0.471,0.330,0.339,0.335,0.229,0.417,0.342,-0.004,-0.009,,,89.5,35.2,11.2,8.4,23.5,23.7,28.1,3.3,42.6,99.943105052,94.209946136,32.1,48.2,41.3,1
"Eaton, Adam",594809,2019,30,656,16.2,9.9,0.279,0.428,0.365,0.793,0.319,0.256,0.406,0.342,0.328,0.346,0.149,0.342,0.315,0.022,0.014,,,88.9,33.9,3.8,6.6,26.3,28.6,28.4,3.4,34.3,98.729984311,93.47287412,17.8,44.6,42.2,0
"Profar, Jurickson",595777,2019,26,518,14.5,9.3,0.218,0.410,0.301,0.711,0.218,0.250,0.431,0.301,0.328,0.332,0.180,0.341,0.299,-0.021,-0.027,,,86.7,29.7,6.5,4.9,22.7,27.6,31.8,3.9,31.3,97.141906243,92.584582042,20.2,45.2,42.9,
"Báez, Javier",595879,2019,26,561,27.8,5,0.281,0.531,0.316,0.847,0.345,0.260,0.500,0.347,0.332,0.297,0.240,0.447,0.368,0.031,0.015,,,91.1,36.3,12.7,5,22.3,17.5,37.7,3.7,43.6,102.448426524,95.481472949,35.5,55.5,50.4,
"Lindor, Francisco",596019,2019,25,654,15,7,0.284,0.518,0.335,0.853,0.291,0.273,0.464,0.349,0.333,0.328,0.190,0.370,0.326,0.054,0.016,,,91,29.8,7.5,4.7,23.3,26.8,35.3,1.8,41,101.130645418,94.847008982,17.1,51.4,45,
"Odor, Rougned",596059,2019,25,581,30.6,9,0.205,0.439,0.283,0.722,0.244,0.221,0.464,0.302,0.321,0.299,0.243,0.429,0.338,-0.025,-0.019,,,91.1,30.6,13.6,6.4,18.2,28.9,26.9,3.8,45.6,101.734976168,95.31182003,29.2,47.9,38.4,
"Story, Trevor",596115,2019,26,656,26.5,8.8,0.294,0.554,0.363,0.917,0.361,0.260,0.464,0.380,0.341,0.334,0.204,0.428,0.369,0.090,0.039,,,91,36.5,8.6,7.2,28.1,28.8,24.9,2.2,46,101.223764423,95.034883125,26.4,48.1,33.8,
"Vogelbach, Daniel",596129,2019,26,558,26.7,16.5,0.208,0.439,0.341,0.780,0.232,0.224,0.440,0.333,0.345,0.356,0.215,0.407,0.332,-0.001,-0.012,,,88.8,39,10.5,6.3,21.6,32.7,24.4,3.8,38,100.052249618,94.193186358,26.9,34,33.7,
"Kepler, Max",596146,2019,26,596,16.6,10.1,0.252,0.519,0.336,0.855,0.244,0.259,0.458,0.355,0.343,0.343,0.199,0.367,0.318,0.061,0.012,,,89.7,30.5,8.9,7.5,21.7,32.2,27,1.9,42.1,100.805599577,94.514078635,20.2,49.4,35.9,6
"Bradley Jr., Jackie",598265,2019,29,567,27.3,9.9,0.225,0.421,0.317,0.738,0.281,0.228,0.417,0.314,0.318,0.321,0.188,0.390,0.332,0.004,-0.004,,,90.2,30.5,9.6,6.4,22.4,20.6,37.8,2.3,44.8,100.737430117,94.682078123,32.6,48.1,50.9,6
"Núñez, Renato",600524,2019,25,599,23.9,7.3,0.244,0.460,0.311,0.771,0.272,0.252,0.471,0.323,0.335,0.319,0.218,0.406,0.341,-0.011,-0.012,,,89.9,32.1,10.7,5.5,24.4,32.6,23.9,2.7,40.9,101.416437214,94.827385786,27.4,49.5,33.1,
"Ahmed, Nick",605113,2019,29,625,18.1,8.3,0.254,0.437,0.316,0.753,0.280,0.256,0.422,0.315,0.321,0.322,0.166,0.357,0.318,0.015,-0.006,,,87.8,35.7,6.6,5.5,23.5,22.6,37.9,3.5,34,97.728699383,92.939083223,21.3,49.5,48.5,
"Anderson, Brian",605119,2019,26,520,21.9,8.5,0.261,0.468,0.342,0.810,0.305,0.253,0.453,0.342,0.339,0.337,0.200,0.392,0.337,0.015,0.003,,,89.9,31.3,8.9,7.2,25,22.4,33.6,2.9,46,100.764886494,94.722101667,27.4,47.5,45.7,-1
"Bell, Josh",605137,2019,26,613,19.2,12.1,0.277,0.569,0.367,0.936,0.288,0.281,0.557,0.378,0.383,0.373,0.276,0.444,0.360,0.012,-0.005,,,92.4,34.6,12.7,7.7,20.4,23.3,32.5,1.7,47.2,103.082487171,96.001241809,25.3,48.1,44,
"Betts, Mookie",605141,2019,26,706,14.3,13.7,0.295,0.524,0.391,0.915,0.309,0.311,0.577,0.380,0.411,0.408,0.265,0.441,0.373,-0.053,-0.031,,,91,39.4,10.3,8.5,26.9,29.1,22.8,2,47.4,100.567436587,94.76255839,14.5,38.3,31.9,4
"Smith, Mallex",605480,2019,26,566,24.9,7.4,0.227,0.335,0.300,0.635,0.302,0.202,0.285,0.278,0.256,0.279,0.083,0.292,0.281,0.050,0.022,,,85.2,29,2.2,3.5,20.7,23.9,45.7,1.9,20.1,94.189873149,91.140372155,28.2,48.6,51.9,11
"Arcia, Orlando",606115,2019,24,546,20,7.9,0.223,0.350,0.283,0.633,0.253,0.222,0.351,0.269,0.277,0.287,0.129,0.313,0.287,-0.001,-0.008,,,87.9,26.5,4.3,4.6,21.1,22.1,41.7,3.8,31.3,97.613876615,92.86605,24.6,47.7,52.7,
"Marte, Ketel",606466,2019,25,628,13.7,8.4,0.329,0.592,0.389,0.981,0.342,0.300,0.525,0.405,0.375,0.364,0.224,0.406,0.353,0.067,0.030,,,90,34.6,9.3,5.8,25.4,23.7,33.4,2.3,40,101.092484421,94.7158706,17.6,47.8,43.7,-3
"Turner, Trea",607208,2019,26,569,19.9,7.6,0.298,0.497,0.353,0.850,0.348,0.279,0.455,0.356,0.339,0.337,0.176,0.394,0.356,0.042,0.017,,,90.4,29.8,6.8,6.3,26.1,21.2,38,1.5,42,101.230091659,94.839620073,23.4,46.9,47.6,
"Pillar, Kevin",607680,2019,30,645,13.8,2.8,0.259,0.432,0.287,0.719,0.270,0.262,0.411,0.298,0.300,0.293,0.149,0.333,0.306,0.021,-0.002,,,86.4,33.1,4.9,5.7,22.7,27.8,33.5,5.3,30.8,98.016751985,93.018091033,17.8,58.9,45.2,0
"Ramírez, José",608070,2019,26,542,13.7,9.6,0.255,0.479,0.327,0.806,0.256,0.267,0.461,0.334,0.342,0.341,0.193,0.360,0.316,0.018,-0.008,,,89.2,32.6,6.3,7,25.1,36.2,22.9,2.2,35.7,98.625705777,93.428589029,14.6,42.5,33.8,
"Bregman, Alex",608324,2019,25,690,12,17.2,0.296,0.592,0.423,1.015,0.281,0.263,0.453,0.418,0.373,0.402,0.190,0.353,0.310,0.139,0.045,,,89.3,35.5,4.8,9.8,23.6,33.6,24.8,1,38,98.440477393,93.337376731,14.3,35.1,31.7,
"Seager, Corey",608369,2019,25,541,18.1,8.1,0.272,0.483,0.335,0.818,0.303,0.254,0.455,0.340,0.328,0.319,0.201,0.369,0.316,0.028,0.012,,,88.8,35.2,7.3,7.1,22,29.6,31.4,1.3,38.2,98.778797128,93.502181872,25.7,51.1,39,
"Reyes, Franmil",614177,2019,23,548,28.5,8.6,0.249,0.512,0.310,0.822,0.279,0.259,0.535,0.338,0.359,0.323,0.276,0.477,0.377,-0.023,-0.021,,,93.3,33.3,14.8,9,23.2,18.8,32.2,2,51,103.847694162,96.604159768,36.5,51.5,43.8,-2
"Swanson, Dansby",621020,2019,25,545,22.8,9.4,0.251,0.422,0.325,0.747,0.300,0.271,0.477,0.317,0.350,0.345,0.206,0.418,0.362,-0.055,-0.033,,,89.9,36.7,10.1,6,27.1,26.8,27.9,1.9,41.6,99.797419121,94.192917747,27.6,45.9,37.3,
"Newman, Kevin",621028,2019,25,531,11.7,5.3,0.308,0.446,0.353,0.799,0.333,0.273,0.374,0.339,0.303,0.322,0.101,0.317,0.313,0.072,0.036,,,85.3,33.4,2.1,2.8,28.3,22.6,39.2,3.5,24.8,94.991693333,91.524680704,13.9,51,50,
"Olson, Matt",621566,2019,25,547,25.2,9.3,0.267,0.545,0.351,0.896,0.300,0.278,0.578,0.368,0.388,0.362,0.300,0.495,0.392,-0.033,-0.020,,,92.7,36.1,14.5,9,23.4,26.6,20.5,3.8,50.4,103.334092275,96.341713994,28.1,45.4,33.8,
"Alonso, Pete",624413,2019,24,693,26.4,10.4,0.260,0.583,0.358,0.941,0.280,0.257,0.551,0.384,0.380,0.358,0.294,0.482,0.372,0.032,0.004,,,90.7,36.9,15.8,6.7,18.9,23.5,30.2,3.6,42.7,103.52161466,95.867841481,28,46.6,40.8,
"Conforto, Michael",624424,2019,26,648,23,13,0.257,0.494,0.363,0.857,0.290,0.262,0.507,0.358,0.371,0.370,0.245,0.437,0.360,-0.013,-0.013,,,89.2,35.8,11.9,5.2,26.2,28.1,24,3.7,39.2,100.0477863,94.1312909,27.1,45.8,35.3,5
"Frazier, Adam",624428,2019,27,608,12.3,6.6,0.278,0.417,0.336,0.753,0.306,0.275,0.403,0.320,0.318,0.334,0.128,0.333,0.318,0.014,0.002,,,87.1,36.4,1.9,6.4,28.9,26,32.9,1.9,28.3,96.108033475,92.07951087,15.6,48.1,41.9,
"Puig, Yasiel",624577,2019,28,611,21.8,7.2,0.267,0.458,0.327,0.785,0.308,0.256,0.451,0.330,0.328,0.319,0.195,0.388,0.336,0.007,0.002,,,90,30,9.2,5.4,21.8,27.9,30.8,2.1,39.1,100.971591932,94.613191138,28.2,52.6,39.4,3
"Soler, Jorge",624585,2019,27,679,26.2,10.8,0.265,0.569,0.354,0.923,0.294,0.276,0.595,0.378,0.396,0.364,0.319,0.508,0.393,-0.026,-0.018,,,92.6,34.7,16.9,8.2,22.2,22.7,27.5,2.7,50.1,104.405603365,96.703293759,32.5,44.1,39.5,-4
"Meadows, Austin",640457,2019,24,591,22.2,9.1,0.291,0.558,0.364,0.922,0.331,0.282,0.545,0.380,0.375,0.356,0.264,0.454,0.374,0.013,0.005,,,90.4,38.1,12.5,6.8,27.1,25.6,25.3,2.8,42.9,101.27902925,94.853411479,23.5,42.2,35.1,0
"Anderson, Tim",641313,2019,26,518,21,2.9,0.335,0.508,0.357,0.865,0.399,0.283,0.450,0.363,0.321,0.307,0.168,0.393,0.361,0.058,0.042,,,88.3,37.6,5.1,5.9,30.2,17.6,37.9,3.3,37.6,98.353274592,93.322923632,24.5,58.6,48.1,
"Bellinger, Cody",641355,2019,23,661,16.3,14.4,0.305,0.629,0.406,1.035,0.301,0.319,0.635,0.414,0.430,0.421,0.316,0.488,0.396,-0.006,-0.016,,,91.1,39.6,12.7,6.8,27.3,27.5,22.6,2,45.9,101.221347768,94.966274787,23.5,44.6,32.3,6
"Dozier, Hunter",641531,2019,27,586,25.3,9.4,0.279,0.522,0.348,0.870,0.339,0.260,0.468,0.360,0.338,0.331,0.208,0.418,0.358,0.054,0.022,,,91.1,35.8,10,7.4,24.2,31.1,24.7,2.6,42.9,102.015977632,95.204411763,27,44.7,34.5,-2
"Mancini III, Trey",641820,2019,27,679,21.1,9.3,0.291,0.535,0.364,0.899,0.326,0.277,0.503,0.373,0.362,0.353,0.226,0.424,0.362,0.032,0.011,,,90.3,36.4,10.3,7.3,21.8,18.3,39.2,3,42.7,101.635240474,95.06039847,26.9,48.1,46.3,-6
"McMahon, Ryan",641857,2019,24,539,29.7,10.4,0.250,0.450,0.329,0.779,0.323,0.243,0.429,0.330,0.325,0.324,0.186,0.423,0.366,0.021,0.005,,,91.9,36.6,9,7.1,27.3,17.4,36.3,1.9,48,102.348495723,95.712813868,32.4,49.6,51.2,
"Rosario, Amed",642708,2019,23,655,18.9,4.7,0.287,0.432,0.323,0.755,0.338,0.283,0.416,0.318,0.317,0.320,0.133,0.372,0.354,0.016,0.001,,,89.4,35,4.2,4.6,30.4,20.7,37.4,1.8,39.5,98.795593821,93.60288,24.2,52,48.1,
"Adames, Willy",642715,2019,23,584,26.2,7.9,0.254,0.418,0.317,0.735,0.320,0.250,0.437,0.313,0.320,0.313,0.187,0.403,0.351,-0.019,-0.007,,,88.5,36.1,8.4,7.1,25.4,19.9,35.3,2.6,35.6,99.072984309,93.592578431,27.3,47,47.4,
"Benintendi, Andrew",643217,2019,24,615,22.8,9.6,0.266,0.431,0.343,0.774,0.333,0.261,0.454,0.330,0.338,0.339,0.192,0.398,0.349,-0.023,-0.008,,,89.1,40.1,8.1,7.6,29.3,27.4,24.4,3.2,37.7,98.241980591,93.339900444,25.2,51.4,39.1,-8
"McNeil, Jeff",643446,2019,27,567,13.2,6.2,0.318,0.531,0.384,0.915,0.337,0.283,0.465,0.384,0.350,0.354,0.181,0.367,0.332,0.066,0.034,,,89,34.2,4.8,7.3,29.1,23.4,31.4,3.4,36.7,98.062735349,93.296269953,19.9,60.1,43.6,-3
"Albies, Ozzie",645277,2019,22,702,16,7.7,0.295,0.500,0.352,0.852,0.325,0.282,0.482,0.354,0.346,0.341,0.199,0.385,0.341,0.018,0.008,,,88.9,36.8,6.6,7,27.8,29.1,27.1,2.3,34,98.232348151,93.247307887,22.9,55.6,38,
"Robles, Victor",645302,2019,22,617,22.7,5.7,0.255,0.419,0.326,0.745,0.310,0.231,0.368,0.317,0.294,0.305,0.137,0.337,0.307,0.051,0.023,,,83.3,34.5,4.8,5.5,21.3,28.1,28.5,10.1,23,94.905795816,91.739895663,23.5,49.9,42.4,22
"Devers, Rafael",646240,2019,22,702,17,6.8,0.311,0.555,0.361,0.916,0.339,0.298,0.526,0.377,0.367,0.350,0.228,0.422,0.365,0.029,0.010,,,92.5,33.1,9,9.8,24.7,21.5,33.3,1.3,48.5,103.293569886,96.084697628,24,55,44.8,
"Jiménez, Eloy",650391,2019,22,504,26.6,6,0.267,0.513,0.315,0.828,0.308,0.261,0.515,0.343,0.347,0.311,0.254,0.450,0.366,-0.002,-0.004,,,91.2,32.4,12.8,7.1,20.5,20.2,36.9,2.4,47.9,102.681413214,95.727878512,32.8,49.9,47.6,-11
"Torres, Gleyber",650402,2019,22,604,21.4,7.9,0.278,0.535,0.337,0.872,0.296,0.259,0.492,0.358,0.340,0.320,0.233,0.404,0.336,0.043,0.018,,,89.1,38.2,10.1,5.4,22.9,31.4,27.4,2.6,36.8,99.178781179,93.678797352,28,51.8,37.5,
"Chapman, Matt",656305,2019,26,670,21.9,10.9,0.249,0.506,0.342,0.848,0.270,0.251,0.502,0.354,0.359,0.345,0.252,0.416,0.335,0.004,-0.005,,,92.7,25.1,12.1,7.3,18.7,28.5,30.3,1.4,49,103.46333537,96.250434176,23.7,42,41.7,
"Hoskins, Rhys",656555,2019,26,705,24.5,16.5,0.226,0.454,0.364,0.818,0.267,0.215,0.417,0.347,0.337,0.358,0.201,0.375,0.309,0.037,0.010,,,89.7,31,9.7,8.2,21.8,38.5,19.9,2,38.7,99.42720995,93.97812603,23.2,39.2,30,
"Schwarber, Kyle",656941,2019,26,610,25.6,11.5,0.250,0.531,0.339,0.870,0.276,0.264,0.555,0.357,0.376,0.354,0.291,0.473,0.372,-0.024,-0.019,,,93.5,35.6,14.5,9,19.8,25.9,27.7,2.4,51.2,104.364394516,96.768710054,28,43.3,38.8,-10
"DeJong, Paul",657557,2019,25,664,22.4,9.3,0.233,0.444,0.318,0.762,0.259,0.237,0.446,0.322,0.331,0.325,0.209,0.383,0.319,-0.002,-0.009,,,87,33,8.6,4.5,20.9,32.3,26.8,4.8,33.9,98.154188241,93.091659652,24.2,48.8,37.7,
"Moncada, Yoán",660162,2019,24,559,27.5,7.2,0.315,0.548,0.367,0.915,0.406,0.282,0.518,0.379,0.358,0.337,0.236,0.472,0.401,0.030,0.021,,,93.1,40.4,12.2,7.2,28.3,21.6,29.6,0.6,47.9,102.936634056,95.959630724,31.1,47.5,41.8,
"Acuña Jr., Ronald",660670,2019,21,715,26.3,10.6,0.280,0.518,0.365,0.883,0.337,0.279,0.574,0.369,0.390,0.365,0.294,0.502,0.399,-0.056,-0.021,,,90.6,40.5,15,9.1,21.2,22.6,26.9,5.2,47.4,103.398305955,96.011363144,27.7,45.5,38.5,0
"Fletcher, David",664058,2019,25,653,9.8,8.4,0.290,0.384,0.350,0.734,0.317,0.292,0.371,0.318,0.319,0.352,0.079,0.320,0.327,0.013,-0.001,,,83.8,37.5,0.2,2.6,31.8,24.7,36.3,2.6,17.1,93.20784584,90.716838337,9.7,36.3,44.4,2
"Guerrero Jr., Vladimir",665489,2019,20,514,17.7,8.9,0.272,0.433,0.339,0.772,0.308,0.261,0.440,0.329,0.333,0.330,0.179,0.368,0.325,-0.007,-0.004,,,89.4,30.9,7.7,6.1,22.9,20,40,3.2,38.7,101.626864628,94.89985352,24.5,46.8,50.4,
"Soto, Juan",665742,2019,20,659,20,16.4,0.282,0.548,0.401,0.949,0.312,0.285,0.575,0.394,0.409,0.405,0.290,0.465,0.374,-0.027,-0.015,,,92,36.3,12.3,8.7,25.5,21.4,29.3,2.6,47.8,102.137286408,95.569584745,24,40.8,42.8,5
"Reynolds, Bryan",668804,2019,24,546,22.2,8.4,0.314,0.503,0.377,0.880,0.387,0.293,0.474,0.371,0.359,0.361,0.181,0.429,0.389,0.029,0.012,,,89.5,37,6.7,5.1,32.4,19.8,30.6,4,41.6,100.231643152,94.403448207,26.3,48,47.2,2
"Cabrera, Miguel",408234,2020,37,231,22.1,10.4,0.250,0.417,0.329,0.746,0.283,0.288,0.520,0.323,0.379,0.366,0.231,0.454,0.385,-0.103,-0.056,,,93.2,36.8,9.7,5.8,32.3,20.6,29,1.3,49.7,102.655113117,96.026886144,31.6,47.7,42.6,
"Cruz Jr., Nelson",443558,2020,39,214,27.1,11.7,0.303,0.595,0.397,0.992,0.360,0.269,0.545,0.411,0.383,0.369,0.276,0.500,0.394,0.050,0.028,,,91.6,39.4,15,3.9,23.6,18.1,34.6,3.1,47.2,102.723679524,95.93307824,34.2,47.6,47.2,
"Peralta, David",444482,2020,32,218,20.6,6,0.300,0.433,0.339,0.772,0.361,0.260,0.375,0.333,0.299,0.304,0.115,0.351,0.333,0.058,0.034,,,89.2,29.4,5,6.3,23.1,21.9,41.3,1.3,36.3,100.556636709,94.354591139,21.1,46.6,51.2,1
"Longoria, Evan",446334,2020,34,209,18.7,5.3,0.254,0.425,0.297,0.722,0.280,0.282,0.524,0.308,0.364,0.329,0.243,0.427,0.355,-0.099,-0.056,,,91.7,29.9,11.5,3.8,25.5,21,34.4,3.2,45.2,101.530260256,95.520896474,21,45,50.3,
"Cabrera, Asdrúbal",452678,2020,34,213,18.8,8.9,0.242,0.447,0.305,0.752,0.260,0.243,0.429,0.319,0.317,0.307,0.186,0.353,0.302,0.018,0.002,,,89.5,30.5,6.5,8.4,22.1,25.3,35.1,1.9,38.3,97.982868684,93.323023224,20.5,46.1,45.5,
"Blackmon, Charlie",453568,2020,33,247,17.8,7.7,0.303,0.448,0.356,0.804,0.347,0.276,0.426,0.340,0.331,0.340,0.150,0.377,0.346,0.022,0.009,,,86.9,38.5,4.9,5.5,28.6,26.9,28,5.5,29.7,97.303074157,92.71975736,23.3,50.2,38.5,-1
"Solano, Donovan",456781,2020,32,203,19.2,4.9,0.326,0.463,0.365,0.828,0.396,0.278,0.417,0.357,0.320,0.320,0.139,0.372,0.348,0.046,0.037,,,88.5,43.4,4.6,7.9,31.6,30.3,22.4,2.6,34.9,98.263815526,93.264044768,22,51.9,36.2,
"McCutchen, Andrew",457705,2020,33,241,19.9,9.1,0.253,0.433,0.324,0.757,0.281,0.272,0.480,0.327,0.355,0.342,0.208,0.409,0.350,-0.047,-0.028,,,89.7,36.5,8.2,8.8,27.6,27.6,24.7,1.8,41.2,99.22758119,93.968213095,22,40.6,35.3,-3
"Votto, Joey",458015,2020,36,223,19.3,16.6,0.226,0.446,0.354,0.800,0.235,0.253,0.478,0.347,0.369,0.377,0.225,0.397,0.329,-0.032,-0.022,,,87.4,36.4,9.1,9.8,21.7,28,28,3.5,35.7,98.39738875,93.296095944,22.5,36.2,39.9,
"Santana, Carlos",467793,2020,34,255,16.9,18.4,0.199,0.350,0.349,0.699,0.212,0.251,0.448,0.316,0.372,0.393,0.196,0.375,0.318,-0.098,-0.056,,,88,32.3,6.7,8.5,23.2,23.2,34.1,3,36.6,99.260366296,93.650599074,20.6,36.3,43.3,
"Brantley Jr., Michael",488726,2020,33,187,15,9.1,0.300,0.476,0.364,0.840,0.336,0.260,0.413,0.362,0.325,0.327,0.153,0.344,0.311,0.063,0.037,,,88.7,34.5,4.9,6.3,26.8,24.6,33.8,3.5,37.3,98.251374648,93.415636667,16.3,39.9,47.9,1
"Gurriel Jr., Yuli",493329,2020,36,230,11.7,5.2,0.232,0.384,0.274,0.658,0.235,0.265,0.408,0.281,0.318,0.314,0.143,0.335,0.308,-0.024,-0.037,,,89.3,34.4,3.7,7.4,26.5,29.6,30.2,1.6,36.5,98.527696064,93.454652781,15.6,48.8,38.1,
"Escobar, Eduardo",500871,2020,31,222,18.5,6.8,0.212,0.335,0.270,0.605,0.244,0.263,0.396,0.257,0.306,0.317,0.133,0.351,0.326,-0.061,-0.049,,,88.6,34.8,5.5,3.7,26.8,33.5,26.8,3,31.7,97.095200488,92.633428037,21.6,51.4,38.4,
"Martinez, J.D.",502110,2020,32,237,24.9,9.3,0.213,0.389,0.291,0.680,0.259,0.229,0.443,0.290,0.318,0.306,0.214,0.387,0.315,-0.054,-0.028,,,89.5,39.6,11,7.8,18.2,31.8,28.6,1.9,41.6,99.85455974,94.246308758,28.1,51.9,35.1,
"Reddick, Josh",502210,2020,33,210,20,9.5,0.245,0.378,0.316,0.694,0.294,0.246,0.360,0.304,0.303,0.319,0.114,0.336,0.317,0.018,0.001,,,85.9,34.7,4.8,4.8,28.6,32.7,27.2,1.4,29.3,96.145119315,92.092886986,22.6,46.5,37.4,-5
"Goldschmidt, Paul",502671,2020,32,231,18.6,16,0.304,0.466,0.417,0.883,0.364,0.285,0.510,0.387,0.396,0.403,0.224,0.432,0.367,-0.044,-0.009,,,89.2,42.3,10.7,7.4,25.5,22.1,30.9,3.4,40.9,99.2678272,93.874685503,23.7,40.6,34.9,
"Gonzalez, Marwin",503556,2020,31,199,20.6,8.5,0.211,0.320,0.286,0.606,0.241,0.240,0.401,0.269,0.314,0.315,0.162,0.351,0.309,-0.081,-0.045,,,89.2,31.9,5.1,5.1,23.2,28.3,34.8,3.6,38.4,98.202361739,93.451501168,23.5,43,41.3,
"Altuve, Jose",514888,2020,30,210,18.6,8.1,0.219,0.344,0.286,0.630,0.250,0.230,0.349,0.278,0.288,0.296,0.119,0.313,0.289,-0.005,-0.010,,,86.7,24.8,4.6,5.9,20.3,24.2,35.9,8.5,33.3,97.480630811,92.777053741,20.2,50,51,
"Hernández, César",514917,2020,30,261,21.8,9.2,0.283,0.408,0.355,0.763,0.364,0.273,0.396,0.335,0.330,0.346,0.123,0.382,0.361,0.012,0.005,,,89.1,37.3,4,6.8,28.2,16.9,36.7,7.3,37.3,98.999012093,93.787809064,19.8,43.6,50.8,
"Segura, Jean",516416,2020,30,217,20.7,10.6,0.266,0.422,0.347,0.769,0.314,0.250,0.391,0.333,0.318,0.334,0.141,0.358,0.327,0.031,0.015,,,87.7,31.8,6.1,3.4,25.7,25.7,32.4,6.8,38.5,99.748813288,93.958321438,22.4,46.8,49.3,
"Marte, Starling",516782,2020,31,250,16.4,4.8,0.281,0.430,0.340,0.770,0.319,0.264,0.420,0.333,0.326,0.326,0.156,0.357,0.321,0.010,0.007,,,87.1,30.3,6.4,4.3,21.3,20.7,42,4.3,30.3,97.604057802,92.829315028,25.4,52.7,54.8,2
"Freeman, Freddie",518692,2020,30,262,14.1,17.2,0.341,0.640,0.462,1.102,0.366,0.339,0.660,0.456,0.464,0.461,0.320,0.506,0.411,-0.020,-0.008,,,92.4,49.2,14.7,4.5,31.6,26,20.9,1.7,54.2,101.812650227,95.798406705,20.1,48.2,32.8,
"Grandal, Yasmani",518735,2020,31,194,29.9,15.5,0.230,0.422,0.351,0.773,0.299,0.207,0.403,0.338,0.327,0.334,0.196,0.398,0.323,0.019,0.011,,,90.3,38.1,7.6,9.5,24.8,28.6,28.6,1,43.8,99.928859811,94.403731524,30.7,34.1,36.2,
"LeMahieu, DJ",518934,2020,31,216,9.7,8.3,0.364,0.590,0.421,1.011,0.370,0.312,0.460,0.429,0.366,0.376,0.147,0.372,0.350,0.130,0.063,,,91.3,29.7,2.9,9.1,30.3,12,42.3,1.7,45.7,100.540551744,94.953852733,11.2,44.1,57.1,
"Rizzo, Anthony",519203,2020,30,243,15.6,11.5,0.222,0.414,0.342,0.756,0.218,0.266,0.413,0.326,0.355,0.383,0.147,0.364,0.329,0.001,-0.029,,,87.7,34.7,7.8,4.8,26.9,31.7,23.4,4.8,34.7,99.57215061,93.849255427,19.3,42.5,40.1,
"Flores, Wilmer",527038,2020,28,213,16.9,6.1,0.268,0.515,0.315,0.830,0.272,0.245,0.430,0.347,0.309,0.294,0.185,0.346,0.298,0.085,0.038,,,87.9,37.4,6.1,6.1,24.5,35,23.9,4.3,34.4,97.808676707,93.175661718,17.8,48,33.7,
"García, Avisaíl",541645,2020,29,207,23.7,9.7,0.238,0.326,0.333,0.659,0.315,0.244,0.375,0.296,0.317,0.339,0.131,0.365,0.334,-0.049,-0.021,,,87.4,37.1,3.8,8.3,23.5,20.5,40.9,3,37.1,99.290871364,93.692910455,34.7,54.6,48.5,1
"Ozuna, Marcell",542303,2020,29,267,22.5,14.2,0.338,0.636,0.431,1.067,0.391,0.310,0.632,0.444,0.434,0.407,0.323,0.533,0.419,0.004,0.010,,,93,39.1,15.4,8.3,30.2,22.5,21.3,2.4,54.4,103.534352941,96.562612663,31.4,46.3,37.3,-2
"Villar, Jonathan",542340,2020,29,207,26.1,9.2,0.232,0.292,0.301,0.593,0.313,0.216,0.287,0.266,0.261,0.288,0.071,0.308,0.303,0.005,0.005,,,86.7,18.7,1.5,3.7,24.6,17.2,42.5,7.5,35.8,99.470722344,93.853135313,32,51.6,59.7,
"Aguilar, Jesús",542583,2020,30,216,18.5,10.6,0.277,0.457,0.352,0.809,0.306,0.271,0.452,0.347,0.345,0.348,0.182,0.379,0.336,0.005,0.002,,,89.3,37.5,7.2,5.9,28.3,27,29.6,2,37.5,99.078188947,93.762450461,22.3,47.3,37.5,
"Crawford, Brandon",543063,2020,33,193,24.4,7.8,0.256,0.465,0.326,0.791,0.303,0.235,0.398,0.334,0.309,0.311,0.163,0.371,0.324,0.067,0.025,,,88.7,35.4,9.4,4.7,22,26,36.2,0.8,39.4,98.74086254,93.673056111,31.5,54.6,41.7,
"Grossman, Robbie",543257,2020,30,192,19.8,10.9,0.241,0.482,0.344,0.826,0.267,0.240,0.399,0.351,0.328,0.344,0.159,0.355,0.312,0.083,0.023,,,89,33.6,5.5,7.8,19.5,30.5,34.4,1.6,37.5,98.280297813,93.396949921,18.4,43.4,39.8,3
"Hicks, Aaron",543305,2020,30,211,18,19.4,0.225,0.414,0.379,0.793,0.256,0.256,0.435,0.351,0.374,0.405,0.179,0.380,0.331,-0.021,-0.023,,,88.2,29.8,6.9,6.1,25.2,22.1,34.4,4.6,38.2,99.738009846,93.99654093,27.9,39.4,47.3,-4
"Rendon, Anthony",543685,2020,30,232,13.4,16.4,0.286,0.497,0.418,0.915,0.302,0.287,0.469,0.395,0.390,0.420,0.182,0.385,0.344,0.028,0.005,,,90.1,39.2,6.3,7.6,31.6,30.4,21.5,1.9,40.5,98.602933924,93.634717389,14.7,40.5,34.8,
"Semien, Marcus",543760,2020,29,236,21.2,10.6,0.223,0.374,0.305,0.679,0.260,0.209,0.352,0.299,0.287,0.293,0.143,0.313,0.275,0.022,0.012,,,86.2,32.9,5,6.8,19.9,38.5,24.8,3.7,28.6,96.361638375,92.211459874,23.3,44.1,32.9,
"Springer III, George",543807,2020,30,222,17.1,10.8,0.265,0.540,0.359,0.899,0.259,0.294,0.569,0.379,0.405,0.386,0.275,0.450,0.365,-0.029,-0.026,,,88.7,35.3,12.4,5.9,22.9,29.4,24.2,3.9,42.5,101.012866184,94.708160132,25.3,47.7,35.9,2
"Vázquez, Christian",543877,2020,29,189,22.8,8.5,0.283,0.457,0.344,0.801,0.341,0.218,0.353,0.346,0.281,0.285,0.135,0.323,0.291,0.104,0.065,,,88.4,33.1,4.6,6.2,23.1,30,32.3,3.1,40,98.429126154,93.35878876,22.9,47.6,41.5,
"Wong, Kolten",543939,2020,29,208,14.4,9.6,0.265,0.326,0.350,0.676,0.311,0.235,0.306,0.305,0.286,0.324,0.070,0.280,0.281,0.020,0.019,,,86.5,31.2,0.6,3.2,26.6,22.7,40.3,5.8,26.6,95.584306892,91.793051554,15.8,43.9,51.9,
"Gregorius, Didi",544369,2020,30,237,11.8,6.3,0.284,0.488,0.339,0.827,0.285,0.263,0.396,0.348,0.311,0.322,0.132,0.324,0.302,0.092,0.037,,,83.8,35.3,4.2,6.8,22.1,33.2,24.7,8.4,27.9,96.139141064,92.158376631,19,53.5,38.4,
"Grichuk, Randal",545341,2020,28,231,21.2,5.6,0.273,0.481,0.312,0.793,0.299,0.268,0.468,0.334,0.333,0.312,0.199,0.405,0.349,0.013,0.001,,,88.9,27.2,11.2,6.5,24.3,23.7,29,4.1,39.6,100.547348929,94.472173234,23.1,51.7,42.6,1
"Trout, Mike",545361,2020,28,241,23.2,14.5,0.281,0.603,0.390,0.993,0.300,0.291,0.612,0.407,0.428,0.405,0.321,0.529,0.405,-0.009,-0.021,,,93.7,36.1,15,8.2,22.4,34,16.3,2,55.1,103.522413333,96.756365347,19.5,36.7,25.9,-1
"Ruiz, Rio",547004,2020,26,204,22.5,8.3,0.222,0.427,0.286,0.713,0.244,0.212,0.356,0.303,0.277,0.277,0.144,0.320,0.281,0.071,0.026,,,87.9,27.7,8.5,6.4,17.7,27,33.3,6.4,39,99.181741429,93.707106906,27.3,52,47.5,
"Harper, Bryce",547180,2020,27,244,17.6,20.1,0.268,0.542,0.420,0.962,0.279,0.308,0.658,0.400,0.454,0.451,0.350,0.514,0.394,-0.116,-0.054,,,92.5,33.3,17.3,4,24,26,22,6.7,50.7,104.136840278,96.785819375,28.6,45.9,40,0
"Abreu, José",547989,2020,33,262,22.5,6.9,0.317,0.617,0.370,0.987,0.350,0.299,0.587,0.411,0.399,0.357,0.288,0.494,0.399,0.030,0.012,,,92.9,37.4,14.3,9.3,25.3,17.6,33,0.5,53.3,104.315308571,96.898123022,30.1,48.5,45.1,
"Suárez, Eugenio",553993,2020,28,231,29,13,0.202,0.470,0.312,0.782,0.214,0.216,0.472,0.332,0.342,0.325,0.255,0.431,0.326,-0.002,-0.010,,,89.1,29.5,14.4,5.3,15.9,32.6,27.3,4.5,44.7,101.191154545,94.886730076,31.7,41.7,36.4,
"González, Erik",570481,2020,28,193,26.4,4.1,0.227,0.359,0.255,0.614,0.292,0.237,0.396,0.262,0.293,0.276,0.158,0.382,0.339,-0.037,-0.031,,,88.5,33.6,6.7,8.2,23.9,17.2,39.6,3.7,44,100.617211515,94.399348561,32,53.4,47.8,
"Arenado, Nolan",571448,2020,29,201,10,7.5,0.253,0.434,0.303,0.737,0.241,0.235,0.392,0.308,0.288,0.289,0.157,0.293,0.259,0.042,0.020,,,87.8,27.1,5.4,4.2,19.3,41,27.1,3,33.7,98.207786506,93.152140723,17.9,48.1,36.7,
"Muncy, Max",571970,2020,29,248,24.2,15.7,0.192,0.389,0.331,0.720,0.203,0.229,0.473,0.316,0.360,0.362,0.244,0.413,0.323,-0.084,-0.044,,,88.5,29,12.4,8.3,20.7,24.8,29.7,4.1,40,99.706862329,94.042931517,26.8,36.6,44.8,
"Myers, Wil",571976,2020,29,218,25.7,8.3,0.288,0.606,0.353,0.959,0.331,0.285,0.589,0.400,0.396,0.351,0.304,0.511,0.399,0.017,0.004,,,91,40.8,14.8,8.5,21.8,22.5,28.2,2.8,45.8,101.631815571,95.352673957,25.9,42.6,38.7,1
"Pollock, AJ",572041,2020,32,210,21.4,5.7,0.276,0.566,0.314,0.880,0.277,0.269,0.499,0.364,0.345,0.312,0.230,0.422,0.350,0.067,0.019,,,89.6,37.9,10.5,7.8,22.9,24.8,29.4,3.3,43.1,100.207984474,94.434710861,24.7,47.7,39.2,-2
"Seager, Kyle",572122,2020,32,248,13.3,12.9,0.241,0.433,0.355,0.788,0.240,0.252,0.472,0.338,0.365,0.371,0.220,0.364,0.301,-0.039,-0.027,,,89.1,30.7,10.2,6.3,22.7,34.1,23.3,3.4,39.8,98.417159318,93.543557614,20.4,40.3,36.4,
"Voit III, Luke",572228,2020,29,234,23.1,7.3,0.277,0.610,0.338,0.948,0.268,0.279,0.586,0.393,0.389,0.340,0.308,0.482,0.373,0.024,0.004,,,88.9,37.5,13.1,6.3,23.8,25,25,5.6,40,100.684343544,94.623051203,27.6,52.1,41.3,
"Walker, Christian",572233,2020,29,243,20.6,7.8,0.271,0.459,0.333,0.792,0.317,0.266,0.454,0.339,0.339,0.331,0.188,0.392,0.342,0.005,0.000,,,90.4,34.5,6.4,10.5,25.7,24,28.1,4.7,48.5,101.908890353,95.476667059,27.1,51.8,42.7,
"Dickerson, Corey",572816,2020,31,210,16.7,7.1,0.258,0.402,0.311,0.713,0.283,0.248,0.396,0.308,0.305,0.303,0.148,0.337,0.303,0.006,0.003,,,85.7,25.8,5.7,3.1,26.4,25.2,33.3,5.7,30.8,97.061493671,92.538034367,25.7,53.4,52.2,-1
"Yastrzemski, Mike",573262,2020,29,225,24.4,13.3,0.297,0.568,0.400,0.968,0.370,0.251,0.488,0.407,0.364,0.360,0.238,0.434,0.351,0.080,0.043,,,88.2,35,10.9,9.5,26.3,24.8,23.4,5.1,42.3,99.26844913,93.715521022,24.7,39.1,38.7,-5
"Contreras, Willson",575929,2020,28,225,25.3,8.9,0.243,0.407,0.356,0.763,0.307,0.249,0.441,0.336,0.353,0.361,0.192,0.416,0.352,-0.034,-0.017,,,89.8,35.8,10.4,6.7,20.9,20.9,34.3,6.7,47.8,102.281617612,95.465128571,33.8,47.9,49.3,
"Canha, Mark",592192,2020,31,243,22.2,15.2,0.246,0.408,0.387,0.795,0.307,0.241,0.415,0.351,0.359,0.387,0.175,0.383,0.331,-0.007,-0.008,,,89.7,37.3,7.7,8.5,23.9,35.2,20.4,2.8,39.4,98.907806143,93.708491143,24,38,33.8,1
"Castellanos, Nick",592206,2020,28,242,28.5,7.9,0.225,0.486,0.298,0.784,0.257,0.274,0.545,0.329,0.375,0.343,0.271,0.500,0.400,-0.059,-0.046,,,91,39.3,16,6.7,26.7,24,24.7,1.3,46.7,100.5504196,94.703394832,34.2,51.8,36,-4
"Machado, Manny",592518,2020,27,254,14.6,10.2,0.304,0.580,0.370,0.950,0.297,0.300,0.540,0.391,0.385,0.372,0.240,0.423,0.358,0.040,0.006,,,90.2,34.6,11,3.7,27.7,29.3,25.7,2.1,43.5,102.695949158,95.565070368,21.7,46.7,38.2,
"Moran, Colin",592567,2020,27,200,26,9.5,0.247,0.472,0.325,0.797,0.291,0.254,0.479,0.340,0.350,0.332,0.225,0.435,0.358,-0.007,-0.010,,,91.9,32.3,13.4,2.4,26,15.7,37.8,3.9,47.2,102.613770159,95.95598352,28,49.9,57.5,
"Realmuto, J.T.",592663,2020,29,195,24.6,8.2,0.266,0.491,0.349,0.840,0.307,0.246,0.498,0.361,0.356,0.331,0.252,0.431,0.341,-0.007,0.005,,,90.2,32.8,13.6,5.6,17.6,22.4,37.6,3.2,42.4,101.277934921,95.12123304,29.8,45.3,48.8,
"Rosario, Eddie",592696,2020,28,231,14.7,8.2,0.257,0.476,0.316,0.792,0.248,0.246,0.437,0.333,0.318,0.307,0.192,0.342,0.291,0.039,0.015,,,87.5,30.3,6.2,8.4,18.5,32.6,30.3,3.4,35.4,97.149699091,92.643316171,22.6,51.9,36.5,0
"Yelich, Christian",592885,2020,28,247,30.8,18.6,0.205,0.430,0.356,0.786,0.259,0.246,0.468,0.343,0.374,0.390,0.222,0.488,0.399,-0.038,-0.031,,,94,32.3,12.1,8.1,28.2,15.3,33.1,1.6,55.6,103.843596557,97.02065123,33.6,34.6,51.6,-2
"Merrifield, Whit",593160,2020,31,265,12.5,4.5,0.282,0.440,0.325,0.765,0.295,0.292,0.439,0.329,0.336,0.334,0.146,0.360,0.336,0.001,-0.007,,,86.1,39.8,5.1,4.6,28.7,30.6,25.5,5.6,27.3,95.855324206,91.961579112,16.3,49.3,37.5,1
"Bogaerts, Xander",593428,2020,27,225,18.2,9.3,0.300,0.502,0.364,0.866,0.329,0.258,0.471,0.368,0.340,0.327,0.213,0.385,0.322,0.031,0.028,,,89,31.3,8.6,5.5,20.2,27,35,3.1,36.8,99.721139136,94.010233642,23,43.6,45.4,
"Alberto, Hanser",593643,2020,27,231,13,2.2,0.283,0.393,0.306,0.699,0.314,0.247,0.319,0.301,0.261,0.272,0.073,0.284,0.284,0.074,0.040,,,82.3,32.6,1,3.1,27.5,22.8,32.1,12.4,20.7,93.472612717,90.856123497,16.9,62.9,47.2,
"Polanco, Jorge",593871,2020,26,226,15.5,5.8,0.258,0.354,0.304,0.658,0.292,0.263,0.381,0.289,0.304,0.308,0.118,0.333,0.315,-0.027,-0.015,,,86.6,39,2.8,5.1,26,31.1,29.9,5.1,33.3,96.651106591,92.358275714,16.8,43.7,37.3,
"Sanó, Miguel",593934,2020,27,205,43.9,8.8,0.204,0.478,0.278,0.756,0.301,0.215,0.483,0.317,0.326,0.288,0.267,0.564,0.419,-0.005,-0.009,,,95.2,31.3,22.9,9.4,18.8,22.9,20.8,4.2,57.3,107.128241875,98.788112737,42.6,47.3,37.5,
"Calhoun, Kole",594777,2020,32,228,21.9,12.3,0.226,0.526,0.338,0.864,0.211,0.263,0.517,0.362,0.379,0.370,0.254,0.436,0.350,0.009,-0.017,,,89.4,36.1,11.8,8.3,20.8,27.1,27.1,2.8,38.2,99.503862113,93.982617872,32.7,46.8,40.3,-2
"Duvall, Adam",594807,2020,31,209,25.8,7.2,0.237,0.532,0.301,0.833,0.240,0.228,0.516,0.348,0.342,0.294,0.288,0.430,0.318,0.016,0.006,,,88.1,30.7,13.9,5.1,16.1,37.2,22.6,4.4,40.1,100.670608824,94.472182941,27.1,49,29.9,1
"Profar, Jurickson",595777,2020,27,202,13.9,7.4,0.278,0.428,0.343,0.771,0.293,0.282,0.411,0.335,0.338,0.350,0.129,0.354,0.334,0.017,-0.003,,,87.2,35.5,3.2,3.2,29,25.8,32.9,4.5,27.7,96.940536711,92.4870825,20.1,47.1,43.9,0
"Báez, Javier",595879,2020,27,235,31.9,3,0.203,0.360,0.238,0.598,0.262,0.213,0.380,0.256,0.275,0.251,0.167,0.383,0.324,-0.020,-0.019,,,89.4,24.8,8.1,7.4,20.1,22.1,34.9,5.4,40.3,101.31207375,94.809897708,38.2,53.2,50.3,
"Lindor, Francisco",596019,2020,26,266,15.4,9,0.258,0.415,0.335,0.750,0.280,0.279,0.441,0.324,0.346,0.356,0.162,0.371,0.338,-0.026,-0.022,,,89.9,36.5,5.6,9.1,23.9,27.4,31,2.5,41.1,99.684694433,94.059685052,20.3,48.9,39.6,
"Story, Trevor",596115,2020,27,259,24.3,9.3,0.289,0.519,0.355,0.874,0.354,0.253,0.457,0.370,0.335,0.323,0.204,0.410,0.346,0.062,0.035,,,89.9,40.1,8.7,7.6,25.6,34.9,19.8,2.9,41.3,100.396057209,94.467090526,25.7,45.8,29.7,
"Kepler, Max",596146,2020,27,196,18.4,11.2,0.228,0.439,0.321,0.760,0.236,0.258,0.425,0.328,0.340,0.349,0.167,0.366,0.326,0.014,-0.012,,,88.5,30.9,5.1,7.4,28.7,35.3,19.9,2.9,38.2,99.204226765,93.676104222,21.2,44.8,32.4,1
"Franco, Maikel",596748,2020,27,243,15.6,6.6,0.278,0.457,0.321,0.778,0.298,0.256,0.398,0.329,0.307,0.305,0.142,0.338,0.307,0.059,0.022,,,86.7,33.3,5.8,7.9,19.6,23.3,34.9,7.4,38.6,100.224684468,94.175420214,24.6,49.9,46,
"Bradley Jr., Jackie",598265,2020,30,217,22.1,10.6,0.283,0.450,0.364,0.814,0.343,0.220,0.368,0.352,0.301,0.311,0.148,0.336,0.294,0.082,0.051,,,88.4,28.5,7.6,4.2,20.8,19.4,43.1,2.8,36.4,98.602853571,93.472785429,26.1,45.3,54.9,6
"La Stella, Tommy",600303,2020,31,228,5.3,11.8,0.281,0.449,0.370,0.819,0.276,0.275,0.423,0.355,0.348,0.366,0.148,0.315,0.290,0.026,0.007,,,88,32.1,4.8,3.7,26.2,35.3,27.8,1.6,28.3,96.273957849,92.214603892,11.2,38.1,40.1,
"Núñez, Renato",600524,2020,26,216,29.6,7.9,0.256,0.492,0.324,0.816,0.317,0.227,0.431,0.347,0.315,0.298,0.204,0.408,0.336,0.061,0.032,,,86.3,37.9,12.1,4.5,19.7,35.6,22.7,5.3,36.4,98.851627273,93.444118636,30.1,52.1,32.6,
"Candelario, Jeimer",600869,2020,26,206,23.8,9.7,0.297,0.503,0.369,0.872,0.372,0.277,0.471,0.373,0.356,0.351,0.194,0.432,0.378,0.032,0.017,,,90.2,37.5,10.3,6.6,28.7,21.3,26.5,5.9,47.1,101.954374925,95.267632164,27.9,45,40.4,
"Ahmed, Nick",605113,2020,30,217,21.2,8.3,0.266,0.402,0.327,0.729,0.324,0.247,0.377,0.318,0.304,0.310,0.131,0.350,0.322,0.025,0.014,,,87.7,30.1,5.2,5.2,21.6,22.2,40.5,3.9,33.3,97.979172667,93.079952,27.4,48.2,51.6,
"Anderson, Brian",605119,2020,27,229,28.8,9.6,0.255,0.465,0.345,0.810,0.323,0.227,0.426,0.348,0.324,0.321,0.199,0.406,0.336,0.039,0.024,,,87.4,34.8,9.6,6.7,18.5,23.7,36.3,5.2,39.3,99.102413382,93.651971037,34.4,49.1,48.9,
"Bell, Josh",605137,2020,27,223,26.5,9.9,0.226,0.364,0.305,0.669,0.273,0.222,0.375,0.286,0.293,0.304,0.153,0.358,0.312,-0.011,-0.007,,,91.7,24.3,8.6,3.6,22.9,19.3,43.6,2.1,42.9,102.09961,95.3740285,33.6,45.9,56.4,
"Betts, Mookie",605141,2020,27,246,15.4,9.8,0.292,0.562,0.366,0.928,0.289,0.283,0.485,0.390,0.362,0.359,0.202,0.392,0.342,0.077,0.028,,,90.7,40.1,7.7,11,23.6,31.3,23.6,1.6,43.4,99.966803556,94.311948056,13.8,40.5,33,5
"Davis, J.D.",605204,2020,27,229,24.5,13.5,0.247,0.389,0.371,0.760,0.318,0.252,0.424,0.339,0.355,0.376,0.172,0.406,0.357,-0.035,-0.016,,,90.1,29.6,8.9,4.4,28.1,11.1,43,3.7,45.2,102.105949851,95.319305299,29.3,44.9,56.3,
"Arcia, Orlando",606115,2020,25,189,16.9,7.4,0.260,0.416,0.317,0.733,0.292,0.281,0.428,0.317,0.338,0.339,0.147,0.376,0.346,-0.012,-0.021,,,89,37.3,5.6,6.3,28.2,20.4,33.8,4.9,38.7,99.346351,93.890230143,23.1,46.8,47.2,
"Tapia, Raimel",606132,2020,26,206,18.4,6.8,0.321,0.402,0.369,0.771,0.392,0.244,0.325,0.338,0.285,0.305,0.080,0.313,0.308,0.077,0.053,,,85.3,28.7,2,2.7,25.3,16,47.3,6,30,96.593740405,92.307061689,18.7,51.1,56,0
"Hernández, Teoscar",606192,2020,27,207,30.4,6.8,0.289,0.579,0.340,0.919,0.348,0.296,0.614,0.384,0.401,0.346,0.318,0.564,0.440,-0.035,-0.017,,,93.3,40.6,18,4.7,28.9,22.7,21.1,3.9,53.1,104.846097031,97.246447559,34.9,46.4,38.3,-2
"Marte, Ketel",606466,2020,26,195,10.8,3.6,0.287,0.409,0.323,0.732,0.311,0.265,0.381,0.316,0.306,0.309,0.116,0.319,0.303,0.028,0.010,,,89.2,28.8,3.7,6.1,22.7,24.5,38,3.1,40.5,100.204872785,94.245687975,14.1,45,46.6,
"Nimmo, Brandon",607043,2020,27,225,19.1,14.7,0.280,0.484,0.404,0.888,0.326,0.250,0.423,0.387,0.359,0.381,0.173,0.373,0.326,0.061,0.028,,,87.2,30.8,7.7,4.2,22.4,20.3,39.2,4.9,32.9,97.980723714,93.071893214,21.6,41.6,47.6,-2
"Turner, Trea",607208,2020,27,259,13.9,8.5,0.335,0.588,0.394,0.982,0.353,0.303,0.515,0.413,0.383,0.369,0.212,0.415,0.360,0.073,0.030,,,90.5,34.2,9.5,6,23.6,22.1,36.2,1,40.7,100.635350612,94.552732551,19.6,46.9,44.7,
"Pillar, Kevin",607680,2020,31,223,18.4,5.8,0.288,0.462,0.336,0.798,0.335,0.272,0.435,0.341,0.328,0.322,0.163,0.379,0.340,0.027,0.013,,,87.1,34.7,5.4,5.4,27.5,28.1,27.5,4.2,36.5,98.092420244,93.134598773,25.3,51.9,40.7,-2
"Ramírez, José",608070,2020,27,254,16.9,12.2,0.292,0.607,0.386,0.993,0.294,0.264,0.507,0.415,0.373,0.362,0.243,0.401,0.327,0.100,0.042,,,88.7,36.7,10.2,6.2,21.5,36.7,22.6,2.3,35.6,99.264116591,93.668352686,16.6,41.4,29.9,
"Gallo, Joey",608336,2020,26,226,35,12.8,0.181,0.378,0.301,0.679,0.240,0.189,0.415,0.297,0.315,0.308,0.226,0.429,0.322,-0.037,-0.018,,,91.2,28.9,14,4.4,16.7,40.4,18.4,5.3,43.9,102.04771537,95.481172685,37.4,43.6,31.6,3
"Seager, Corey",608369,2020,26,232,15.9,7.3,0.307,0.585,0.358,0.943,0.309,0.326,0.651,0.394,0.430,0.377,0.325,0.493,0.393,-0.066,-0.036,,,93.2,38.4,15.8,13,19.8,19.8,26.6,3.4,55.9,103.805088736,96.925112586,25.8,55.6,40.1,
"Mondesi, Adalberto",609275,2020,24,233,30,4.7,0.256,0.416,0.294,0.710,0.350,0.215,0.355,0.305,0.267,0.255,0.140,0.358,0.316,0.061,0.038,,,90.6,19.9,7.3,2.6,18.5,27.2,33.1,10.6,39.1,100.463874118,94.6236125,40,54.5,51.7,
"Reyes, Franmil",614177,2020,24,241,28.6,10,0.275,0.450,0.344,0.794,0.355,0.245,0.442,0.341,0.342,0.328,0.197,0.444,0.368,0.008,-0.001,,,92.4,31.3,12.9,4.8,23.8,19,34.7,2,44.9,103.394751806,96.328288182,38.5,46,51,
"Swanson, Dansby",621020,2020,26,264,26.9,8.3,0.274,0.464,0.345,0.809,0.350,0.267,0.474,0.348,0.354,0.341,0.206,0.450,0.384,-0.010,-0.006,,,89.1,40.7,11.4,4.8,30.5,25.1,25.1,2.4,40.7,99.696452771,94.009281333,31.6,47.2,38.9,
"Taylor, Chris",621035,2020,29,214,25.7,12.1,0.270,0.476,0.366,0.842,0.344,0.272,0.488,0.364,0.371,0.368,0.216,0.458,0.388,-0.012,-0.007,,,88,35.1,11.5,8.4,26.7,11.5,31.3,9.9,45,101.014144762,94.70205312,32.5,44.9,48.1,1
"Correa, Carlos",621043,2020,25,221,22.2,7.2,0.264,0.383,0.326,0.709,0.324,0.249,0.397,0.308,0.311,0.315,0.148,0.367,0.331,-0.014,-0.003,,,88.8,26.1,5.9,6.5,27.5,21.6,36.6,0.7,42.1,99.799884079,94.072529338,24.4,47.1,49.7,
"Olson, Matt",621566,2020,26,245,31.4,13.9,0.195,0.424,0.310,0.734,0.227,0.224,0.453,0.316,0.340,0.336,0.230,0.450,0.356,-0.029,-0.024,,,92.3,30.1,12.8,8.3,24.8,24.8,24.1,3,45.9,102.764032969,95.948013281,34.8,42.7,35.3,
"Reyes, Victor",622682,2020,25,213,21.1,4.2,0.277,0.391,0.315,0.706,0.340,0.287,0.430,0.307,0.329,0.324,0.143,0.398,0.370,-0.039,-0.022,,,90,39.5,3.8,6.4,30.6,21,34.4,3.2,41.4,98.63923961,93.618739286,26.4,54.2,47.1,1
"Alonso, Pete",624413,2020,25,239,25.5,10,0.231,0.490,0.326,0.816,0.242,0.225,0.463,0.342,0.334,0.323,0.238,0.407,0.319,0.027,0.008,,,90.2,30.4,12.8,4.7,17.6,27.7,31.1,4.1,41.2,102.386786986,95.44273469,30.4,46.1,39.9,
"Biggio, Cavan",624415,2020,25,265,23,15.5,0.250,0.432,0.375,0.807,0.311,0.214,0.343,0.355,0.315,0.345,0.129,0.328,0.296,0.089,0.040,,,87.4,31.4,5,8.8,22,30.8,28.3,5,30.8,96.787761519,92.575247452,23,36.3,39.6,0
"Conforto, Michael",624424,2020,27,233,24.5,10.3,0.322,0.515,0.412,0.927,0.412,0.281,0.478,0.401,0.374,0.377,0.197,0.451,0.392,0.037,0.027,,,88.4,38.6,11,6.2,32.4,18.6,26.2,5.5,36.6,99.863468082,94.033462897,26,44.2,41.4,-3
"Frazier, Adam",624428,2020,28,230,15.2,7.4,0.230,0.364,0.297,0.661,0.246,0.251,0.378,0.291,0.309,0.317,0.127,0.325,0.302,-0.014,-0.018,,,85.5,34.9,4,2.9,26.9,26.3,34.3,5.1,25.1,95.606103488,91.803051744,16.6,46.2,45.1,0
"Cronenworth, Jake",630105,2020,26,192,15.6,9.4,0.285,0.477,0.354,0.831,0.324,0.317,0.535,0.356,0.393,0.383,0.218,0.435,0.382,-0.058,-0.037,,,89.8,37.8,10.5,5.6,26.6,19.6,33.6,3.5,42.7,99.954348592,94.317753732,16.7,39.8,44.8,
"Anderson, Tim",641313,2020,27,221,22.6,4.5,0.322,0.529,0.357,0.886,0.383,0.286,0.501,0.376,0.352,0.324,0.215,0.437,0.375,0.028,0.024,,,87.2,33.3,10.1,4.4,25.8,13.8,40.3,5,35.8,99.049571899,93.615060633,30.9,55.2,56,
"Bellinger, Cody",641355,2020,24,243,17.3,12.3,0.239,0.455,0.333,0.788,0.245,0.284,0.494,0.337,0.374,0.374,0.210,0.413,0.355,-0.039,-0.037,,,89.3,29.2,9.4,7,26.9,28.1,24,2.9,41.5,100.513292857,94.455236287,23.3,47.6,39.8,7
"Crawford, J.P.",641487,2020,25,232,16.8,9.9,0.255,0.338,0.336,0.674,0.303,0.257,0.360,0.303,0.318,0.343,0.103,0.333,0.320,-0.022,-0.015,,,85.8,34.1,1.8,6.6,27.5,24,34.1,4.8,31.1,97.315126098,92.657563049,18.2,41.1,44.3,
"Dozier, Hunter",641531,2020,28,186,25.8,14.5,0.228,0.392,0.344,0.736,0.288,0.235,0.385,0.326,0.331,0.351,0.150,0.381,0.338,0.007,-0.005,,,86.4,26.4,8.2,2.7,27.3,30,28.2,2.7,30.9,98.298979455,93.253164404,30.9,41.9,39.1,-1
"Lewis, Kyle",641786,2020,24,242,29.3,14,0.262,0.437,0.364,0.801,0.341,0.239,0.433,0.349,0.344,0.347,0.194,0.436,0.365,0.004,0.005,,,88.3,37.2,11.7,7.3,24.1,21.9,32.1,2.2,35,98.801784265,93.501654412,36.3,43.2,43.1,4
"McMahon, Ryan",641857,2020,25,193,34.2,9.3,0.215,0.419,0.295,0.714,0.286,0.203,0.389,0.308,0.296,0.286,0.186,0.405,0.330,0.030,0.012,,,90.1,27.1,11.2,4.7,23.4,20.6,37.4,0.9,43,101.166563962,94.858618952,31.7,47.3,50.5,
"Smith, Dominic",642086,2020,25,199,22.6,7,0.316,0.616,0.377,0.993,0.368,0.303,0.566,0.412,0.392,0.365,0.264,0.480,0.398,0.050,0.020,,,89.8,43,13.3,5.9,28.1,19.3,28.9,3.7,46.7,100.278953134,94.610905149,26,51.9,41.5,-3
"Adames, Willy",642715,2020,24,205,36.1,9.8,0.259,0.481,0.332,0.813,0.388,0.229,0.394,0.347,0.307,0.305,0.165,0.441,0.383,0.087,0.040,,,88.8,36.9,9.9,9,23.4,22.5,30.6,3.6,40.5,100.611447818,94.419791091,38.7,46.2,45,
"Kiner-Falefa, Isiah",643396,2020,25,228,14,6.1,0.280,0.370,0.329,0.699,0.316,0.260,0.340,0.307,0.294,0.312,0.080,0.310,0.306,0.030,0.013,,,87.2,22.2,2.2,2.8,27.2,16.7,47.2,3.9,31.1,96.603922889,92.344912179,15.8,47.4,61.7,
"McNeil, Jeff",643446,2020,28,209,11.5,9.6,0.311,0.454,0.383,0.837,0.335,0.277,0.407,0.360,0.337,0.355,0.130,0.339,0.316,0.047,0.023,,,86.6,37,2.5,6.8,32.1,25.3,27.8,4.9,26.5,95.63896284,91.861592484,17.5,57,44.4,1
"Robles, Victor",645302,2020,23,189,28,4.8,0.220,0.315,0.293,0.608,0.298,0.205,0.280,0.273,0.262,0.284,0.075,0.312,0.302,0.035,0.011,,,82.2,37.3,1.7,5.1,21.2,31.4,28.8,11.9,22.9,94.70035,91.585986903,27.9,50.3,38.1,1
"Devers, Rafael",646240,2020,23,248,27,5.2,0.263,0.483,0.310,0.793,0.325,0.256,0.460,0.337,0.328,0.304,0.204,0.425,0.360,0.023,0.009,,,93,33.3,12.1,5.5,22.4,24.2,34.5,0.6,43.6,102.902087073,95.998599329,31.7,55,46.1,
"Jiménez, Eloy",650391,2020,23,226,24.8,5.3,0.296,0.559,0.332,0.891,0.340,0.278,0.540,0.373,0.364,0.317,0.262,0.469,0.378,0.019,0.009,,,92.4,32.9,16.5,7,20.9,11.4,41.1,2.5,55.7,103.874396076,96.948955223,29.2,54.4,52.5,-3
"Schwarber, Kyle",656941,2020,27,224,29.5,13.4,0.188,0.393,0.308,0.701,0.219,0.224,0.441,0.307,0.340,0.340,0.218,0.429,0.345,-0.048,-0.033,,,92.8,28.8,11.2,8.8,20.8,19.2,32.8,4.8,47.2,103.130327705,96.271187438,28,42.9,51.2,-2
"Verdugo, Alex",657077,2020,24,221,20.4,7.7,0.308,0.478,0.367,0.845,0.371,0.238,0.369,0.362,0.299,0.305,0.132,0.338,0.308,0.109,0.063,,,87,31.2,6.4,5.1,23.6,19.1,42,3.8,34.4,98.021422025,93.054003567,18.7,42.8,52.2,2
"White, Evan",657108,2020,24,202,41.6,8.9,0.176,0.346,0.252,0.598,0.264,0.190,0.387,0.261,0.292,0.269,0.197,0.461,0.357,-0.041,-0.031,,,91.7,27.3,14.1,8.1,20.2,23.2,31.3,3,52.5,102.396977755,95.801080408,38,43.8,44.4,
"Laureano, Ramón",657656,2020,25,222,26.1,10.8,0.213,0.366,0.338,0.704,0.270,0.230,0.403,0.315,0.338,0.353,0.173,0.387,0.331,-0.037,-0.023,,,87.7,34.4,9.4,4.7,21.9,27.3,30.5,6.3,34.4,99.202456563,93.694385859,25,40.2,44.5,2
"Moncada, Yoán",660162,2020,25,231,31.2,12.1,0.225,0.385,0.320,0.705,0.315,0.207,0.336,0.309,0.290,0.306,0.129,0.359,0.321,0.049,0.019,,,87.8,33.8,6.2,4.6,27.7,30.8,26.9,3.1,33.1,98.732421563,93.432022969,30.5,43.1,41.5,
"Acuña Jr., Ronald",660670,2020,22,202,29.7,18.8,0.250,0.581,0.406,0.987,0.302,0.256,0.594,0.413,0.422,0.411,0.339,0.565,0.410,-0.013,-0.009,,,92.3,34,16,18,21,20,18,6,56,105.3485436,97.591202626,29.9,40.5,36,1
"Riley, Austin",663586,2020,23,206,23.8,7.8,0.239,0.415,0.301,0.716,0.280,0.265,0.474,0.307,0.342,0.325,0.208,0.421,0.358,-0.059,-0.035,,,91,30.7,10,5,24.3,24.3,32.9,2.1,42.9,101.303326667,95.046922681,30.1,54.2,42.1,
"Tucker, Kyle",663656,2020,23,228,20.2,7.9,0.268,0.512,0.325,0.837,0.303,0.261,0.449,0.349,0.327,0.318,0.188,0.383,0.333,0.063,0.022,,,91.1,34.1,9.1,6.7,24.4,29.9,28,1.8,44.5,100.585821585,94.801780307,22.5,50.5,39,5
"Grisham, Trent",663757,2020,23,252,25.4,12.3,0.251,0.456,0.352,0.808,0.310,0.260,0.477,0.349,0.364,0.361,0.216,0.443,0.371,-0.021,-0.015,,,88.3,37.9,11.1,3.9,24.2,20.3,30.1,9.8,41.8,100.546281528,94.492469653,24.2,38.3,43.8,7
"Happ, Ian",664023,2020,25,231,27.3,13,0.258,0.505,0.361,0.866,0.317,0.261,0.469,0.369,0.362,0.365,0.208,0.455,0.385,0.036,0.007,,,91.1,37.5,10.3,5.1,28.7,19.1,33.1,2.2,48.5,101.293754179,95.210163083,35.7,43.5,47.1,1
"Lowe, Brandon",664040,2020,25,224,25.9,11.2,0.269,0.554,0.362,0.916,0.309,0.258,0.547,0.385,0.381,0.353,0.289,0.475,0.366,0.007,0.004,,,89.8,37.2,17.5,5.1,20.4,26.3,25.5,4.4,43.1,101.582307353,95.064492574,35.7,46.9,32.8,0
"Fletcher, David",664058,2020,26,230,10.9,8.7,0.319,0.425,0.376,0.801,0.348,0.292,0.351,0.350,0.316,0.352,0.059,0.317,0.329,0.074,0.034,,,84.7,30.8,0.5,1.1,30.8,16.8,45.4,5.4,17.8,93.861628587,90.930814293,8.6,37.2,55.1,
"Tatis Jr., Fernando",665487,2020,21,257,23.7,10.5,0.277,0.571,0.366,0.937,0.306,0.297,0.614,0.392,0.422,0.386,0.317,0.526,0.409,-0.043,-0.030,,,95.9,32.3,19.5,7.9,20.1,14.6,37.2,0.6,62.2,105.418141463,98.319840671,28.2,47,48.2,
"Guerrero Jr., Vladimir",665489,2020,21,243,15.6,8.2,0.262,0.462,0.329,0.791,0.282,0.268,0.446,0.338,0.338,0.334,0.178,0.367,0.324,0.016,0.000,,,92.5,29.5,8.7,6,19.7,20.2,43.7,1.1,50.8,104.137539231,96.564434725,24.7,47.9,54.6,
"Soto, Juan",665742,2020,21,196,14.3,20.9,0.351,0.695,0.490,1.185,0.363,0.332,0.696,0.478,0.475,0.475,0.363,0.527,0.406,-0.001,0.003,,,92.1,33.3,18.3,6.3,24.6,11.9,36.5,2.4,51.6,104.179163651,96.71684,21.4,36.2,53.2,-2
"Gurriel Jr., Lourdes",666971,2020,26,224,21.4,6.3,0.308,0.534,0.348,0.882,0.351,0.281,0.486,0.372,0.347,0.325,0.205,0.420,0.363,0.048,0.025,,,90.8,39.5,11.7,3.1,24.7,24.1,32.7,3.1,49.4,101.125280494,95.206539938,26.3,51.2,41.4,-1
"Reynolds, Bryan",668804,2020,25,208,27.4,10.1,0.189,0.357,0.275,0.632,0.231,0.228,0.403,0.278,0.314,0.310,0.175,0.387,0.330,-0.046,-0.036,,,87.5,35.2,10.2,3.9,21.9,24.2,34.4,5.5,38.3,99.182354844,93.601750078,27.7,46.8,44.5,1
"Edman, Tommy",669242,2020,25,227,21.1,7,0.250,0.368,0.317,0.685,0.301,0.266,0.367,0.302,0.315,0.334,0.102,0.359,0.347,0.001,-0.013,,,86.5,31,3.8,4.4,27.8,21.5,36.7,5.1,33.5,98.038288205,93.038931538,19,42.7,51.3,1
"Solak, Nick",669256,2020,25,233,18,7.7,0.268,0.344,0.326,0.670,0.320,0.264,0.388,0.297,0.318,0.326,0.124,0.351,0.327,-0.044,-0.021,,,89.9,27.5,4.7,7,22.8,26.3,36.8,2.3,40.4,99.55755,94.098003235,19.1,43.8,48.5,-2
"Hiura, Keston",669374,2020,23,246,34.6,6.5,0.212,0.410,0.297,0.707,0.273,0.210,0.435,0.304,0.318,0.299,0.225,0.447,0.348,-0.025,-0.014,,,87.4,34.3,14.2,4.5,22.4,21.6,32.1,4.5,39.6,99.973661343,94.067657368,42.7,50.1,44,
"Lopez, Nicky",670032,2020,25,192,21.4,9.4,0.201,0.266,0.286,0.552,0.260,0.238,0.308,0.254,0.287,0.319,0.070,0.315,0.314,-0.042,-0.033,,,84.9,30.5,1.5,3.1,26.7,17.6,42.7,8.4,26.7,95.483714921,91.77179232,21,44.6,56.5,
"Robert Jr., Luis",673357,2020,22,227,32.2,8.8,0.233,0.436,0.302,0.738,0.300,0.225,0.466,0.316,0.329,0.299,0.241,0.455,0.354,-0.030,-0.013,,,87.9,36.6,13,9.2,16,24.4,30.5,5.3,40.5,101.465314462,94.80674876,41.5,57.6,38.2,5
"Cabrera, Miguel",408234,2021,38,526,22.4,7.6,0.256,0.386,0.316,0.702,0.305,0.234,0.420,0.305,0.315,0.301,0.186,0.372,0.312,-0.034,-0.010,,,91.4,32.8,8.3,8.5,22.9,21.5,34.2,3.3,49,101.953387486,95.613068408,25.8,49.4,49,
"Cruz Jr., Nelson",443558,2021,40,584,21.6,8.7,0.265,0.497,0.334,0.831,0.286,0.264,0.512,0.346,0.363,0.341,0.248,0.439,0.353,-0.015,-0.017,,,92.9,31.8,13.6,8.1,19.7,24.5,31.1,3,52.5,105.497885455,97.364589369,30.7,51,43.4,
"Peralta, David",444482,2021,33,538,17.1,8.6,0.259,0.402,0.325,0.727,0.303,0.243,0.345,0.314,0.293,0.313,0.103,0.315,0.300,0.057,0.021,,,89.3,27.2,5,4.5,24.2,19.9,42.6,3.3,41.8,101.204662576,94.748489747,21.3,46.5,54.9,4
"Blackmon, Charlie",453568,2021,34,582,15.6,9.3,0.270,0.411,0.351,0.762,0.305,0.291,0.450,0.333,0.359,0.369,0.160,0.385,0.352,-0.039,-0.026,,,87.6,32.6,7,3.5,29.8,21.4,33.6,4.7,38.5,99.359821596,93.750499272,20.2,47.3,47.4,-8
"McCutchen, Andrew",457705,2021,34,574,23,14.1,0.222,0.444,0.334,0.778,0.242,0.235,0.426,0.335,0.340,0.348,0.191,0.384,0.322,0.018,-0.005,,,88.8,33.6,9,8.4,21.8,26.6,30,3.9,39.5,99.449259775,93.945349747,25.9,41.7,40.9,-7
"Turner, Justin",457759,2021,36,612,16,10,0.278,0.471,0.361,0.832,0.292,0.270,0.470,0.358,0.359,0.358,0.199,0.383,0.331,0.001,-0.001,,,90.9,36.5,7.9,8.6,27.2,31.1,23.8,1.1,42.4,99.559758318,94.25153575,17.7,44.5,35.4,
"Votto, Joey",458015,2021,37,533,23.8,14.4,0.266,0.563,0.375,0.938,0.287,0.274,0.592,0.391,0.406,0.383,0.318,0.498,0.378,-0.029,-0.015,,,92.9,44.3,17.2,9.2,23.7,25.2,23.4,1.2,53.2,102.539441104,96.093851969,29.4,43.9,33.2,
"Andrus, Elvis",462101,2021,32,541,15,5.7,0.243,0.320,0.294,0.614,0.283,0.273,0.375,0.270,0.308,0.324,0.102,0.335,0.327,-0.055,-0.038,,,87.8,34,2.1,5.9,30.3,21,35.7,4.5,34.8,98.143821256,93.154317918,19.6,48.9,47,
"Santana, Carlos",467793,2021,35,659,15.5,13.1,0.214,0.342,0.319,0.661,0.227,0.244,0.421,0.294,0.335,0.345,0.177,0.342,0.296,-0.079,-0.041,,,89.9,28,6.8,7.1,22.4,25.4,34.8,3.2,41.9,100.529242479,94.571698094,22.3,43.4,45.3,
"Lowrie, Jed",476704,2021,37,512,21.1,9.6,0.245,0.398,0.318,0.716,0.289,0.259,0.464,0.311,0.343,0.332,0.206,0.399,0.337,-0.066,-0.032,,,90.7,36.5,9.3,9.6,23.8,26.9,28.9,1.4,45.9,100.200115198,94.60925779,24.2,46.7,36.8,
"Brantley Jr., Michael",488726,2021,34,508,10.4,6.5,0.311,0.437,0.362,0.799,0.337,0.312,0.466,0.347,0.361,0.365,0.154,0.378,0.353,-0.029,-0.014,,,89.5,38.8,5.8,6.2,31.4,21.1,32.1,3.4,42.9,99.686219375,94.187918365,10.9,45.6,46.8,-2
"Gurriel Jr., Yuli",493329,2021,37,605,11.2,9.8,0.319,0.462,0.383,0.845,0.336,0.271,0.386,0.363,0.326,0.347,0.115,0.325,0.309,0.076,0.037,,,89.8,31,3.4,5.5,29.1,28.3,31.4,2.3,42,99.889790127,94.187271203,13.9,42.8,41.6,
"Rojas, Miguel",500743,2021,32,539,13.7,6.9,0.265,0.392,0.322,0.714,0.295,0.244,0.339,0.311,0.287,0.303,0.096,0.297,0.286,0.053,0.024,,,86.2,32.4,2.8,4.7,26,25.5,36.9,3.8,32.9,96.919576095,92.460967976,19.3,45.7,45.6,
"Escobar, Eduardo",500871,2021,32,599,20.7,8,0.253,0.472,0.314,0.786,0.279,0.249,0.453,0.334,0.328,0.310,0.205,0.382,0.321,0.019,0.006,,,87,38,8.9,6.1,23.2,33.8,22.5,5.2,34.5,98.233403679,93.168115165,23.9,49.5,33.3,
"Pham, Tommy",502054,2021,33,561,22.8,13.9,0.229,0.383,0.340,0.723,0.280,0.253,0.438,0.318,0.350,0.362,0.185,0.400,0.345,-0.055,-0.032,,,90.8,35.6,10,8.8,22.5,18.5,36.8,3.1,47.6,101.782107886,95.261546371,23.6,38.2,49.6,-5
"Martinez, J.D.",502110,2021,33,634,23.7,8.7,0.286,0.518,0.349,0.867,0.340,0.288,0.533,0.364,0.374,0.352,0.245,0.467,0.388,-0.015,-0.010,,,92.1,41.2,12.5,10.8,24.2,25.4,24.5,2.6,49.4,102.421753991,95.887919576,29.2,54.2,34.1,-2
"Goldschmidt, Paul",502671,2021,33,679,20,9.9,0.294,0.514,0.365,0.879,0.331,0.293,0.575,0.373,0.397,0.366,0.282,0.468,0.376,-0.061,-0.024,,,92.6,36.9,13.6,8.3,26.3,25.4,24.6,1.7,50.6,102.744108602,96.119572675,24.9,44.2,37.3,
"Altuve, Jose",514888,2021,31,678,13.4,9.7,0.278,0.489,0.350,0.839,0.280,0.262,0.421,0.357,0.332,0.339,0.159,0.344,0.309,0.068,0.025,,,87.7,32.1,6.4,6.2,23.8,29.4,28,6.2,35,98.384760909,93.261160455,15.9,47.4,41,
"Hernández, César",514917,2021,31,637,21.2,9.3,0.232,0.386,0.308,0.694,0.266,0.243,0.386,0.302,0.311,0.319,0.144,0.353,0.318,0.000,-0.009,,,87.4,32.6,6.8,5,22.1,23.3,36.3,5.7,33.2,98.368510187,93.237272693,22,47.1,47.3,
"Segura, Jean",516416,2021,31,567,13.8,6.9,0.290,0.436,0.348,0.784,0.317,0.266,0.396,0.338,0.319,0.328,0.130,0.337,0.313,0.040,0.019,,,87.2,31.1,5.9,5.4,22.4,19.5,39.5,6.8,37.4,99.697739358,93.921203784,17.3,48.7,52.4,
"Marte, Starling",516782,2021,32,526,18.8,8.2,0.310,0.458,0.383,0.841,0.372,0.277,0.438,0.364,0.347,0.354,0.161,0.389,0.350,0.020,0.017,,,87.6,32.6,8.4,4.3,25.6,15.4,39.1,7.3,39.6,100.239516776,94.207705479,24.6,49.5,56.3,1
"Donaldson, Josh",518626,2021,35,543,21,13.6,0.247,0.475,0.352,0.827,0.268,0.269,0.542,0.353,0.388,0.372,0.273,0.447,0.353,-0.067,-0.035,,,94.1,30.2,17.4,4.8,18.5,24.8,32.5,1.7,52.7,104.204804343,97.023133829,27.6,45.2,43.9,
"Freeman, Freddie",518692,2021,31,695,15.4,12.2,0.300,0.503,0.393,0.896,0.321,0.316,0.579,0.379,0.413,0.407,0.263,0.458,0.383,-0.076,-0.034,,,91.4,37.2,11.5,7.1,31.9,20,26.7,2.6,46.1,101.764448826,95.351215951,21,51.2,43.2,
"LeMahieu, DJ",518934,2021,32,679,13.8,10.8,0.268,0.362,0.349,0.711,0.301,0.283,0.397,0.315,0.340,0.366,0.114,0.350,0.337,-0.035,-0.025,,,90.6,33.3,3.7,6.9,28.5,17.9,39.8,2.6,43.5,100.113305573,94.512956356,14.4,41.4,52,
"Rizzo, Anthony",519203,2021,31,576,15.1,9,0.248,0.440,0.344,0.784,0.258,0.261,0.434,0.339,0.347,0.356,0.173,0.357,0.314,0.006,-0.008,,,90.1,31.4,7.7,5.6,25.4,28.7,29.5,2.9,41.1,100.696655631,94.60294966,20.8,46.5,41.3,
"Stanton, Giancarlo",519317,2021,31,579,27.1,10.9,0.273,0.516,0.354,0.870,0.324,0.258,0.494,0.370,0.359,0.343,0.236,0.458,0.373,0.022,0.011,,,95.1,32.6,15.7,11,17.7,19.9,32,2.5,56.3,108.657830625,99.263673807,32.6,44.2,45.5,-2
"Perez, Salvador",521692,2021,31,665,25.6,4.2,0.273,0.544,0.316,0.860,0.298,0.273,0.562,0.359,0.371,0.318,0.289,0.483,0.376,-0.018,-0.012,,,93,34.1,16.3,8.6,24.2,22.5,25.6,2.9,56.2,104.087645903,97.05981185,33.7,58.9,37.4,
"García, Avisaíl",541645,2021,30,515,23.5,7.4,0.262,0.490,0.330,0.820,0.291,0.278,0.514,0.346,0.366,0.346,0.236,0.452,0.374,-0.024,-0.020,,,90.4,35.9,12.2,7,22.6,19.4,35.4,3.5,46.4,102.661785607,95.672483217,33.7,58.1,48.4,-2
"Villar, Jonathan",542340,2021,30,505,26.1,9.1,0.249,0.416,0.322,0.738,0.313,0.235,0.388,0.320,0.307,0.310,0.153,0.377,0.332,0.028,0.013,,,88,29.9,7.4,5.6,23.1,20.4,38.9,4.3,34.9,99.828691447,93.930594182,30.1,49.9,49.1,
"Aguilar, Jesús",542583,2021,31,510,18.2,9,0.261,0.459,0.329,0.788,0.279,0.260,0.453,0.334,0.334,0.329,0.193,0.375,0.323,0.006,0.000,,,89.6,34.7,8.5,5.5,26.4,35,22,2.5,41,100.000025495,94.305900248,25.9,44.8,33.3,
"Crawford, Brandon",543063,2021,34,549,19.1,10.2,0.298,0.522,0.373,0.895,0.334,0.259,0.492,0.377,0.356,0.341,0.233,0.405,0.330,0.030,0.021,,,88.8,35.8,11.5,8.4,22.5,24.5,29.8,3.4,43.3,99.818696492,94.078049948,29.3,51.7,40.5,
"Cron, C.J.",543068,2021,31,547,21.4,11,0.281,0.530,0.375,0.905,0.316,0.261,0.481,0.383,0.364,0.360,0.220,0.418,0.346,0.049,0.019,,,88.8,31.9,11.5,5,26.1,27.5,25.2,4.5,42,101.733108492,94.934202465,27.4,47.1,38.7,
"Grossman, Robbie",543257,2021,31,671,23.1,14.6,0.239,0.415,0.357,0.772,0.286,0.234,0.399,0.337,0.334,0.355,0.165,0.371,0.322,0.016,0.003,,,87.8,39.5,7.6,8.3,24.9,34.4,21.5,3.4,34.1,97.650887745,92.935303661,21.6,38.4,30,-3
"Harrison, Josh",543281,2021,33,558,13.4,5.6,0.279,0.400,0.341,0.741,0.313,0.278,0.420,0.325,0.333,0.340,0.142,0.349,0.324,-0.020,-0.008,,,87.2,39.5,4.4,7.4,28.4,25.9,30.5,3.5,32.6,97.20370125,92.65377125,18.8,55.4,40.2,-3
"Hosmer, Eric",543333,2021,31,565,17.5,8.5,0.269,0.395,0.337,0.732,0.313,0.268,0.406,0.319,0.326,0.337,0.137,0.359,0.332,-0.011,-0.007,,,90.5,26.6,5.8,6.1,27.4,15,39.2,5.8,47,102.446751471,95.653349314,22.9,48.3,56.2,
"Semien, Marcus",543760,2021,30,724,20.2,9.1,0.265,0.538,0.334,0.872,0.276,0.249,0.459,0.368,0.336,0.320,0.211,0.385,0.320,0.079,0.032,,,89.7,35.2,9.8,8.3,22.4,33.4,23.6,1.8,41.3,99.347364664,93.999108178,21.5,45.1,31,
"Grichuk, Randal",545341,2021,29,545,20.9,5,0.241,0.423,0.281,0.704,0.266,0.234,0.402,0.300,0.297,0.278,0.167,0.352,0.303,0.021,0.003,,,89.8,30.4,8.5,6.2,19,30.9,30.9,3.5,41.1,101.265902714,94.873053501,23.2,52.3,39.7,3
"Harper, Bryce",547180,2021,28,599,22.4,16.7,0.309,0.615,0.429,1.044,0.359,0.301,0.609,0.431,0.430,0.423,0.308,0.523,0.413,0.006,0.001,,,92.5,38.9,18.1,8.3,23.9,18.9,25.8,5,49.7,104.095508409,96.641756068,32,47.5,41.9,-6
"Abreu, José",547989,2021,34,659,21.7,9.3,0.261,0.481,0.351,0.832,0.293,0.252,0.457,0.354,0.349,0.347,0.205,0.400,0.336,0.024,0.005,,,92,31.2,10.2,9.2,21.7,21,35.3,2.1,49.3,102.892077685,95.964420464,27.7,48.4,47.3,
"Suárez, Eugenio",553993,2021,29,574,29.8,9.8,0.198,0.428,0.286,0.714,0.224,0.215,0.455,0.306,0.326,0.302,0.240,0.420,0.323,-0.027,-0.020,,,89.1,33,15,3.8,16.5,31.6,28.6,4.4,39.8,100.26923,94.340085339,29.5,42.7,36.3,
"Schoop, Jonathan",570731,2021,29,674,19.7,5.5,0.278,0.435,0.320,0.755,0.317,0.258,0.404,0.324,0.311,0.305,0.147,0.361,0.327,0.031,0.013,,,88.1,30.1,6.8,4.4,24.7,23.1,35.7,5,40.2,101.189261968,94.661372435,24.7,52.5,48.4,
"Arenado, Nolan",571448,2021,30,653,14.7,7.7,0.255,0.494,0.312,0.806,0.249,0.248,0.420,0.336,0.311,0.308,0.172,0.336,0.294,0.074,0.025,,,89,34.1,6.7,6.9,23,36.7,23.8,2.8,37.5,98.719642976,93.570965437,18.5,46.8,31.3,
"Farmer, Kyle",571657,2021,30,529,18.3,4.2,0.263,0.416,0.316,0.732,0.296,0.252,0.383,0.316,0.302,0.306,0.132,0.336,0.311,0.033,0.014,,,87.2,36,4.3,5.9,26.3,29.3,29.1,4.8,31.9,97.545416308,92.888295077,20,49.9,40.8,
"Haniger, Mitch",571745,2021,30,691,24.5,7.8,0.253,0.485,0.318,0.803,0.281,0.258,0.493,0.340,0.350,0.325,0.235,0.433,0.352,-0.008,-0.010,,,89.3,33.6,12.6,6.5,23.5,23.5,29.2,4.6,45.1,100.90811287,94.762439739,29.8,46.6,43.1,-8
"Hernández, Enrique",571771,2021,29,585,18.8,10.4,0.250,0.449,0.337,0.786,0.278,0.253,0.455,0.338,0.346,0.342,0.202,0.380,0.321,-0.006,-0.008,,,90.8,36.5,8.4,9.1,23.7,32.6,24.9,1.2,43.2,99.999080443,94.357513827,23.5,44.6,33.6,10
"Muncy, Max",571970,2021,30,592,20.3,14,0.249,0.527,0.368,0.895,0.257,0.271,0.580,0.379,0.407,0.387,0.309,0.468,0.357,-0.053,-0.028,,,91.2,34.9,16.1,8.2,19.6,24.6,27.5,3.4,46.6,102.0590325,95.545324574,23.4,37.6,38.6,
"Seager, Kyle",572122,2021,33,670,24,8.8,0.212,0.438,0.285,0.723,0.226,0.221,0.452,0.308,0.319,0.294,0.231,0.383,0.301,-0.014,-0.011,,,89,35.7,12.3,7.8,17.9,35,23.1,3.8,40.1,99.68216,94.062280564,29.7,49.6,33.4,
"Taylor, Michael A.",572191,2021,30,528,27.3,6.3,0.244,0.356,0.297,0.653,0.319,0.246,0.390,0.286,0.300,0.299,0.144,0.382,0.346,-0.034,-0.014,,,89.4,30.6,6.6,4.6,26.3,24.3,34.7,3.5,40.2,100.404271228,94.393365396,31.2,51.9,46.2,14
"Yastrzemski, Mike",573262,2021,30,532,24.6,9.6,0.224,0.457,0.311,0.768,0.254,0.221,0.431,0.326,0.318,0.309,0.210,0.378,0.306,0.026,0.008,,,89.5,33.1,10.3,7.6,20.2,33.4,24.6,3.2,39.3,99.157264671,93.794353174,24.2,45.9,34.3,3
"Iglesias, Jose",578428,2021,31,511,14.7,4.1,0.271,0.391,0.309,0.700,0.305,0.270,0.366,0.304,0.297,0.308,0.096,0.326,0.319,0.025,0.007,,,85.4,35.5,3.4,2.9,28.4,27.1,31.5,6.1,28.6,96.57281701,92.297143784,18.9,55,42.1,
"Bryant, Kris",592178,2021,29,586,23,10.6,0.265,0.481,0.353,0.834,0.313,0.260,0.449,0.356,0.346,0.349,0.189,0.407,0.352,0.032,0.010,,,88.2,37.1,10.3,6.1,25.5,27.1,26.1,5,40,99.222537,93.821051447,28,48.7,37.9,-3
"Canha, Mark",592192,2021,32,625,20.5,12.3,0.231,0.387,0.358,0.745,0.274,0.231,0.378,0.333,0.332,0.358,0.147,0.343,0.305,0.009,0.001,,,87.3,36.1,7.1,5.9,23.7,26.7,31.8,4.8,35.4,97.938321269,93.004303181,21.5,40.5,42.2,1
"Castellanos, Nick",592206,2021,29,585,20.7,7,0.309,0.576,0.362,0.938,0.340,0.293,0.535,0.391,0.374,0.350,0.241,0.450,0.377,0.041,0.017,,,89.8,44,10.6,11.5,24.3,21.4,26,6.3,46.9,101.478243413,95.160421779,30.7,55,38,-7
"Judge, Aaron",592450,2021,29,633,25,11.8,0.287,0.544,0.373,0.917,0.332,0.308,0.594,0.387,0.418,0.394,0.286,0.532,0.431,-0.050,-0.031,,,95.8,38.5,17.6,9.1,23.7,17.6,29.5,1.8,58.4,107.090197563,98.864780584,29.1,42.5,42.1,0
"Machado, Manny",592518,2021,28,640,15.9,9.8,0.278,0.489,0.347,0.836,0.290,0.291,0.526,0.350,0.376,0.363,0.235,0.421,0.354,-0.037,-0.026,,,93.1,33.8,13.3,7,24.1,24.7,27.9,2.7,52.2,104.861270593,97.161278811,23,48,39.5,
"Realmuto, J.T.",592663,2021,30,537,24,8.9,0.263,0.439,0.343,0.782,0.325,0.253,0.416,0.336,0.329,0.335,0.164,0.393,0.347,0.023,0.007,,,89.6,31.2,8.6,6,26.6,22.9,32.1,3.7,44.7,101.300227486,94.997809341,27,49.5,46.7,
"Renfroe, Hunter",592669,2021,29,572,22.7,7.7,0.259,0.501,0.315,0.816,0.284,0.260,0.506,0.344,0.354,0.320,0.245,0.433,0.348,-0.005,-0.010,,,90.1,32.7,14.4,6.3,18.6,27.5,29.5,3.3,44.3,102.674148889,95.514085899,25.9,48.2,38.5,-3
"Merrifield, Whit",593160,2021,32,720,14.3,5.6,0.277,0.395,0.317,0.712,0.309,0.263,0.383,0.306,0.301,0.306,0.120,0.325,0.308,0.012,0.005,,,86.9,40,3.5,7.2,27.1,27.2,31.8,3.3,28.8,96.198273099,92.10313669,18.3,50,41.7,-1
"Bogaerts, Xander",593428,2021,28,603,18.7,10.3,0.295,0.493,0.370,0.863,0.333,0.280,0.468,0.368,0.359,0.359,0.189,0.404,0.354,0.025,0.009,,,89.6,36.4,9.7,5.9,25.1,24.8,31.2,3.1,43,100.949849336,94.630657583,22,45.7,40.2,
"Polanco, Jorge",593871,2021,27,644,18.3,7,0.269,0.503,0.323,0.826,0.282,0.267,0.488,0.349,0.348,0.323,0.220,0.398,0.333,0.015,0.001,,,89.4,36.1,10.1,5.9,22.9,33.2,22.7,5,37.4,99.644968803,94.059153897,19.7,49.5,33,
"Sanó, Miguel",593934,2021,28,532,34.4,11.1,0.223,0.466,0.312,0.778,0.291,0.216,0.439,0.332,0.322,0.306,0.223,0.451,0.353,0.027,0.010,,,93.4,32.3,17.7,5.2,21.9,28.8,21.5,4.5,55.9,105.463960417,97.768462404,38.2,44.6,39.2,
"Duvall, Adam",594807,2021,32,555,31.4,6.3,0.228,0.491,0.281,0.772,0.260,0.227,0.499,0.324,0.330,0.281,0.271,0.457,0.343,-0.008,-0.006,,,89.8,33.3,16.1,5,20.5,33.9,20.2,4.4,43.9,101.576989532,95.059923684,29.3,50,30.7,4
"Báez, Javier",595879,2021,28,547,33.6,5.1,0.265,0.494,0.319,0.813,0.352,0.237,0.450,0.344,0.321,0.295,0.213,0.460,0.374,0.044,0.023,,,90.1,32.7,13.4,7.2,20.9,18.4,35.5,4.4,45.2,102.100878994,95.40051456,40.6,56.9,46.7,
"Lindor, Francisco",596019,2021,27,524,18.3,11.1,0.230,0.412,0.322,0.734,0.248,0.254,0.450,0.317,0.344,0.345,0.197,0.378,0.322,-0.038,-0.027,,,90.7,35.6,8.2,7.7,21.6,27.7,29.3,5.2,44.1,100.654597006,94.782827712,23.2,47.4,41.6,
"Story, Trevor",596115,2021,28,595,23.4,8.9,0.251,0.471,0.329,0.800,0.293,0.245,0.450,0.341,0.335,0.325,0.205,0.397,0.331,0.021,0.006,,,90.6,34.2,9.9,6.6,21.2,32.1,28.1,2,42.6,100.826442959,94.729589592,27.4,50.8,36.5,
"Candelario, Jeimer",600869,2021,27,626,21.6,10.4,0.271,0.443,0.351,0.794,0.333,0.278,0.462,0.344,0.356,0.358,0.184,0.416,0.367,-0.019,-0.012,,,88.7,38.6,9,6.6,28.4,21.8,30.6,3.6,39.1,99.820428626,94.030826508,23.5,47.6,40.8,
"Bell, Josh",605137,2021,28,568,17.8,11.4,0.261,0.476,0.347,0.823,0.276,0.272,0.481,0.352,0.362,0.358,0.209,0.400,0.341,-0.005,-0.010,,,92.5,28.5,8.8,6.8,24.8,15.8,41.5,2.3,52,103.31235455,96.348443033,24.1,46.7,54.3,
"Betts, Mookie",605141,2021,28,550,15.6,12.4,0.264,0.487,0.367,0.854,0.276,0.263,0.445,0.365,0.357,0.369,0.182,0.369,0.322,0.042,0.008,,,90.3,34,7.8,7.5,23.6,31.9,26,2.6,41,99.139157135,94.102277154,16.8,40.4,34.8,-1
"Tapia, Raimel",606132,2021,27,533,13.1,7.5,0.273,0.372,0.327,0.699,0.306,0.241,0.308,0.305,0.273,0.298,0.067,0.279,0.279,0.064,0.032,,,85.7,19.9,2.1,1.4,20.4,13.7,55.9,5.9,31.5,96.953380048,92.476739258,14.7,51.2,68,2
"Hernández, Teoscar",606192,2021,28,595,24.9,6.1,0.296,0.524,0.346,0.870,0.352,0.284,0.537,0.369,0.370,0.336,0.252,0.472,0.388,-0.013,-0.001,,,91.8,37.4,13.9,7.7,24.3,23.3,27.2,2.7,49,103.3032702,96.169584775,31.8,51.8,39.4,0
"Turner, Trea",607208,2021,28,646,17,6.3,0.328,0.536,0.375,0.911,0.362,0.304,0.485,0.386,0.364,0.355,0.181,0.416,0.373,0.051,0.022,,,89.6,34.6,7.4,5.3,28,22.5,32.3,4.1,46.2,101.311622295,94.938968542,23,49.2,45.6,
"Ramírez, José",608070,2021,28,636,13.7,11.3,0.266,0.538,0.355,0.893,0.256,0.283,0.508,0.372,0.376,0.373,0.226,0.399,0.336,0.030,-0.004,,,90,33.4,11.1,4.9,22.8,31.9,25.3,3.4,42.4,100.831039528,94.777982232,14.9,43,36.2,
"Gallo, Joey",608336,2021,27,616,34.6,18,0.199,0.458,0.351,0.809,0.246,0.199,0.460,0.348,0.352,0.352,0.261,0.481,0.348,-0.002,-0.004,,,91.5,29.4,18.5,3.8,16.1,31.5,22.7,6.6,45.8,103.455349562,96.100400474,38.8,40.4,36.4,5
"Swanson, Dansby",621020,2021,27,653,25.6,8,0.248,0.449,0.311,0.760,0.297,0.251,0.455,0.322,0.332,0.316,0.205,0.417,0.348,-0.006,-0.010,,,89.3,36.8,11.4,6.1,22.8,27,28.4,4.2,42.7,99.888272056,94.152698735,30.4,48.1,40.1,
"Newman, Kevin",621028,2021,27,554,7.4,4.9,0.226,0.309,0.265,0.574,0.236,0.255,0.330,0.249,0.275,0.293,0.076,0.277,0.276,-0.021,-0.026,,,85.3,32,1.6,3.5,23.1,28.9,35.5,7.4,26,95.837500212,91.93298839,12.1,44.9,45.8,
"Taylor, Chris",621035,2021,30,582,28.7,10.8,0.254,0.438,0.344,0.782,0.337,0.237,0.422,0.338,0.329,0.330,0.185,0.415,0.351,0.016,0.009,,,88.2,38.1,10.2,6.4,23.8,28.2,26.2,5.2,38.1,99.754756176,93.990311298,32.8,45.6,36.9,0
"Correa, Carlos",621043,2021,26,640,18.1,11.7,0.279,0.485,0.366,0.851,0.308,0.291,0.477,0.364,0.369,0.376,0.186,0.409,0.364,0.008,-0.005,,,90.2,33.5,9.4,7.4,27,22.5,29.9,3.8,42.7,101.559240852,95.042767326,20.9,42.1,42.5,
"Olson, Matt",621566,2021,27,673,16.8,13.1,0.271,0.540,0.371,0.911,0.269,0.264,0.507,0.379,0.378,0.374,0.243,0.413,0.333,0.033,0.001,,,91.6,32.4,12.7,7.8,19.7,28.5,27.4,3.9,48.8,102.889106926,95.968662554,23.1,47,40.4,
"Alonso, Pete",624413,2021,26,637,19.9,9.4,0.262,0.519,0.344,0.863,0.274,0.271,0.542,0.363,0.377,0.352,0.271,0.438,0.348,-0.023,-0.014,,,91,34.5,14.8,8.2,20.1,24.4,27.9,4.3,47.3,103.709055662,96.163804165,24.9,49.3,39,
"Frazier, Adam",624428,2021,29,639,10.8,7.5,0.305,0.411,0.368,0.779,0.339,0.288,0.376,0.341,0.324,0.353,0.088,0.327,0.327,0.035,0.017,,,85.4,38.9,1,4.7,33.2,25.6,31.4,3.7,25.2,94.770636087,91.395336317,12.4,47.6,42.4,
"Soler, Jorge",624585,2021,29,602,23.6,11.1,0.223,0.432,0.316,0.748,0.250,0.250,0.494,0.323,0.359,0.341,0.244,0.429,0.342,-0.062,-0.036,,,91.2,30.9,12.7,7.4,20.8,26.9,29.3,2.6,47,103.589178942,96.139729418,29.2,44.8,41.4,-6
"Cronenworth, Jake",630105,2021,27,643,14,8.6,0.266,0.460,0.340,0.800,0.283,0.276,0.443,0.341,0.344,0.351,0.166,0.365,0.329,0.017,-0.003,,,88.6,35.8,7.2,3.9,25.5,26.9,31.9,3.7,35,98.727004664,93.509905895,13.7,43.2,43.1,
"Meadows, Austin",640457,2021,26,591,20.6,10,0.234,0.458,0.315,0.773,0.249,0.240,0.425,0.327,0.326,0.325,0.184,0.369,0.314,0.033,0.001,,,89.3,36.1,8.7,7.9,22.5,37.1,20.8,2.5,37.9,99.236473035,93.763605871,24.4,46.7,28.7,-3
"Anderson, Tim",641313,2021,28,551,21.6,4,0.309,0.469,0.338,0.807,0.372,0.278,0.442,0.345,0.324,0.308,0.164,0.399,0.360,0.027,0.021,,,89.6,32.5,7.8,5.9,27.1,12.7,40.1,4.6,42.3,100.468994726,94.526930721,25.9,57.8,56,
"Crawford, J.P.",641487,2021,26,687,16.6,8.4,0.273,0.376,0.338,0.714,0.320,0.257,0.339,0.314,0.298,0.325,0.082,0.316,0.314,0.037,0.016,,,86.3,34.3,2.4,3.7,29,23.3,36.7,4.5,30.6,97.337774462,92.671236474,15.5,44.2,46.7,
"Dozier, Hunter",641531,2021,29,543,28.4,7.9,0.216,0.394,0.285,0.679,0.276,0.224,0.388,0.293,0.299,0.295,0.163,0.377,0.326,0.006,-0.006,,,89.9,33,8.8,9.1,22.4,28.3,28.3,2.9,42.2,100.920294588,94.659477906,32.4,48.8,38.3,-10
"Mancini III, Trey",641820,2021,29,616,23.2,8.3,0.255,0.432,0.326,0.758,0.308,0.266,0.452,0.326,0.341,0.337,0.186,0.412,0.359,-0.020,-0.015,,,88.9,36,10.4,8,25.1,17.6,33.1,5.6,42,101.505868937,94.869304891,29.6,47,49,
"McMahon, Ryan",641857,2021,26,596,24.7,9.9,0.254,0.449,0.331,0.780,0.306,0.243,0.425,0.334,0.325,0.323,0.182,0.390,0.336,0.024,0.009,,,90.5,40.2,7.3,9.8,24.1,26.2,29.8,2.3,43.5,100.810510524,94.736908351,29.2,48.8,39.4,
"O'Neill, Tyler",641933,2021,26,537,31.3,7.1,0.286,0.560,0.352,0.912,0.366,0.276,0.579,0.384,0.389,0.344,0.303,0.545,0.421,-0.019,-0.005,,,93,39.9,17.9,7.2,23.6,25.2,22,4.1,52.2,104.172238365,97.016212516,34.7,49.8,36.2,5
"Rosario, Amed",642708,2021,25,588,20.4,5.3,0.282,0.409,0.321,0.730,0.340,0.267,0.368,0.315,0.300,0.310,0.101,0.352,0.343,0.041,0.015,,,88.8,32,2.8,4.6,28.8,18.9,41.7,2.3,43.5,100.03613414,94.229745093,24.8,48.9,51.4,-1
"Adames, Willy",642715,2021,25,555,28.1,10.3,0.262,0.481,0.337,0.818,0.331,0.236,0.438,0.349,0.325,0.314,0.202,0.413,0.343,0.043,0.024,,,89.5,35.1,11.4,7.6,23.1,28.9,24.9,4.1,44.7,100.71382731,94.667554152,32.6,48.9,37.1,
"Benintendi, Andrew",643217,2021,26,538,18,6.7,0.276,0.442,0.324,0.766,0.309,0.261,0.456,0.328,0.331,0.313,0.194,0.377,0.324,-0.014,-0.003,,,89.6,38.5,8.9,6.7,25.8,29,26.3,3.2,43.2,98.80441545,93.810618421,22.5,52.5,39.5,0
"Kiner-Falefa, Isiah",643396,2021,26,677,13.3,4.1,0.271,0.357,0.312,0.669,0.304,0.267,0.349,0.293,0.292,0.309,0.082,0.312,0.311,0.008,0.001,,,85.5,31.6,1.8,3.5,27.9,19.5,41.2,5.8,28.8,96.328326447,92.167027033,14.5,46.5,54.4,
"Albies, Ozzie",645277,2021,24,686,18.7,6.9,0.259,0.488,0.310,0.798,0.278,0.257,0.461,0.336,0.329,0.309,0.204,0.378,0.319,0.027,0.007,,,89.6,37,9.3,7.3,22.8,35.4,22.2,2.6,37.2,98.68556664,93.56121501,24.9,56.8,31.5,
"Devers, Rafael",646240,2021,24,664,21.5,9.3,0.279,0.538,0.352,0.890,0.307,0.291,0.567,0.373,0.394,0.366,0.276,0.477,0.385,-0.029,-0.021,,,92.9,35.2,15,7.3,22.6,21.7,30.3,2.9,51.8,104.101831156,96.761008486,27.7,53.6,42.3,
"Urías, Luis",649966,2021,24,570,20.4,11.1,0.249,0.445,0.345,0.790,0.280,0.241,0.427,0.340,0.333,0.338,0.186,0.368,0.314,0.018,0.007,,,87.9,34.9,9.3,7.4,20.6,25.7,31,6.1,40.5,99.110538783,93.797357825,22.8,46.3,41.8,
"Torres, Gleyber",650402,2021,24,516,20.2,9.7,0.259,0.366,0.331,0.697,0.314,0.265,0.423,0.307,0.331,0.336,0.159,0.377,0.339,-0.057,-0.024,,,87.1,37.1,7.8,5.8,27.7,24.7,29.4,4.4,35.7,98.748265196,93.463817961,26.3,46.7,41.8,
"Díaz, Yandy",650490,2021,29,541,15.7,12.8,0.256,0.387,0.353,0.740,0.286,0.254,0.399,0.325,0.332,0.353,0.145,0.342,0.310,-0.012,-0.007,,,89.9,28.9,7,5.2,21.6,21.6,40.6,3.9,40.6,101.639064531,95.019968229,19.3,42.6,52.1,
"Chapman, Matt",656305,2021,28,622,32.5,12.9,0.210,0.403,0.314,0.717,0.272,0.209,0.423,0.311,0.321,0.315,0.214,0.421,0.332,-0.020,-0.010,,,89.7,32.1,13.7,4.8,16.7,35.4,25.6,3.6,41.7,101.114826012,94.75382,32.7,44.6,33.6,
"Mullins II, Cedric",656775,2021,26,675,18.5,8.7,0.291,0.518,0.360,0.878,0.322,0.272,0.447,0.372,0.344,0.344,0.175,0.386,0.342,0.071,0.028,,,89.4,35.7,8.1,4.1,26.3,27.2,29,5.2,39.4,99.369452076,93.977727373,20.8,46.3,40.7,11
"Smith, Pavin",656976,2021,25,545,19.4,7.7,0.267,0.404,0.328,0.732,0.319,0.253,0.397,0.318,0.312,0.317,0.144,0.353,0.322,0.007,0.006,,,87.2,33.6,5.1,8.4,24.4,20.6,34.1,7.4,42.7,100.06822449,94.188626913,17.3,42.1,47.8,-4
"Verdugo, Alex",657077,2021,25,604,15.9,8.4,0.289,0.426,0.351,0.777,0.327,0.285,0.446,0.334,0.342,0.348,0.161,0.376,0.343,-0.020,-0.008,,,90,34.9,7.3,5.3,27.6,19.9,36,4,43.3,100.363833673,94.50134427,17.7,44.7,50.3,-5
"Moncada, Yoán",660162,2021,26,616,25.5,13.6,0.263,0.412,0.375,0.787,0.350,0.261,0.426,0.347,0.353,0.374,0.165,0.418,0.373,-0.014,-0.006,,,90.1,40,8.2,6.3,28.5,20.5,32.6,2.5,41.2,100.949227444,94.870101083,28.1,42.6,44.1,
"Ohtani, Shohei",660271,2021,26,639,29.6,15,0.257,0.592,0.372,0.964,0.303,0.266,0.612,0.393,0.408,0.382,0.346,0.566,0.412,-0.020,-0.015,,,93.6,35.4,22.3,6.6,20,21.7,24.9,3.4,53.6,105.900177151,97.802022297,35.1,45.8,39.7,
"Riley, Austin",663586,2021,24,662,25.4,7.9,0.303,0.531,0.367,0.898,0.368,0.281,0.511,0.379,0.366,0.348,0.231,0.461,0.387,0.020,0.013,,,90.1,36.5,13.3,8.6,24.2,22.3,25.8,5.1,45.6,102.871134252,95.650249087,28.3,50.2,38.8,
"Mountcastle, Ryan",663624,2021,24,586,27.5,7,0.255,0.487,0.309,0.796,0.297,0.245,0.457,0.335,0.326,0.303,0.212,0.422,0.348,0.030,0.009,,,89.1,38.9,11.8,6.1,22.6,30,26.1,3.4,39.7,100.499725842,94.394270947,31.6,55.1,35.5,-6
"Tucker, Kyle",663656,2021,24,567,15.9,9.3,0.294,0.557,0.359,0.916,0.304,0.303,0.576,0.383,0.396,0.369,0.272,0.447,0.367,-0.019,-0.013,,,91.4,42,11.6,11.6,24.5,26.6,22.8,2.9,47.5,100.838759238,95.0535942,20.3,52.5,34,3
"India, Jonathan",663697,2021,24,631,22.3,11.3,0.269,0.459,0.376,0.835,0.326,0.254,0.436,0.363,0.352,0.364,0.182,0.395,0.343,0.023,0.011,,,87.6,33.6,9.6,5.1,27.3,21.7,30.1,6.3,38.6,99.492120758,93.903783494,25.1,39,44.9,
"Grisham, Trent",663757,2021,24,527,22.6,10.2,0.242,0.413,0.327,0.740,0.292,0.236,0.363,0.320,0.305,0.323,0.127,0.345,0.317,0.050,0.015,,,88.8,31,5.2,6,25.3,25.6,31.3,6.6,36.8,99.288052118,93.873059115,21.7,40.5,42,5
"Lowe, Nathaniel",663993,2021,25,642,25.2,12.5,0.264,0.415,0.357,0.772,0.339,0.236,0.401,0.337,0.323,0.333,0.165,0.381,0.331,0.014,0.014,,,90.8,31.4,9.5,4.5,23.6,16.6,43.5,2.3,45.5,101.920030352,95.281020854,23.5,44.7,54.5,
"Happ, Ian",664023,2021,26,535,29.2,11.6,0.226,0.434,0.323,0.757,0.281,0.220,0.396,0.328,0.317,0.320,0.176,0.396,0.334,0.038,0.011,,,89.5,30.8,10.9,5.1,22.1,21.5,34.9,4.2,41.3,100.682785163,94.566082557,32.3,43.9,47.1,-4
"France, Ty",664034,2021,26,650,16.3,7.1,0.291,0.445,0.368,0.813,0.327,0.270,0.435,0.353,0.346,0.353,0.165,0.370,0.332,0.010,0.007,,,88.5,35.9,6.8,5.3,29.7,22.3,32.1,3.6,38.9,99.630842766,93.91855583,19.1,50.3,46.7,
"Lowe, Brandon",664040,2021,26,615,27.2,11.1,0.247,0.523,0.340,0.863,0.280,0.246,0.495,0.363,0.357,0.340,0.250,0.451,0.357,0.028,0.006,,,89.3,37.2,14,6.7,22.1,28,24.8,4.3,43.1,100.943196413,94.724953913,32.8,52.5,34.8,-2
"Fletcher, David",664058,2021,27,665,9,4.7,0.262,0.324,0.297,0.621,0.287,0.272,0.320,0.273,0.280,0.307,0.048,0.288,0.301,0.004,-0.007,,,82.3,30.4,0,1,27.2,22.9,40.7,7.9,15.7,92.661183488,90.514600036,9.5,46.5,49.4,
"Straw, Myles",664702,2021,26,638,19,10.5,0.271,0.348,0.349,0.697,0.336,0.256,0.333,0.311,0.303,0.336,0.077,0.324,0.325,0.015,0.008,,,87.1,42.6,1.3,2.9,29.2,29.2,32.8,4.2,26.2,95.725614253,91.886357172,13.6,40.4,41.1,9
"Walsh, Jared",665120,2021,27,585,26,8.2,0.277,0.509,0.340,0.849,0.335,0.256,0.434,0.357,0.326,0.322,0.178,0.412,0.358,0.075,0.031,,,89.6,33.6,11.3,5,26,17.1,36.2,3.9,41.3,101.660333632,94.949250264,26.1,49.3,49.6,0
"Tatis Jr., Fernando",665487,2021,22,546,28,11.4,0.282,0.611,0.364,0.975,0.324,0.279,0.615,0.403,0.407,0.363,0.336,0.546,0.407,-0.004,-0.004,,,93.9,33.1,21.3,7.3,18.8,20.4,29.5,2.7,55.6,105.698422927,97.793088537,34.8,51.5,41,-2
"Guerrero Jr., Vladimir",665489,2021,22,698,15.8,12.3,0.311,0.601,0.401,1.002,0.313,0.311,0.597,0.419,0.421,0.402,0.286,0.468,0.381,0.004,-0.002,,,95.1,33.7,15.1,8.9,21.4,19.6,33.3,1.2,55.2,106.811861538,98.446351968,27.8,47.3,45.6,
"Soto, Juan",665742,2021,22,654,14.2,22.2,0.313,0.534,0.465,0.999,0.332,0.305,0.545,0.420,0.429,0.463,0.241,0.447,0.376,-0.011,-0.009,,,93,29.7,13.3,5.3,23.4,17.1,37.4,3.1,52.7,104.58028599,97.062348402,20,35,52.9,4
"Chisholm Jr., Jazz",665862,2021,23,507,28.6,6.7,0.248,0.425,0.303,0.728,0.319,0.238,0.409,0.312,0.307,0.295,0.171,0.399,0.345,0.016,0.005,,,90.2,29,9,6.5,22.8,20.4,37.7,3.7,42,100.832046938,94.723985799,29.9,47.2,49.4,
"Bichette, Bo",666182,2021,23,690,19.9,5.8,0.298,0.484,0.343,0.827,0.339,0.286,0.484,0.354,0.350,0.332,0.198,0.413,0.361,0.000,0.004,,,91.4,33.5,9.9,4.3,28.4,18.9,34.7,3.6,47.5,102.637648103,95.817675415,22.3,57.8,49.3,
"Carlson, Dylan",666185,2021,22,619,24.6,9.2,0.266,0.437,0.343,0.780,0.332,0.247,0.407,0.336,0.322,0.328,0.159,0.383,0.339,0.030,0.014,,,88.2,40.6,7,7,27.3,27.3,27.3,3.3,31.1,97.425225408,92.83641898,27.9,45,40.1,-4
"García, Adolis",666969,2021,28,622,31.2,5.1,0.243,0.454,0.286,0.740,0.306,0.220,0.422,0.314,0.299,0.267,0.202,0.410,0.331,0.032,0.015,,,91,29.4,11.5,6.1,24.3,26.6,28.1,3.3,45.5,101.116772974,95.023074923,34.2,54.1,43,9
"Gurriel Jr., Lourdes",666971,2021,27,541,18.9,5.9,0.276,0.466,0.319,0.785,0.305,0.272,0.462,0.333,0.339,0.319,0.190,0.396,0.342,0.004,-0.006,,,89.7,35.8,9.6,7.2,24.4,21,33.6,3.2,43,100.4470094,94.556565915,24.2,50.9,45.4,-8
"Arozarena, Randy",668227,2021,26,604,28.1,9.3,0.274,0.459,0.356,0.815,0.363,0.217,0.364,0.350,0.300,0.309,0.147,0.369,0.321,0.095,0.050,,,89.9,29.7,8.2,5.8,20.9,23.4,36.5,4.1,42.3,101.268214833,94.942033565,32.6,44.2,49.2,1
"Reynolds, Bryan",668804,2021,26,646,18.4,11.6,0.302,0.522,0.390,0.912,0.345,0.294,0.523,0.385,0.386,0.384,0.229,0.438,0.372,-0.001,-0.001,,,89.4,39.9,10.4,6.8,26.8,24.8,27,3.8,40.8,100.899979412,94.776504943,23.9,48.9,39.9,11
"Rojas, Josh",668942,2021,27,550,24.9,10.5,0.264,0.411,0.341,0.752,0.345,0.232,0.352,0.327,0.295,0.313,0.120,0.347,0.322,0.059,0.032,,,88.2,40.7,4.8,4.6,28.2,22.2,35.6,4.3,31.1,97.144273046,92.673279109,23.6,42.2,49.6,-1
"Edman, Tommy",669242,2021,26,691,13.7,5.5,0.262,0.387,0.308,0.695,0.291,0.274,0.401,0.301,0.316,0.320,0.127,0.341,0.321,-0.014,-0.015,,,87.5,31.5,4.2,5.8,25.4,23.6,36.2,4.5,35.1,98.07999625,93.108010092,14.9,47.4,46.9,1
"Solak, Nick",669256,2021,26,511,20.9,6.7,0.242,0.362,0.314,0.676,0.292,0.238,0.361,0.299,0.299,0.310,0.124,0.335,0.309,0.001,0.000,,,86.9,29.3,6.5,4.2,20.3,21.7,40.6,6.2,33.5,98.209109143,93.137323639,24.8,46,54.6,
"Hays, Austin",669720,2021,25,529,20.2,5.3,0.256,0.461,0.308,0.769,0.286,0.245,0.432,0.328,0.316,0.298,0.187,0.368,0.314,0.029,0.012,,,88.8,32.2,9.1,5.2,21,27,33,4.7,39.2,99.72384466,93.967000942,24.6,46.4,43.4,0
"Lopez, Nicky",670032,2021,26,565,13.1,8.7,0.300,0.378,0.365,0.743,0.347,0.239,0.305,0.329,0.283,0.313,0.065,0.281,0.282,0.073,0.046,,,86.8,27.6,0.7,3.9,24,19.4,44.7,7.1,26.9,95.857798365,91.988841157,15.7,45.1,58,
"Alvarez, Yordan",670541,2021,24,598,24.2,8.4,0.277,0.531,0.346,0.877,0.320,0.275,0.565,0.369,0.386,0.347,0.290,0.484,0.379,-0.034,-0.017,,,93.2,37.2,15.9,7.6,20.5,23.8,29.1,3,54.2,104.437748426,97.123948655,22.7,43.1,38,-1
"Cruz Jr., Nelson",443558,2022,41,507,23.5,9.7,0.234,0.337,0.313,0.650,0.295,0.241,0.399,0.292,0.320,0.323,0.157,0.377,0.331,-0.062,-0.028,,,90.9,28,9.3,4.5,25.6,17.2,39.8,2.4,46.1,102.29838061,95.468978262,32,50.8,53,
"Blackmon, Charlie",453568,2022,35,577,18.9,5.5,0.264,0.419,0.314,0.733,0.304,0.256,0.376,0.317,0.301,0.308,0.120,0.345,0.322,0.043,0.016,,,86.2,36.7,4.4,4,27.1,25.2,32.2,6.5,30.6,97.426435333,92.732128429,21.4,51.5,44.4,-5
"McCutchen, Andrew",457705,2022,35,580,21.4,9.8,0.237,0.384,0.316,0.700,0.278,0.248,0.402,0.309,0.322,0.326,0.154,0.367,0.324,-0.018,-0.013,,,89.1,36.2,8.6,5.8,24.1,26.3,31.9,3,40,99.92693269,94.143160838,24.2,44.9,41.8,0
"Turner, Justin",457759,2022,37,532,16.7,9.4,0.278,0.438,0.350,0.788,0.313,0.267,0.427,0.343,0.339,0.343,0.160,0.367,0.327,0.011,0.004,,,89.5,40.6,8,6.2,27.1,33.1,22.7,2.6,40.6,99.002545648,93.736858523,20.3,48.2,32.8,
"Andrus, Elvis",462101,2022,33,577,15.9,6.8,0.249,0.404,0.303,0.707,0.272,0.245,0.360,0.310,0.293,0.300,0.114,0.316,0.296,0.044,0.017,,,87.9,29.1,4.5,3.6,26.9,26,33.6,5,34.8,98.336003699,93.236647643,21.4,45.6,46.5,
"Santana, Carlos",467793,2022,36,506,17.4,14,0.202,0.376,0.316,0.692,0.209,0.253,0.438,0.308,0.352,0.361,0.185,0.372,0.318,-0.062,-0.044,,,90.7,31.6,9.3,7.2,23.8,28.7,28.7,2.3,44.9,100.993708488,94.851060233,21.3,42.6,39.1,
"Gurriel Jr., Yuli",493329,2022,38,584,12.5,5.1,0.242,0.360,0.288,0.648,0.266,0.240,0.319,0.285,0.271,0.286,0.079,0.280,0.276,0.041,0.014,,,88.2,30.3,1.9,4.4,25.9,32.8,32,2.3,35.6,98.291200127,93.270425297,14.3,48.5,41.7,
"Rojas, Miguel",500743,2022,33,507,12,5.1,0.236,0.323,0.283,0.606,0.258,0.260,0.343,0.268,0.289,0.306,0.083,0.301,0.298,-0.020,-0.021,,,86.1,33.1,1.9,5.6,28.3,23.9,36.5,3.6,27.1,96.249960631,92.126001845,15.8,47.9,47.1,
"Escobar, Eduardo",500871,2022,33,542,23.8,7.4,0.240,0.430,0.295,0.725,0.281,0.243,0.427,0.311,0.314,0.300,0.183,0.385,0.326,0.003,-0.003,,,88.3,38.7,9.4,8.9,23.7,33.3,21,3.5,37.6,99.290072903,93.799689784,27.7,52.4,30.9,
"Pham, Tommy",502054,2022,34,622,26.8,9,0.236,0.374,0.312,0.686,0.304,0.238,0.383,0.304,0.311,0.315,0.145,0.383,0.340,-0.009,-0.007,,,92.2,33.2,7.9,8.2,23.5,21.7,36,2.3,48.5,102.514437436,95.778101436,26,42,48.2,-5
"Martinez, J.D.",502110,2022,34,596,24.3,8.7,0.274,0.448,0.341,0.789,0.345,0.260,0.471,0.343,0.349,0.330,0.211,0.429,0.355,-0.023,-0.006,,,89.1,42,12.5,8.9,23.2,24.2,27.5,3.6,41.7,100.92394699,94.707836352,30.1,51.9,38.2,
"Goldschmidt, Paul",502671,2022,34,651,21.7,12.1,0.317,0.578,0.404,0.982,0.368,0.261,0.482,0.419,0.367,0.357,0.221,0.426,0.348,0.096,0.052,,,90.8,31.8,11.6,9.9,23.8,24.1,26.9,3.3,47.4,102.244608246,95.440152299,26.8,41.7,40.8,
"Altuve, Jose",514888,2022,32,604,14.4,10.9,0.300,0.533,0.387,0.920,0.315,0.269,0.440,0.397,0.354,0.362,0.171,0.367,0.323,0.093,0.043,,,85.9,35.4,7.7,6.6,22.2,25.6,29.7,7.5,29.7,97.300246419,92.671072541,16.3,44.3,41,
"Hernández, César",514917,2022,32,617,18.5,7.3,0.248,0.318,0.311,0.629,0.309,0.248,0.329,0.283,0.290,0.312,0.081,0.317,0.312,-0.011,-0.007,,,84.8,33.3,2.4,4.9,26.6,23.9,33.5,8,29.7,96.449267051,92.257329931,21,47.5,48.6,1
"Marte, Starling",516782,2022,33,505,19.2,5.1,0.292,0.468,0.347,0.815,0.340,0.276,0.428,0.355,0.336,0.332,0.153,0.386,0.348,0.040,0.019,,,86.8,38.5,6.8,7,25.7,17.1,38.8,4.6,33.9,99.153544837,93.595179373,24.3,49.8,50.1,-1
"Donaldson, Josh",518626,2022,36,546,27.1,9.9,0.222,0.374,0.308,0.682,0.283,0.215,0.370,0.302,0.299,0.303,0.154,0.360,0.309,0.004,0.003,,,90.7,34.8,9.8,6.3,21.4,26.5,33,2.7,43.3,100.977600417,94.867949761,33.3,47.3,43.5,
"Freeman, Freddie",518692,2022,32,708,14.4,11.9,0.325,0.511,0.407,0.918,0.359,0.310,0.535,0.393,0.400,0.398,0.225,0.436,0.372,-0.024,-0.007,,,91.3,42.9,9.9,8.5,30.4,21.7,27.5,1.5,47.8,100.761588016,95.094269494,19.5,49.3,38.9,
"LeMahieu, DJ",518934,2022,33,541,13.1,12.4,0.261,0.377,0.357,0.734,0.285,0.274,0.403,0.329,0.344,0.369,0.130,0.344,0.321,-0.026,-0.015,,,89.2,32.8,5.3,6.8,25.8,16.3,42.4,3.3,41.1,99.499628485,94.048075494,15.7,39.5,54.6,
"Rizzo, Anthony",519203,2022,32,548,18.4,10.6,0.224,0.480,0.338,0.818,0.216,0.238,0.453,0.352,0.349,0.350,0.215,0.374,0.302,0.027,0.003,,,89.4,33.9,10.9,7.7,21.3,31.7,23.8,4.4,40.8,99.612268626,94.102554011,22.8,46.1,33.3,
"Flores, Wilmer",527038,2022,30,602,17.1,9.8,0.229,0.394,0.316,0.710,0.246,0.233,0.370,0.312,0.310,0.322,0.137,0.323,0.288,0.024,0.002,,,87.8,35.7,6.3,5.4,24.5,35.9,24.7,3.3,35.4,97.672013814,92.963528089,18.9,45.6,34.7,
"Ozuna, Marcell",542303,2022,31,507,24.1,6.1,0.226,0.413,0.274,0.687,0.252,0.253,0.475,0.298,0.334,0.300,0.222,0.417,0.339,-0.062,-0.036,,,89.4,31.8,13.1,4,23.9,28.7,25.6,4.3,43.8,101.775141886,95.035047714,28.7,49.4,38.4,-2
"Aguilar, Jesús",542583,2022,32,507,23.5,5.5,0.235,0.379,0.281,0.660,0.278,0.240,0.393,0.288,0.298,0.288,0.153,0.364,0.321,-0.014,-0.010,,,87.7,39.7,6.9,7.7,27.1,30.3,25.1,2.6,36,98.459753543,93.301003066,27,49.5,32.9,
"Cron, C.J.",543068,2022,32,632,25.9,6.8,0.257,0.468,0.315,0.783,0.307,0.243,0.435,0.335,0.320,0.305,0.192,0.406,0.340,0.033,0.015,,,88.7,36.8,10.8,5.5,24.3,26.7,28.4,4.1,42.3,101.410198894,94.867484771,24.3,47.7,39.2,
"Semien, Marcus",543760,2022,31,724,16.6,7.3,0.248,0.429,0.304,0.733,0.263,0.243,0.394,0.317,0.306,0.301,0.151,0.333,0.295,0.035,0.011,,,87.3,32.4,6.8,6.2,23.8,35.3,24.1,3.8,34.9,97.838624343,93.00847117,20.6,47.2,33.6,
"Springer III, George",543807,2022,32,583,17.2,9.3,0.267,0.472,0.342,0.814,0.285,0.265,0.437,0.352,0.342,0.342,0.172,0.374,0.328,0.035,0.010,,,88.7,31.8,8.4,7.2,22,25.8,31.8,4.5,42.3,101.320507081,94.768491799,28.2,50.9,44.3,0
"Grichuk, Randal",545341,2022,30,538,23.6,4.5,0.259,0.425,0.299,0.724,0.309,0.229,0.370,0.315,0.281,0.271,0.141,0.343,0.305,0.055,0.034,,,90,27.3,6.8,6.6,18.9,24.4,38.6,3.9,43.6,101.601495926,95.066145714,24.7,50.6,50.4,-2
"Abreu, José",547989,2022,35,679,16.2,9.1,0.304,0.446,0.378,0.824,0.350,0.296,0.486,0.361,0.373,0.372,0.190,0.410,0.361,-0.040,-0.012,,,92.2,34.5,9.5,7.7,26.7,19,33.9,2.8,51.8,102.953606518,96.20270568,23.2,47.3,47.7,
"Suárez, Eugenio",553993,2022,30,629,31.2,11.6,0.236,0.459,0.332,0.791,0.302,0.220,0.454,0.344,0.339,0.321,0.234,0.446,0.343,0.005,0.005,,,89.8,36.4,14.8,7.4,20.5,29,24.4,3.7,43.5,100.691818466,94.681885812,33.1,41.8,34.1,
"Urshela, Gio",570482,2022,30,551,17.4,7.4,0.285,0.429,0.338,0.767,0.326,0.268,0.416,0.332,0.323,0.324,0.148,0.362,0.329,0.013,0.009,,,88.9,38.6,7,6.6,26.9,24.5,31.1,2.9,37.6,99.120552402,93.736875907,21.4,53.1,41.7,
"Schoop, Jonathan",570731,2022,30,510,21,3.7,0.202,0.322,0.239,0.561,0.234,0.228,0.338,0.245,0.268,0.267,0.111,0.318,0.294,-0.016,-0.023,,,87,29.1,4.8,6.6,22,23.8,36.8,5,38.6,99.967628556,93.993791257,28.2,55.5,45.2,
"Arenado, Nolan",571448,2022,31,620,11.6,8.4,0.293,0.533,0.358,0.891,0.290,0.266,0.445,0.381,0.339,0.335,0.180,0.349,0.304,0.088,0.042,,,88.8,35.4,8.2,7.8,23.5,36.4,21.5,2.2,38.9,99.558566721,93.952810862,19.1,48.4,30.5,
"Farmer, Kyle",571657,2022,31,583,17,5.7,0.255,0.386,0.315,0.701,0.286,0.258,0.380,0.309,0.311,0.320,0.122,0.339,0.317,0.006,-0.002,,,85.5,37.7,4.4,6.9,26,23,32.4,6.7,33.8,97.050252093,92.534027326,19.4,50.3,45.3,
"Muncy, Max",571970,2022,31,565,25,15.9,0.196,0.384,0.329,0.713,0.227,0.208,0.417,0.318,0.339,0.342,0.209,0.383,0.299,-0.033,-0.021,,,90.3,34.3,13.4,10.3,18.8,33.4,20.1,3.6,45.6,100.488456196,94.680756043,26.1,38.6,32.5,
"Pollock, AJ",572041,2022,34,527,18.6,6.1,0.245,0.389,0.292,0.681,0.278,0.258,0.419,0.297,0.317,0.305,0.161,0.364,0.321,-0.030,-0.020,,,88.8,32.9,9.4,5.8,23,23.3,33.4,4.8,42,100.414319188,94.34853632,24.7,53.6,45.3,-1
"Voit III, Luke",572228,2022,31,568,31.5,9.7,0.226,0.402,0.308,0.710,0.298,0.222,0.434,0.311,0.322,0.306,0.212,0.430,0.341,-0.032,-0.011,,,89.8,34.6,14.7,8.3,23.2,27.2,21.4,5.2,44.3,101.411871585,94.98573844,37.6,52,34.9,
"Walker, Christian",572233,2022,31,667,19.6,10.3,0.242,0.477,0.327,0.804,0.248,0.257,0.484,0.346,0.359,0.343,0.227,0.407,0.331,-0.007,-0.013,,,90,33.3,11.5,6.5,22,29.4,26.4,3.7,44,101.466371179,95.00141326,24.6,44.7,39.2,
"Yastrzemski, Mike",573262,2022,31,558,25.3,10.9,0.214,0.392,0.305,0.697,0.261,0.220,0.392,0.307,0.314,0.313,0.172,0.369,0.309,0.000,-0.007,,,89.9,36.2,11.1,5.1,21.4,32.8,24.5,4.8,42.5,99.830966069,94.251098237,22.7,42.9,34.8,2
"Canha, Mark",592192,2022,33,542,17.9,8.9,0.266,0.403,0.367,0.770,0.309,0.245,0.362,0.343,0.323,0.351,0.117,0.332,0.309,0.041,0.020,,,87.7,32.2,4.9,6.8,23.6,24.9,35.2,4.1,36.6,98.317698315,93.261380654,22.2,42.9,46.1,-1
"Castellanos, Nick",592206,2022,30,558,23.3,5.2,0.263,0.389,0.305,0.694,0.326,0.250,0.395,0.304,0.302,0.293,0.145,0.370,0.332,-0.006,0.002,,,87.5,36.9,6.6,6.1,26.5,27.5,28.8,4,35.1,98.393032843,93.293370431,32.2,57,42.9,-8
"Drury, Brandon",592273,2022,29,568,22.2,6.7,0.263,0.492,0.320,0.812,0.293,0.242,0.420,0.350,0.316,0.303,0.179,0.373,0.318,0.072,0.034,,,89.1,34.8,10.4,7.3,22,25.5,29.3,4.8,42.2,100.586892132,94.438998321,21.5,45.9,40.9,
"Judge, Aaron",592450,2022,30,696,25.1,15.9,0.311,0.686,0.425,1.111,0.340,0.305,0.706,0.458,0.463,0.422,0.401,0.611,0.437,-0.020,-0.005,,,95.9,39,26.5,7.2,20,18.8,26.5,0.5,61.9,107.110072714,99.053359221,29.8,42.7,37,4
"Machado, Manny",592518,2022,29,644,20.7,9.8,0.298,0.531,0.366,0.897,0.337,0.264,0.447,0.382,0.338,0.338,0.183,0.396,0.343,0.084,0.044,,,91.5,36.7,9.8,9.8,24.4,25.5,27.5,2.9,49,102.622706786,95.790495526,24.9,50.8,37.6,
"Realmuto, J.T.",592663,2022,31,562,21.2,7.3,0.276,0.478,0.342,0.820,0.318,0.275,0.463,0.354,0.351,0.342,0.188,0.412,0.357,0.015,0.003,,,90.3,35.6,11.3,6.7,26.7,22.1,30.5,2.6,47.2,101.252893641,95.157569177,25.7,49,44.6,
"Renfroe, Hunter",592669,2022,30,522,23.2,7.5,0.255,0.492,0.315,0.807,0.281,0.240,0.438,0.347,0.323,0.303,0.199,0.390,0.321,0.054,0.024,,,90.5,32.7,10.9,6.4,21.8,30.4,27.1,3.4,43.6,101.645981292,95.173188394,27,47.8,37.4,-2
"Yelich, Christian",592885,2022,30,671,24.1,13.1,0.252,0.383,0.355,0.738,0.327,0.253,0.397,0.328,0.335,0.356,0.144,0.390,0.351,-0.014,-0.007,,,91.5,30.3,8.2,6.7,25.5,13.2,43.3,3.1,48.6,102.984892126,96.020852446,25.1,43.2,59.1,-4
"Merrifield, Whit",593160,2022,33,550,15.5,6.9,0.250,0.375,0.298,0.673,0.276,0.240,0.356,0.294,0.288,0.292,0.116,0.310,0.288,0.019,0.006,,,87.1,37.9,4.2,7.3,23,29.5,30.9,4.9,31.1,96.383459857,92.27510481,19.4,50.9,41.2,1
"Bogaerts, Xander",593428,2022,29,631,18.7,9,0.307,0.456,0.377,0.833,0.362,0.259,0.383,0.363,0.323,0.338,0.124,0.354,0.328,0.073,0.040,,,88.1,30.3,6.5,4.9,27.8,21.7,34.1,4.5,39.5,99.97943964,94.08380455,24.8,45.7,46.6,
"Profar, Jurickson",595777,2022,29,658,15.7,11.1,0.243,0.391,0.331,0.722,0.272,0.251,0.359,0.320,0.315,0.340,0.108,0.323,0.306,0.032,0.005,,,87.5,34.7,4,4.6,28.7,27.8,29.5,4.8,34.3,97.859468559,92.98708518,18.8,43.6,44.8,-4
"Báez, Javier",595879,2022,29,590,24.9,4.4,0.238,0.393,0.278,0.671,0.292,0.226,0.374,0.291,0.281,0.268,0.148,0.351,0.307,0.019,0.010,,,87.9,29.7,8,4.9,20.9,21.9,40.1,2.9,38,99.689131182,93.890376232,35.8,55.8,50.6,
"Lindor, Francisco",596019,2022,28,706,18.8,8.4,0.270,0.449,0.339,0.788,0.301,0.254,0.427,0.342,0.331,0.326,0.173,0.370,0.320,0.022,0.011,,,89.3,29.2,8.3,6.2,22.4,26.8,32.3,3.8,41.3,99.740565418,94.14308743,22.9,47.8,43.5,
"Bell, Josh",605137,2022,29,647,15.8,12.5,0.266,0.422,0.362,0.784,0.296,0.268,0.419,0.344,0.346,0.365,0.151,0.361,0.327,0.003,-0.002,,,88.9,30.7,7.2,3.7,27.4,20.6,36.6,4.2,40.8,100.551357456,94.511584791,21.7,45.3,50.7,
"Betts, Mookie",605141,2022,29,639,16.3,8.6,0.269,0.533,0.340,0.873,0.272,0.254,0.465,0.373,0.344,0.327,0.211,0.373,0.309,0.068,0.029,,,90.5,36.2,9.7,8.7,22.7,31.8,22.7,3.8,44.9,99.954466043,94.497072751,16.5,44.2,33.7,3
"Hernández, Teoscar",606192,2022,29,535,28.4,6.4,0.267,0.491,0.316,0.807,0.335,0.265,0.501,0.348,0.351,0.314,0.236,0.470,0.380,-0.010,-0.003,,,92.6,36.3,15,7.5,23.3,19.9,32,2.3,53.3,103.420419483,96.496717867,35.1,48.8,44.4,-3
"Marte, Ketel",606466,2022,28,558,18.1,9.9,0.240,0.407,0.321,0.728,0.276,0.251,0.377,0.317,0.315,0.333,0.126,0.341,0.315,0.030,0.002,,,90.1,31.6,6.1,5.8,28,27.3,29.5,3,41.9,101.202754619,94.845027056,20.7,46.1,43.2,
"Nimmo, Brandon",607043,2022,29,673,17.2,10.5,0.274,0.433,0.367,0.800,0.317,0.256,0.403,0.353,0.338,0.353,0.147,0.355,0.320,0.030,0.015,,,89.4,28.1,7,3.6,25.1,19.8,38.5,5.5,39.8,100.251301732,94.354698482,19.6,43.8,51.7,6
"Turner, Trea",607208,2022,29,708,18.5,6.4,0.298,0.466,0.343,0.809,0.342,0.276,0.432,0.350,0.335,0.327,0.156,0.387,0.348,0.034,0.015,,,88.9,35.3,7.6,6.5,24.3,24.3,34.5,2.3,41.6,100.188198893,94.238854962,26.3,51.2,43.5,
"Ramírez, José",608070,2022,29,685,12,10.1,0.280,0.514,0.355,0.869,0.279,0.255,0.408,0.363,0.320,0.337,0.153,0.331,0.295,0.106,0.043,,,87.7,33.7,6.6,6.4,22.3,37.3,21.8,5.3,36.9,98.871944811,93.503434175,15.3,46.3,32.6,
"Bregman, Alex",608324,2022,28,656,11.7,13.3,0.259,0.454,0.366,0.820,0.260,0.257,0.416,0.358,0.350,0.369,0.159,0.337,0.299,0.038,0.008,,,88.9,36.2,7.3,9.4,24.3,32.6,23.3,2.9,37.8,98.378645333,93.364139021,14.9,40.3,33.5,
"Seager, Corey",608369,2022,28,663,15.5,8.7,0.245,0.455,0.317,0.772,0.242,0.280,0.507,0.331,0.370,0.351,0.226,0.409,0.339,-0.052,-0.039,,,91.1,38.4,10.5,9.9,24.2,25.1,28.1,1.8,45.5,101.598305628,95.219542252,26.5,54.5,40.2,
"Winker, Jesse",608385,2022,28,547,18.8,15.4,0.219,0.344,0.344,0.688,0.251,0.249,0.403,0.313,0.345,0.369,0.154,0.361,0.320,-0.059,-0.032,,,87.7,32,7.6,3.1,26.1,31.5,28.1,3.4,34.3,98.674499266,93.339254492,19.9,43.3,38.8,-9
"Swanson, Dansby",621020,2022,28,696,26.1,7,0.277,0.447,0.329,0.776,0.348,0.257,0.461,0.337,0.337,0.314,0.204,0.430,0.360,-0.014,0.000,,,90.2,37,10.8,8,27.1,25.3,26.4,2.2,46.3,100.839209567,94.810341952,30.7,49.4,38.3,
"Correa, Carlos",621043,2022,27,590,20.5,10.3,0.291,0.467,0.366,0.833,0.339,0.272,0.480,0.362,0.360,0.350,0.208,0.418,0.352,-0.013,0.002,,,89.9,35.3,11.4,5.7,25.4,23.7,29.4,4.4,44.7,101.992873251,95.284200765,22,44.4,42,
"Ward, Taylor",621493,2022,28,564,21.3,10.6,0.281,0.473,0.360,0.833,0.325,0.268,0.474,0.362,0.361,0.352,0.206,0.420,0.354,-0.001,0.001,,,90,41.8,12.4,7.4,26.3,25.3,25,3.4,42.9,100.184571947,94.439550026,22.3,41.4,35.5,1
"Wisdom, Patrick",621550,2022,30,534,34.3,9.9,0.207,0.426,0.298,0.724,0.274,0.188,0.380,0.316,0.295,0.284,0.191,0.399,0.311,0.046,0.021,,,90.7,29.8,14.2,6.2,15.6,33.2,24.6,4.8,46.3,102.164032394,95.695873993,36.5,48.1,34.9,-2
"Olson, Matt",621566,2022,28,699,24.3,10.7,0.240,0.477,0.325,0.802,0.274,0.248,0.467,0.344,0.347,0.334,0.219,0.422,0.343,0.010,-0.003,,,92.9,33.8,13.6,7.6,22,27.6,27.1,2,50.9,103.665099911,96.545680491,28.9,49.5,39.6,
"Mateo, Jorge",622761,2022,27,533,27.6,5.1,0.221,0.379,0.267,0.646,0.286,0.222,0.344,0.281,0.272,0.269,0.122,0.348,0.315,0.035,0.009,,,86.8,35.5,6,5.7,21.6,29.5,30.7,6.3,32.7,98.63578407,93.337279593,31.1,53.9,38.6,
"Santander, Anthony",623993,2022,27,647,18.9,8.5,0.240,0.455,0.318,0.773,0.248,0.257,0.471,0.336,0.352,0.335,0.214,0.395,0.325,-0.016,-0.016,,,90.1,33.5,11.6,8.1,21.7,31.9,23,3.7,43.3,101.330998114,94.979132939,21.5,47.7,32.2,-4
"Alonso, Pete",624413,2022,27,685,18.7,9.8,0.271,0.518,0.352,0.870,0.279,0.262,0.486,0.366,0.353,0.345,0.225,0.403,0.330,0.032,0.013,,,89.8,34.5,12.3,4.8,23.8,30.1,24.1,4.8,44.8,102.849215397,95.616516548,24.2,49.9,36.4,
"Frazier, Adam",624428,2022,30,602,12.1,7.6,0.238,0.311,0.301,0.612,0.268,0.262,0.339,0.274,0.297,0.324,0.077,0.302,0.301,-0.028,-0.023,,,85.1,37.7,1.5,4,28.9,28.5,32.8,4.2,24.5,95.048135872,91.524067936,14.4,48.7,41.8,-1
"Cronenworth, Jake",630105,2022,28,684,19.2,10.2,0.239,0.390,0.332,0.722,0.275,0.221,0.356,0.318,0.303,0.319,0.135,0.318,0.282,0.034,0.015,,,87.6,32.3,5.6,6.9,20,37.1,25.2,4.7,34.1,97.917362826,93.091918039,18,41.8,36.2,
"Bellinger, Cody",641355,2022,26,550,27.3,6.9,0.210,0.389,0.265,0.654,0.255,0.213,0.354,0.284,0.278,0.271,0.141,0.348,0.303,0.035,0.006,,,89.4,34.4,8.3,5.8,25.3,35.8,23.3,1.1,38.1,98.149983833,93.243694234,27.2,49.9,35.6,6
"Crawford, J.P.",641487,2022,27,603,13.3,11.3,0.243,0.336,0.339,0.675,0.275,0.255,0.337,0.306,0.315,0.353,0.081,0.306,0.302,-0.001,-0.009,,,85.1,32.4,2,4.7,24.3,24.3,37.3,6.5,29.7,96.663647706,92.35483867,14.3,41.3,46.5,
"Mancini III, Trey",641820,2022,30,587,23,9,0.239,0.391,0.319,0.710,0.286,0.245,0.410,0.312,0.327,0.328,0.165,0.383,0.332,-0.019,-0.015,,,89.5,39.6,9.8,10.3,23.7,23.4,30.6,2.1,40.4,100.078586134,94.256654381,27.4,48.1,40.6,-1
"McMahon, Ryan",641857,2022,27,597,26.5,10.1,0.246,0.414,0.327,0.741,0.311,0.247,0.423,0.326,0.330,0.329,0.175,0.407,0.351,-0.009,-0.004,,,91.7,36.4,10.4,6.7,27,21.1,30.2,4.3,46.5,102.094383676,95.689199432,28.2,45.2,44.7,
"Tellez, Rowdy",642133,2022,27,599,20.2,10.4,0.219,0.461,0.306,0.767,0.215,0.252,0.479,0.327,0.349,0.337,0.226,0.404,0.328,-0.018,-0.022,,,91.1,31.4,12.9,7.3,21.4,26,28.7,3.2,46,102.553838927,95.690567213,23.8,43.5,39.7,
"Rosario, Amed",642708,2022,26,670,16.6,3.7,0.283,0.403,0.312,0.715,0.326,0.276,0.396,0.311,0.310,0.308,0.120,0.354,0.335,0.007,0.001,,,88.4,31.1,4.5,5.5,24.5,18.1,42.6,4.5,38.3,99.690201132,93.991990529,21,53.1,52.5,
"Adames, Willy",642715,2022,26,617,26.9,7.9,0.238,0.458,0.298,0.756,0.278,0.238,0.451,0.325,0.323,0.299,0.213,0.414,0.335,0.007,0.002,,,88.9,36.4,13,6.5,22.2,29.2,25.2,4,43.6,100.099002736,94.300793591,28.2,49.6,34.2,
"Estrada, Thairo",642731,2022,26,541,16.5,6.1,0.260,0.400,0.322,0.722,0.290,0.246,0.352,0.317,0.299,0.312,0.107,0.319,0.301,0.048,0.018,,,86.2,31.6,4.4,4.7,24.2,21,38.5,6.7,31.1,97.092146345,92.54814231,20.3,49.2,51.4,-1
"Benintendi, Andrew",643217,2022,27,521,14.8,10,0.304,0.399,0.373,0.772,0.352,0.273,0.407,0.342,0.334,0.347,0.134,0.351,0.326,-0.008,0.008,,,89.2,39.2,5.1,6.2,30,25.1,30.8,2.8,38.7,98.21078057,93.391636347,20.7,48.2,43.8,-1
"Kemp, Tony",643393,2022,30,558,12.4,8.1,0.235,0.334,0.307,0.641,0.259,0.219,0.291,0.287,0.267,0.294,0.072,0.257,0.254,0.043,0.020,,,84.4,33.9,1.6,4.1,23.6,30,33,7.3,14.9,93.050155144,90.545713639,13.4,48.9,43.3,-2
"Kiner-Falefa, Isiah",643396,2022,27,531,13.6,6.6,0.261,0.327,0.314,0.641,0.296,0.262,0.333,0.285,0.290,0.317,0.071,0.304,0.306,-0.006,-0.005,,,86.2,29.6,1.2,4.3,26.5,18.1,43.2,6.4,30.1,96.614692718,92.355143236,11.3,44.7,55.8,
"McNeil, Jeff",643446,2022,30,589,10.4,6.8,0.326,0.454,0.382,0.836,0.353,0.280,0.389,0.365,0.323,0.341,0.109,0.325,0.314,0.065,0.042,,,86.9,39,2.7,5.2,29.8,27.5,31.2,3.6,30.2,96.275278692,92.172015654,15.9,53.8,41.3,0
"Devers, Rafael",646240,2022,25,614,18.6,8.1,0.295,0.521,0.358,0.879,0.329,0.282,0.497,0.373,0.361,0.348,0.215,0.420,0.355,0.024,0.012,,,93.1,33.1,11.5,7.7,23.9,22.5,32,2,50.9,103.784239231,96.704402472,28.2,54.6,42.3,
"Arraez, Luis",650333,2022,25,603,7.1,8.3,0.316,0.420,0.375,0.795,0.331,0.288,0.408,0.350,0.333,0.350,0.121,0.326,0.311,0.012,0.017,,,88.9,38.7,3.6,5.7,30.6,27.6,31,1.4,30.2,96.195004348,92.276757036,7.1,42.9,41.2,
"Torres, Gleyber",650402,2022,25,572,22.6,6.8,0.257,0.451,0.310,0.761,0.295,0.244,0.441,0.328,0.319,0.298,0.198,0.385,0.321,0.010,0.009,,,90.4,36.2,10.7,8.5,23.7,30.4,23.7,3,45.3,100.5348042,94.660057845,27.2,49.6,35.9,
"Díaz, Yandy",650490,2022,30,558,10.8,14,0.296,0.423,0.401,0.824,0.323,0.288,0.424,0.366,0.365,0.395,0.137,0.353,0.329,-0.001,0.001,,,92.2,30.7,4.8,8.9,26.1,20.5,36.7,1.7,49,103.107838195,96.208559878,14.3,41.3,50,
"Rengifo, Luis",650859,2022,25,511,15.5,3.3,0.264,0.429,0.294,0.723,0.285,0.254,0.392,0.314,0.296,0.285,0.138,0.333,0.303,0.037,0.018,,,86.9,31.1,5.4,4.9,23.1,23.8,37.7,5.1,33.6,98.09743639,93.096324743,21.5,55.7,48.2,
"Chapman, Matt",656305,2022,29,621,27.4,11,0.229,0.433,0.324,0.757,0.277,0.234,0.440,0.331,0.341,0.331,0.206,0.425,0.342,-0.007,-0.010,,,92.2,34,12.9,8.8,24.1,28.7,22.5,2.7,51.2,102.906606237,96.223630699,28.7,41.7,34.6,
"Hoskins, Rhys",656555,2022,29,672,25.1,10.7,0.246,0.462,0.332,0.794,0.292,0.239,0.445,0.345,0.338,0.327,0.207,0.408,0.333,0.017,0.007,,,90.1,37.3,11.1,5.9,25.5,30,24.8,2.6,44.3,100.842284953,94.804616643,25.7,41.9,36.3,
"Mullins II, Cedric",656775,2022,27,672,18.8,7,0.258,0.403,0.318,0.721,0.299,0.232,0.349,0.315,0.288,0.297,0.117,0.318,0.293,0.054,0.027,,,88.8,29.3,4.9,5.9,23,32.4,28.7,4.5,37.3,98.895231356,93.569582691,22.2,51.3,41,10
"Schwarber, Kyle",656941,2022,29,669,29.9,12.9,0.218,0.504,0.323,0.827,0.240,0.237,0.535,0.355,0.375,0.341,0.297,0.501,0.365,-0.031,-0.020,,,93.3,35.4,20.1,8.7,17.4,27.7,21.4,4.5,54.4,104.793857287,97.247555372,29.4,40.6,34.3,-12
"Thomas, Lane",657041,2022,26,548,24.1,7.5,0.241,0.404,0.301,0.705,0.291,0.222,0.357,0.308,0.286,0.286,0.135,0.339,0.302,0.047,0.022,,,86.4,32.6,6.5,5.7,22.4,26.4,33.2,4.9,34.5,98.449522283,93.255458474,21.1,44.1,45.3,-3
"Verdugo, Alex",657077,2022,26,644,13.4,6.5,0.280,0.405,0.328,0.733,0.309,0.278,0.428,0.319,0.329,0.327,0.151,0.353,0.323,-0.023,-0.010,,,89.1,37.8,6,7.6,27.3,22.8,33.9,2.3,38.2,99.112574241,93.706486823,15.5,45.3,46.2,-4
"Ohtani, Shohei",660271,2022,27,666,24.2,10.8,0.273,0.519,0.356,0.875,0.320,0.275,0.549,0.370,0.383,0.358,0.274,0.481,0.377,-0.030,-0.013,,,92.9,35,16.8,5.6,24.5,19.9,29.9,3,49.8,103.823624272,96.520363788,28.1,49.3,43,
"Acuña Jr., Ronald",660670,2022,24,533,23.6,9.9,0.266,0.413,0.351,0.764,0.331,0.272,0.486,0.335,0.366,0.358,0.214,0.444,0.371,-0.073,-0.031,,,91.2,32.8,12.8,6.1,21.8,20.3,32.3,5.8,49.7,103.759318129,96.440064282,24.9,47.9,47.7,-7
"Varsho, Daulton",662139,2022,25,592,24.5,7.8,0.235,0.443,0.302,0.745,0.269,0.213,0.389,0.323,0.298,0.285,0.175,0.355,0.294,0.054,0.025,,,87.7,33.6,10.2,8.4,16.8,26,30.3,7.1,35.6,99.211725904,93.6867316,25.3,50.6,42.7,17
"Hoerner, Nico",663538,2022,25,517,11,5.4,0.281,0.410,0.327,0.737,0.300,0.270,0.367,0.320,0.301,0.318,0.097,0.314,0.306,0.043,0.019,,,87.2,32.4,2.6,4.7,26.3,24.2,35.9,4,33.5,97.678971875,92.920531108,14.2,49.2,46.5,
"Riley, Austin",663586,2022,25,693,24.2,8.2,0.273,0.528,0.349,0.877,0.315,0.271,0.531,0.377,0.378,0.349,0.260,0.468,0.372,-0.003,-0.001,,,92.5,37.7,15.7,8.4,20.2,22.8,29.7,2.9,50.8,104.398300222,96.785171533,27.6,51.5,39,
"Mountcastle, Ryan",663624,2022,25,609,25.3,7.1,0.250,0.423,0.305,0.728,0.303,0.277,0.509,0.316,0.362,0.332,0.232,0.463,0.381,-0.086,-0.046,,,91.3,39.5,15,4.7,27,24.3,26.5,1.7,46.3,101.941494208,95.335163391,29.8,56.2,37.3,
"Hayes, Ke'Bryan",663647,2022,25,560,21.8,8.6,0.244,0.345,0.314,0.659,0.307,0.246,0.350,0.294,0.300,0.318,0.104,0.341,0.324,-0.005,-0.006,,,91,30.6,3.9,6.2,27.5,21,38.4,1.8,46.8,102.263213822,95.477046745,20.7,43.3,49.6,
"Tucker, Kyle",663656,2022,25,609,15.6,9.7,0.257,0.478,0.330,0.808,0.261,0.262,0.482,0.348,0.353,0.336,0.220,0.386,0.319,-0.004,-0.005,,,90,34.4,10.2,10.2,21.7,30.2,25.3,2.2,42.4,100.332560357,94.468288036,20,52.7,34.4,5
"Grisham, Trent",663757,2022,25,524,28.6,10.9,0.184,0.341,0.284,0.625,0.231,0.201,0.354,0.280,0.293,0.300,0.153,0.356,0.300,-0.013,-0.013,,,88.3,25.5,8.1,5.8,19,28.1,28.4,10.3,35.5,99.46593125,93.84436934,26.2,38.7,46.1,16
"Rodgers, Brendan",663898,2022,25,581,17.4,7.9,0.266,0.408,0.325,0.733,0.304,0.265,0.404,0.321,0.326,0.330,0.139,0.361,0.331,0.004,-0.005,,,90,31.3,7.2,5.6,26.2,17.9,39,3.5,45.9,101.127645047,94.882864603,22.7,49.4,52,
"Lowe, Nathaniel",663993,2022,26,645,22.8,7.4,0.302,0.492,0.358,0.850,0.363,0.275,0.459,0.368,0.344,0.333,0.184,0.419,0.365,0.033,0.024,,,90.2,34.1,9.9,5.2,28,18.4,35,3.4,44.8,101.963916216,95.317229707,24.9,52.2,48.2,
"Happ, Ian",664023,2022,27,641,23.2,9,0.271,0.440,0.342,0.782,0.336,0.239,0.379,0.339,0.306,0.315,0.140,0.359,0.322,0.061,0.033,,,89.7,29.2,6.5,6.5,24.1,23.8,35.3,2.8,40.4,100.312408396,94.405566288,27.2,49,47.4,2
"France, Ty",664034,2022,27,613,15.3,5.7,0.274,0.436,0.338,0.774,0.296,0.262,0.397,0.337,0.321,0.330,0.135,0.342,0.315,0.039,0.016,,,87.6,34.8,5.4,5,27.5,21.9,35.3,3.9,36.8,99.035163319,93.565264683,19.3,52.5,47.8,
"Straw, Myles",664702,2022,27,596,14.6,9.1,0.221,0.273,0.291,0.564,0.261,0.236,0.301,0.257,0.275,0.306,0.065,0.278,0.281,-0.028,-0.018,,,87,34.1,0.7,4.8,25.1,28.6,35.9,4.4,26.5,95.486124533,91.784236481,12.6,40.5,47.6,14
"Bohm, Alec",664761,2022,25,631,17.4,4.9,0.280,0.398,0.315,0.713,0.319,0.290,0.436,0.310,0.333,0.327,0.146,0.383,0.353,-0.038,-0.023,,,90.2,37.7,6.8,6,29.8,21.6,33.3,2.5,43,100.649873374,94.552579815,21.1,51.2,46.3,
"Brown, Seth",664913,2022,29,555,26.3,9.2,0.230,0.444,0.305,0.749,0.273,0.251,0.454,0.323,0.338,0.324,0.203,0.426,0.354,-0.010,-0.015,,,89.2,34.9,13,5.4,23.4,29.6,24.8,3.7,41.4,101.723429266,95.001222068,29.6,48.3,36.6,-5
"Peña, Jeremy",665161,2022,24,558,24.2,3.9,0.253,0.426,0.289,0.715,0.298,0.252,0.402,0.309,0.304,0.289,0.150,0.381,0.338,0.024,0.005,,,88.1,32.9,9.7,5.4,25,19.9,33.7,5.9,36.7,99.803563646,93.99255276,29.7,55.2,47.7,
"Guerrero Jr., Vladimir",665489,2022,23,706,16.4,8.2,0.274,0.480,0.339,0.819,0.289,0.281,0.464,0.351,0.351,0.345,0.183,0.391,0.342,0.016,0.000,,,92.8,27.9,11.2,6.8,20.2,17.1,41.6,2.1,50.4,105.507038582,97.328619789,24.4,49.7,52.3,
"Soto, Juan",665742,2022,23,664,14.5,20.3,0.242,0.452,0.401,0.853,0.249,0.266,0.501,0.376,0.401,0.420,0.235,0.402,0.326,-0.049,-0.025,,,91,28.5,12.4,7.2,18.2,22.2,36,4,47.4,102.236934112,95.653888852,19.4,35.5,47.4,-15
"Giménez, Andrés",665926,2022,23,557,20.1,6.1,0.297,0.466,0.371,0.837,0.353,0.257,0.400,0.364,0.326,0.336,0.143,0.368,0.332,0.066,0.038,,,87.8,31.3,6.2,6.5,25.6,20.7,32.4,8.5,37.8,99.022592,93.615976351,26.4,53.7,48.2,
"Bichette, Bo",666182,2022,24,697,22.2,5.9,0.290,0.469,0.333,0.802,0.347,0.274,0.440,0.347,0.330,0.318,0.166,0.403,0.359,0.029,0.017,,,91.9,33.3,9.6,7.2,27.1,17.2,35.5,2.4,50.3,102.743171296,96.003278846,23,55.9,49.1,
"García, Adolis",666969,2022,29,657,27.9,6.1,0.250,0.456,0.300,0.756,0.309,0.244,0.447,0.324,0.322,0.296,0.204,0.422,0.347,0.009,0.002,,,92.1,36.9,12.9,9.3,22.9,22.9,28.7,2.8,47.4,102.368780141,95.786867388,33.5,53.5,41.1,1
"Arozarena, Randy",668227,2022,27,645,24.2,7.1,0.263,0.445,0.327,0.772,0.325,0.230,0.377,0.336,0.297,0.297,0.147,0.354,0.312,0.068,0.039,,,89.9,28.2,7.9,5.8,20.1,22.7,40.5,2.5,41,101.17822,94.772195116,28.7,46.1,50.2,-1
"Reynolds, Bryan",668804,2022,27,614,23,9.1,0.262,0.461,0.345,0.806,0.306,0.249,0.416,0.349,0.329,0.334,0.167,0.385,0.336,0.045,0.020,,,90.2,35.5,7.9,6,24.8,25.8,31.5,4,42.9,100.882578564,94.722792556,27.8,50.4,43.7,-6
"Rojas, Josh",668942,2022,28,510,19.2,10.8,0.269,0.391,0.349,0.740,0.323,0.239,0.361,0.326,0.305,0.324,0.123,0.330,0.304,0.030,0.021,,,88.8,33.5,4.5,4.8,27.3,26.5,31.3,5.4,36.1,98.050444128,93.265048338,22.3,41,43.9,
"Melendez Jr., MJ",669004,2022,23,534,24.5,12.4,0.217,0.393,0.313,0.706,0.258,0.237,0.410,0.310,0.332,0.334,0.173,0.392,0.331,-0.017,-0.022,,,90.7,31,10.4,6.8,23.2,27.1,29.2,2.7,43.5,100.595888323,94.716383713,27.8,44.6,39.6,-1
"Murphy, Sean",669221,2022,27,612,20.3,9.2,0.250,0.426,0.332,0.758,0.290,0.255,0.439,0.331,0.344,0.340,0.184,0.390,0.332,-0.013,-0.013,,,88.7,34.7,10.5,6.5,23.2,23.4,32.8,3.6,41.4,101.085158756,94.706891435,24,49.3,42.1,
"Edman, Tommy",669242,2022,27,630,17.6,7.3,0.265,0.400,0.324,0.724,0.308,0.258,0.380,0.318,0.308,0.318,0.122,0.341,0.319,0.020,0.010,,,88.6,31.6,6.2,5.1,25.6,20.7,37.2,4.5,37.8,98.931648319,93.598664536,20.6,47,49.4,
"Smith, Will",669257,2022,27,578,16.6,9.7,0.260,0.465,0.343,0.808,0.276,0.255,0.470,0.349,0.349,0.339,0.216,0.379,0.312,-0.005,0.000,,,89.9,36.8,10.3,7.2,23.3,33.4,22.6,3.1,43,99.764565096,94.188464255,19.3,42.6,31.5,
"Hays, Austin",669720,2022,26,582,19.6,5.8,0.250,0.413,0.306,0.719,0.289,0.240,0.372,0.314,0.298,0.298,0.132,0.337,0.306,0.041,0.016,,,87.7,32.3,5.2,7.1,23.3,25.5,35.1,3.3,37.7,98.997922429,93.543165976,23.5,51,43.6,-5
"Alvarez, Yordan",670541,2022,25,561,18.9,13.9,0.306,0.613,0.406,1.019,0.320,0.326,0.669,0.427,0.460,0.427,0.343,0.544,0.419,-0.056,-0.033,,,95.2,40.7,21,7.5,23.2,18.1,29.1,0.8,59.8,105.676985081,98.195923324,23.5,42.7,39.9,-6
"Kirk, Alejandro",672386,2022,23,541,10.7,11.6,0.285,0.415,0.372,0.787,0.299,0.278,0.431,0.347,0.351,0.367,0.153,0.347,0.316,-0.016,-0.004,,,90.5,32,6.7,6.5,27.2,20.2,35.3,3.8,45.4,101.053304663,94.989537614,15.4,41,50,
"Kim, Ha-Seong",673490,2022,26,582,17.2,8.8,0.251,0.383,0.325,0.708,0.290,0.250,0.368,0.313,0.309,0.324,0.119,0.330,0.307,0.015,0.004,,,86.7,34,4.2,6.1,24.8,28.5,29.5,6.1,32.4,97.647567656,92.869312734,19.1,43.3,40.8,
"Rodríguez, Julio",677594,2022,21,560,25.9,7.1,0.284,0.509,0.345,0.854,0.345,0.254,0.460,0.366,0.337,0.319,0.206,0.428,0.356,0.049,0.029,,,92,32.7,13.1,8.4,19.3,19.1,36.5,2.5,50.7,103.718795769,96.379006446,30.4,50.2,46.3,8
"Witt Jr., Bobby",677951,2022,22,632,21.4,4.7,0.254,0.428,0.294,0.722,0.295,0.252,0.427,0.311,0.313,0.294,0.174,0.377,0.326,0.001,-0.002,,,89.7,32.5,8.7,4.6,23.6,34.3,26.2,2.2,38.6,100.836506783,94.527115512,25.2,51.8,36.2,
"Kwan, Steven",680757,2022,24,638,9.4,9.7,0.298,0.400,0.373,0.773,0.323,0.268,0.341,0.341,0.312,0.348,0.073,0.298,0.300,0.059,0.029,,,85.1,34.6,1.4,2.6,29.1,29.5,32.6,4.3,20.8,94.219058287,91.134248486,9,38.1,42.6,9
"Vaughn, Andrew",683734,2022,24,555,17.3,5.6,0.271,0.429,0.321,0.750,0.301,0.255,0.415,0.327,0.319,0.311,0.160,0.357,0.316,0.014,0.008,,,90.8,34.1,7.9,10,22.4,17.9,37.2,2.9,48.6,101.162950291,95.12858284,21,47,48,-18
"Turner, Justin",457759,2023,38,626,17.6,8.1,0.276,0.455,0.345,0.800,0.304,0.260,0.444,0.346,0.336,0.331,0.184,0.367,0.320,0.011,0.010,66.4,0.5,89.5,36.8,5.7,9.3,25.8,29.7,27.3,2.2,39,98.567368238,93.587032225,17.5,45,35.7,
"Santana, Carlos",467793,2023,37,619,16.8,10.5,0.240,0.429,0.318,0.747,0.255,0.240,0.378,0.323,0.308,0.319,0.138,0.323,0.294,0.051,0.015,71.4,13.9,88.8,31.3,6.7,4.7,24.2,28.2,34.7,1.3,36.4,99.367236,93.791213073,22.1,45.3,43.3,
"Goldschmidt, Paul",502671,2023,35,687,23.4,12.7,0.268,0.447,0.363,0.810,0.327,0.270,0.490,0.350,0.367,0.366,0.220,0.440,0.371,-0.043,-0.017,72.1,18.5,91.3,35.6,12,8.5,25.1,22.1,28.7,3.7,50.8,102.40959555,95.767792759,27.5,44,41.4,
"Freeman, Freddie",518692,2023,33,730,16.6,9.9,0.331,0.567,0.410,0.977,0.370,0.320,0.562,0.411,0.406,0.401,0.242,0.457,0.393,0.005,0.005,70.5,11.4,90,46.6,11.1,8.8,29.6,21.7,25.7,2.7,42.2,100.590638269,94.617661541,20.4,51,35.9,
"LeMahieu, DJ",518934,2023,34,562,22.2,10.7,0.243,0.390,0.327,0.717,0.295,0.255,0.393,0.315,0.322,0.339,0.138,0.369,0.340,-0.003,-0.007,68.2,4.2,89.6,31.6,5.9,6.4,28.6,15,42,2.1,43,100.265359786,94.32212244,19.7,39.2,55.6,
"Perez, Salvador",521692,2023,33,580,23.3,3.3,0.255,0.422,0.292,0.714,0.294,0.266,0.460,0.302,0.325,0.306,0.194,0.407,0.353,-0.038,-0.023,72.7,29.1,90.1,38,8.8,9.7,25.8,28.2,23.8,3.4,44,101.357412537,94.955683293,30.2,60.2,36,
"Ozuna, Marcell",542303,2023,32,592,22.6,9.6,0.274,0.558,0.346,0.904,0.293,0.280,0.577,0.381,0.393,0.353,0.298,0.481,0.375,-0.019,-0.012,75,53.1,91.8,34.9,16.6,6.5,22.4,22.6,28.1,3.3,49,103.257673232,96.232240934,26.7,48.4,39.9,
"Semien, Marcus",543760,2023,32,753,14.6,9.6,0.276,0.478,0.348,0.826,0.291,0.262,0.427,0.354,0.333,0.337,0.165,0.349,0.312,0.051,0.021,68.7,5,88.4,37.5,6.5,6.9,23.5,36.1,24.1,2.7,37,98.08417844,93.189258191,18,47.1,34,
"Springer III, George",543807,2023,33,683,18.3,8.8,0.258,0.405,0.327,0.732,0.291,0.264,0.422,0.320,0.332,0.335,0.158,0.369,0.333,-0.017,-0.012,72.7,24.4,88.3,32.2,7.7,6.5,25.7,23.6,31.8,4.5,39.9,100.34851102,94.297792755,22.3,49.3,44.8,2
"Harper, Bryce",547180,2023,30,546,21.8,14.7,0.293,0.499,0.401,0.900,0.352,0.290,0.530,0.384,0.399,0.403,0.240,0.470,0.394,-0.031,-0.015,75.5,55,91.8,36.8,15.2,6.7,23.4,17.8,32.7,4.1,46.8,103.839812899,96.235486154,33.5,51.4,45.3,
"Abreu, José",547989,2023,36,594,21.9,7.1,0.237,0.383,0.296,0.679,0.276,0.248,0.409,0.295,0.314,0.311,0.161,0.369,0.328,-0.026,-0.019,74,41.7,89,32.5,8.7,4.6,23.3,24.8,35.3,3.1,41.6,100.821833606,94.59770588,26.4,50.1,45,
"Díaz, Elias",553869,2023,32,526,22.4,6.5,0.267,0.409,0.316,0.725,0.324,0.245,0.376,0.314,0.296,0.297,0.131,0.351,0.323,0.033,0.018,73.6,32.8,88.1,31.2,6.2,4.3,28.2,24.7,31.2,4.6,38.4,100.035107459,94.071648482,28.4,54.8,46.5,
"Suárez, Eugenio",553993,2023,31,694,30.8,10.1,0.232,0.391,0.323,0.714,0.314,0.223,0.419,0.313,0.324,0.318,0.196,0.418,0.343,-0.028,-0.011,72.3,22.3,90.3,37.7,13.2,6.8,23.3,31.6,22.3,2.8,43,100.661115455,94.726665316,32.8,44.5,34.2,
"Arenado, Nolan",571448,2023,32,612,16.5,6.7,0.266,0.459,0.315,0.774,0.279,0.266,0.435,0.327,0.320,0.316,0.170,0.358,0.320,0.024,0.007,71.4,15.5,88.8,33,7.3,6,25.5,29.8,28.9,2.6,38.1,99.311427863,93.760489679,20.2,48.5,38.8,
"Hernández, Enrique",571771,2023,31,508,19.1,6.7,0.237,0.357,0.289,0.646,0.273,0.224,0.337,0.282,0.272,0.280,0.113,0.302,0.281,0.020,0.010,72.3,23.4,87.8,31,4.5,5.1,23,34.8,29.4,3.2,33.7,97.831208503,92.980265241,23.6,46.7,37.4,-1
"Muncy, Max",571970,2023,32,579,26.4,14.7,0.212,0.475,0.333,0.808,0.221,0.235,0.504,0.344,0.364,0.353,0.269,0.443,0.339,-0.029,-0.020,71.3,14.9,91.2,33.7,14.6,8.4,19.7,31.6,23.3,2.1,46.6,101.315308623,95.11269018,29.6,39.3,33.4,
"Walker, Christian",572233,2023,32,661,19.2,9.4,0.258,0.497,0.333,0.830,0.272,0.251,0.460,0.351,0.339,0.329,0.210,0.380,0.318,0.037,0.012,75,49.7,88,32.6,11.4,6,19.2,29.2,28.9,5.2,40.4,100.601281422,94.397470475,26.4,48.6,38.7,
"Canha, Mark",592192,2023,34,507,15.6,9.7,0.262,0.400,0.355,0.755,0.293,0.248,0.381,0.333,0.323,0.345,0.133,0.326,0.301,0.019,0.010,67.8,3.5,87.9,30.9,4.7,6.6,22.4,28.5,32.6,5,36.7,98.959607624,93.632062936,18.3,41.6,43.9,-1
"Castellanos, Nick",592206,2023,31,671,27.6,5.4,0.272,0.476,0.311,0.787,0.337,0.258,0.443,0.335,0.320,0.301,0.185,0.420,0.364,0.033,0.015,72.4,28.3,88.9,36.5,10.3,7.4,26.6,24.2,28.2,3.1,43.2,100.3894813,94.419143027,35.4,56.2,41.8,-4
"Drury, Brandon",592273,2023,30,523,26,4.8,0.262,0.497,0.306,0.803,0.308,0.252,0.440,0.339,0.318,0.299,0.188,0.405,0.349,0.057,0.021,71.7,17.2,89.9,35,11,7.6,22.6,22.3,31.9,4,46.3,101.80875267,95.132794574,30.2,51.6,42.7,
"Machado, Manny",592518,2023,30,601,18.1,8.3,0.258,0.462,0.319,0.781,0.268,0.254,0.458,0.334,0.332,0.318,0.204,0.372,0.316,0.004,0.002,76.7,66.6,91,30.2,10.5,7.7,19.5,30,28.9,3.2,45.9,102.375377,95.525381708,23.9,49.3,40.2,
"Realmuto, J.T.",592663,2023,32,540,25.6,6.5,0.252,0.452,0.310,0.762,0.307,0.254,0.462,0.324,0.334,0.315,0.208,0.421,0.352,-0.010,-0.010,73.5,35.5,89.8,36.2,11.2,7,24.2,27.5,27,3.1,43.3,101.30139764,94.961935393,26.2,50.5,37.6,
"Renfroe, Hunter",592669,2023,31,548,22.8,8,0.233,0.416,0.297,0.713,0.270,0.225,0.366,0.308,0.289,0.291,0.141,0.334,0.299,0.050,0.019,74.7,48.7,88.3,29.5,6.1,6.9,21.3,29.5,31.6,3.7,39.1,100.508778984,94.37524563,26.4,50.8,42.8,-4
"Rosario, Eddie",592696,2023,31,516,23.6,6.6,0.255,0.450,0.305,0.755,0.300,0.254,0.436,0.322,0.317,0.304,0.181,0.389,0.340,0.014,0.005,70.4,11.5,88.6,35.9,9.5,5.6,26.7,26.2,29.2,2.8,35.4,98.60055257,93.424315434,29.8,57.4,39.8,3
"Yelich, Christian",592885,2023,31,632,22.2,12.3,0.278,0.447,0.370,0.817,0.342,0.279,0.454,0.353,0.358,0.372,0.175,0.419,0.375,-0.007,-0.005,73.6,39.5,91.7,30.4,9.2,6.1,28.5,11.4,42.1,2.4,50.1,103.18368722,96.096251589,26.8,45,57.4,3
"Merrifield, Whit",593160,2023,34,592,17.1,6.1,0.272,0.382,0.318,0.700,0.313,0.242,0.335,0.304,0.276,0.291,0.093,0.304,0.295,0.047,0.028,64.8,1.2,85.1,37.2,2.4,5.3,26.5,30.8,31.4,3.5,24.3,94.880835796,91.453019024,19.5,51.1,40.5,-5
"Bogaerts, Xander",593428,2023,30,665,16.5,8.4,0.285,0.440,0.350,0.790,0.319,0.255,0.401,0.343,0.318,0.325,0.146,0.341,0.311,0.039,0.025,70.4,15.4,87.6,28.3,6.1,4.5,23,23,38.4,4.7,34.6,98.476149796,93.284202061,20.4,42.6,49.8,
"Profar, Jurickson",595777,2023,30,521,17.3,9.6,0.242,0.368,0.321,0.689,0.279,0.247,0.349,0.304,0.306,0.329,0.102,0.320,0.308,0.019,-0.002,71.1,19.8,86.5,37.7,4,5.1,26.5,28.6,31.3,4.5,31.8,97.18982877,92.606877674,20,47.2,40.1,-14
"Báez, Javier",595879,2023,30,547,22.9,4.4,0.222,0.325,0.267,0.592,0.274,0.234,0.355,0.261,0.279,0.280,0.121,0.334,0.310,-0.030,-0.018,74.1,45,88,28.9,5.2,7,21.9,21.9,39.9,3.1,39.7,100.19637776,94.157773958,32.7,54.8,50.5,
"Lindor, Francisco",596019,2023,29,687,19.9,9.6,0.254,0.470,0.336,0.806,0.277,0.255,0.457,0.346,0.346,0.340,0.202,0.388,0.329,0.013,0.000,71,14.7,91.2,35.8,10.4,7.2,23.3,33.1,23.9,2.1,43.9,100.821281314,94.916417775,22.8,48,34.1,
"Candelario, Jeimer",600869,2023,29,576,22,9.2,0.251,0.471,0.336,0.807,0.292,0.236,0.407,0.346,0.318,0.323,0.171,0.359,0.313,0.064,0.028,69.3,6.8,88.3,36.9,7.9,7.3,21.7,27.7,29.6,5.2,36.4,99.185208,93.708029184,24.2,47.4,39.8,
"Bell, Josh",605137,2023,30,617,21.7,10.2,0.247,0.419,0.325,0.744,0.287,0.260,0.453,0.323,0.342,0.338,0.194,0.398,0.343,-0.034,-0.019,72.3,29.3,90.1,31.3,10.1,5.3,23.1,22.6,36.3,1.7,43,101.611186796,94.955559951,25.8,47.7,48.8,
"Betts, Mookie",605141,2023,30,693,15.4,13.9,0.307,0.579,0.408,0.987,0.316,0.294,0.563,0.416,0.407,0.399,0.268,0.437,0.358,0.016,0.009,71.3,20.7,92.4,42.5,12.4,11.2,24.7,29.7,20.5,1.5,48.5,100.865674689,95.28290971,16.7,38.1,27.6,-1
"Davis, J.D.",605204,2023,30,546,27.8,9.5,0.248,0.412,0.325,0.737,0.320,0.244,0.411,0.321,0.323,0.325,0.167,0.405,0.355,0.001,-0.002,72.2,18.7,91.1,33.5,9.6,6.3,26,16.5,37.7,3.9,45.2,101.437064311,95.258851108,34,53.1,53.3,
"Arcia, Orlando",606115,2023,28,533,19.1,7.3,0.264,0.420,0.321,0.741,0.301,0.247,0.398,0.321,0.307,0.306,0.152,0.345,0.311,0.022,0.014,71.1,20.6,88.2,30.6,6.9,4.6,21.9,19.8,41.6,4.4,41.1,99.189217927,93.735384508,24.3,46.2,53.5,
"Hernández, Teoscar",606192,2023,30,678,31.1,5.6,0.258,0.435,0.305,0.740,0.342,0.258,0.476,0.317,0.336,0.308,0.218,0.466,0.388,-0.041,-0.019,74,43.7,91.3,35.2,13.8,6.4,24.9,22.8,29,2.6,49.4,103.014681476,96.109592578,35.8,53.6,42.8,0
"Marte, Ketel",606466,2023,29,650,16.8,10.9,0.276,0.485,0.358,0.843,0.300,0.266,0.427,0.361,0.342,0.353,0.161,0.365,0.330,0.058,0.019,73.1,33.9,91.1,30.8,8,6,23.4,24.5,36.3,1.7,42.8,101.585403319,95.10445528,20.5,45.5,45.8,
"Nimmo, Brandon",607043,2023,30,682,21.4,10.9,0.274,0.466,0.363,0.829,0.324,0.261,0.453,0.359,0.352,0.353,0.193,0.400,0.346,0.013,0.007,72.7,27.2,91.8,33.5,9.5,6.4,23.7,25.9,31.3,3.1,47.9,101.50757,95.462726837,22,42.4,41.2,1
"Turner, Trea",607208,2023,30,691,21.7,6.5,0.266,0.459,0.320,0.779,0.310,0.266,0.447,0.333,0.330,0.320,0.181,0.394,0.347,0.012,0.003,72.4,27,89.9,36.1,8.4,6.9,24.7,26.7,30.4,2.9,42.2,100.292342286,94.550003245,29.6,53.1,40.2,
"Ramírez, José",608070,2023,30,691,10.6,10.6,0.282,0.475,0.356,0.831,0.285,0.299,0.480,0.346,0.359,0.373,0.182,0.375,0.338,-0.005,-0.013,70.5,13,90,36.8,7,6.3,26.8,31.3,26.5,2.2,40.4,100.07775,94.35370079,15.6,46.6,34.9,
"Bregman, Alex",608324,2023,29,724,12,12.7,0.262,0.441,0.363,0.804,0.270,0.266,0.430,0.351,0.351,0.368,0.163,0.344,0.309,0.011,0.000,70.2,5.5,88.6,35.8,5.4,10.1,24.8,30.2,27.9,1.7,38.2,98.071537732,93.248960689,14.1,38.7,35.4,
"Seager, Corey",608369,2023,29,536,16.4,9.1,0.327,0.623,0.390,1.013,0.340,0.310,0.608,0.419,0.409,0.378,0.298,0.468,0.378,0.015,0.010,71.8,17.1,93.3,38,15.2,11.4,20.8,21.3,27.6,3.8,53.2,103.543493485,96.785948962,25,55.1,40.3,
"Meneses, Joey",608841,2023,31,657,19.8,5.8,0.275,0.401,0.321,0.722,0.329,0.247,0.361,0.314,0.288,0.295,0.115,0.329,0.312,0.040,0.026,69.7,11.5,89.4,32.9,5.4,5,26.2,23.6,36.8,3.1,41.7,99.929364091,94.237468244,23.6,47.6,48.1,
"Swanson, Dansby",621020,2023,29,638,24.1,10.3,0.244,0.416,0.328,0.744,0.297,0.255,0.458,0.325,0.345,0.338,0.203,0.413,0.350,-0.042,-0.020,71.5,9.1,89.3,35.1,10.9,7.3,23,22.8,32.9,2.7,39.7,99.817409223,94.10753236,28.7,47.3,44.1,
"Correa, Carlos",621043,2023,28,580,22.6,10.2,0.230,0.399,0.312,0.711,0.272,0.250,0.417,0.309,0.327,0.332,0.168,0.380,0.336,-0.018,-0.018,74.8,51.2,90.4,31.1,9.6,7,23.6,22.8,30.8,5.2,45.9,102.481230628,95.635527984,25.1,43.6,46.4,
"Olson, Matt",621566,2023,29,720,23.2,14.4,0.283,0.604,0.389,0.993,0.302,0.264,0.558,0.413,0.392,0.374,0.294,0.470,0.362,0.046,0.021,74.8,49.7,93.7,31,16.4,9.2,19.1,26.1,27.2,1.8,55.5,104.825276757,97.314084392,28.4,46.8,38.7,
"Santander, Anthony",623993,2023,28,656,23.2,8.4,0.257,0.472,0.325,0.797,0.299,0.237,0.426,0.340,0.319,0.309,0.189,0.378,0.319,0.046,0.021,72.9,31.5,90.6,33,10.2,8.4,22.1,34.1,21.9,3.4,46,101.732013378,95.319994041,23.5,49,35,-2
"Alonso, Pete",624413,2023,28,658,22.9,9.9,0.217,0.504,0.318,0.822,0.205,0.246,0.527,0.346,0.368,0.343,0.281,0.436,0.332,-0.023,-0.022,75.7,56,89.5,32.3,14.7,6.4,17.6,29.5,28,3.8,40.1,102.342134502,95.253955701,26.2,43.7,36.3,
"Soler, Jorge",624585,2023,31,580,24.3,11.4,0.250,0.512,0.341,0.853,0.272,0.262,0.532,0.361,0.374,0.354,0.270,0.458,0.363,-0.020,-0.013,75.8,61.8,91.3,36.5,15,10.4,18,27.2,26.7,2.7,48,103.053956467,95.950783079,27.6,44.1,36.2,-3
"Cronenworth, Jake",630105,2023,29,522,18.6,8.8,0.229,0.378,0.312,0.690,0.267,0.238,0.370,0.301,0.305,0.321,0.131,0.327,0.300,0.008,-0.004,68.3,4.2,87.4,35.7,4.4,8.4,22.9,29.7,28.3,5.4,33.2,97.73147257,92.917093417,16,47.6,37.6,
"Anderson, Tim",641313,2023,30,524,23.3,5,0.245,0.296,0.286,0.582,0.323,0.252,0.335,0.260,0.279,0.295,0.082,0.338,0.336,-0.039,-0.019,68.8,3.1,87.8,32.4,2.9,5.9,28.4,11.8,47.2,3.5,39.4,99.22965129,93.713640376,25.3,53.5,61.4,
"Bellinger, Cody",641355,2023,27,556,15.6,7.2,0.307,0.525,0.356,0.881,0.319,0.268,0.434,0.370,0.327,0.326,0.165,0.357,0.321,0.091,0.043,70,6.4,87.9,38,6.1,5.4,26.7,34,25.5,2.1,31.4,97.661544057,92.874372388,20.1,49.9,35.8,2
"Crawford, J.P.",641487,2023,28,638,19.6,14.7,0.266,0.438,0.380,0.818,0.314,0.260,0.384,0.359,0.340,0.375,0.124,0.359,0.339,0.054,0.019,71.9,23.3,88.3,35.3,4.8,6.5,29.7,26.6,27.3,4.8,36.2,99.143101569,93.649442623,18.6,38.6,39.6,
"McMahon, Ryan",641857,2023,28,627,31.6,10.8,0.240,0.431,0.322,0.753,0.326,0.245,0.445,0.325,0.335,0.328,0.201,0.452,0.379,-0.014,-0.010,72.2,23.1,90.8,39.4,11.4,6.4,29.4,20.3,28.3,4.2,44.2,102.017798324,95.343043101,32.3,47.4,44.2,
"Smith, Dominic",642086,2023,28,586,15.5,8,0.254,0.366,0.326,0.692,0.286,0.256,0.397,0.306,0.320,0.329,0.141,0.338,0.310,-0.031,-0.014,68.6,5.8,86.3,37,6.6,3.7,25.6,28.3,31.7,4.1,30.8,97.225088721,92.631850959,19.9,49,42.7,
"Rosario, Amed",642708,2023,27,545,18.2,5.3,0.263,0.378,0.305,0.683,0.314,0.271,0.380,0.297,0.305,0.314,0.109,0.347,0.336,-0.002,-0.008,71.2,15.3,88.3,33.8,3.4,5.8,27.8,22,38.2,2.7,39.4,99.501582705,93.941784576,23.1,53.4,48.1,
"Adames, Willy",642715,2023,27,638,25.9,11.1,0.217,0.407,0.310,0.717,0.259,0.240,0.436,0.311,0.335,0.332,0.196,0.406,0.341,-0.029,-0.024,72.5,24.2,87.4,35,12.4,4.1,23.1,30.2,23.9,6.3,36.5,99.086365635,93.664258959,31,50,36.3,
"Estrada, Thairo",642731,2023,27,530,22.6,4.2,0.271,0.416,0.315,0.731,0.331,0.248,0.371,0.316,0.292,0.296,0.123,0.350,0.328,0.045,0.024,70.3,13.2,85.9,34.7,4.8,3.7,27.3,24.1,30.8,8.8,33.7,97.898139565,92.983630679,21.5,51.7,45.4,
"Benintendi, Andrew",643217,2023,28,621,14.3,8.4,0.262,0.356,0.326,0.682,0.301,0.270,0.375,0.299,0.310,0.334,0.105,0.327,0.319,-0.019,-0.011,67,2.3,86.6,40.9,2.9,3.4,30.8,30.2,28.7,3.8,27,95.498075212,91.757391695,19.3,49,39.6,-11
"McNeil, Jeff",643446,2023,31,648,10,6,0.270,0.378,0.333,0.711,0.288,0.251,0.340,0.314,0.294,0.316,0.090,0.285,0.281,0.038,0.020,68.2,2.6,86,32.1,1.3,5.7,24.9,30.6,30.4,6.8,27.4,95.984354131,92.004150754,13.5,53,42.2,2
"Albies, Ozzie",645277,2023,26,660,16.2,7,0.280,0.513,0.336,0.849,0.289,0.266,0.467,0.358,0.340,0.325,0.201,0.375,0.322,0.046,0.018,70,10.8,88.7,37.4,8.2,10.5,23.3,27.4,28.2,2,39,98.667615565,93.481568303,20.6,54.6,36.8,
"Devers, Rafael",646240,2023,26,656,19.2,9.5,0.271,0.500,0.351,0.851,0.292,0.282,0.539,0.359,0.380,0.363,0.257,0.441,0.361,-0.039,-0.021,73.4,34.2,93.1,30,12.7,8.5,19.9,24.1,32.4,2.2,55.1,104.483705833,97.182864659,26.1,52.6,42.7,
"Arraez, Luis",650333,2023,26,617,5.5,5.7,0.354,0.469,0.393,0.862,0.362,0.329,0.458,0.369,0.354,0.371,0.129,0.358,0.349,0.011,0.015,63.8,0.2,88.3,44.7,3.5,3.7,33.8,24.8,30.7,3.5,25.7,95.658900664,92.009454214,7.9,51,42.8,
"Torres, Gleyber",650402,2023,26,672,14.6,10,0.273,0.453,0.347,0.800,0.288,0.282,0.478,0.346,0.362,0.357,0.196,0.385,0.337,-0.025,-0.016,71.7,22.7,89.7,37.3,7.9,7.5,25,27.4,29,2.8,40.3,99.649800996,94.055057585,21.8,46.8,38.9,
"Díaz, Yandy",650490,2023,31,600,15.7,10.8,0.330,0.522,0.410,0.932,0.367,0.305,0.487,0.402,0.383,0.391,0.182,0.413,0.372,0.035,0.019,73.8,41.2,93.4,30.5,9.5,6.5,27.3,17.1,36.3,3,54,104.285177685,97.074568747,18.4,42.6,52.2,
"De La Cruz, Bryan",650559,2023,26,626,22.7,6.4,0.257,0.411,0.304,0.715,0.307,0.273,0.445,0.309,0.331,0.321,0.172,0.405,0.362,-0.034,-0.022,72.2,23.7,89.9,41,8.8,7.2,27.4,23.1,30.5,2.3,42.5,100.272527091,94.400399818,28.7,50.1,40.7,-8
"Chapman, Matt",656305,2023,30,581,28.4,10.7,0.240,0.424,0.330,0.754,0.319,0.230,0.457,0.328,0.337,0.323,0.228,0.426,0.341,-0.033,-0.009,75.5,56.7,93.4,32.4,17.1,7.8,15.6,29.2,27.2,2.3,56.4,103.539639884,96.813201603,31.1,43.3,35,
"McKinstry, Zach",656716,2023,28,518,21.8,8.5,0.231,0.351,0.302,0.653,0.284,0.247,0.395,0.289,0.312,0.318,0.148,0.359,0.325,-0.044,-0.023,67.9,3.4,87.2,37.1,7.6,5.9,23.9,31.2,26.1,4.8,33.5,97.726678239,92.940971652,20.5,47.3,35.7,1
"Schwarber, Kyle",656941,2023,30,720,29.9,17.5,0.197,0.474,0.343,0.817,0.209,0.220,0.485,0.350,0.364,0.362,0.266,0.460,0.345,-0.011,-0.014,77.1,74.4,92.4,34.3,16.4,6.7,16.9,30.8,27.1,2.1,48.8,103.398490108,96.18179379,31.5,37.7,34.6,-18
"Thomas, Lane",657041,2023,27,682,25.8,5.3,0.268,0.468,0.315,0.783,0.325,0.255,0.436,0.334,0.319,0.305,0.181,0.403,0.351,0.032,0.015,71.7,17.1,88.5,36.8,9.6,6.5,24.4,22.9,31.2,5.4,40.7,100.191573957,94.319062004,23,43.6,43.4,-4
"Verdugo, Alex",657077,2023,27,602,15.4,7.5,0.264,0.421,0.324,0.745,0.294,0.278,0.417,0.322,0.331,0.340,0.139,0.358,0.335,0.004,-0.009,67.5,2.6,89.2,35.4,5,6.3,28.4,23.6,33.6,2.6,37.6,99.116993728,93.701176864,15.6,40.9,44.8,1
"Ohtani, Shohei",660271,2023,28,599,23.9,15.2,0.304,0.654,0.412,1.066,0.342,0.295,0.637,0.433,0.427,0.406,0.343,0.543,0.412,0.017,0.006,77.4,73.9,94.4,35.6,19.6,6.4,22.1,19.6,30.5,1.4,54.2,105.748559101,97.769057809,32.3,48.2,42.6,
"Acuña Jr., Ronald",660670,2023,25,735,11.4,10.9,0.337,0.596,0.416,1.012,0.338,0.357,0.660,0.428,0.460,0.435,0.303,0.493,0.411,-0.064,-0.032,77.3,69.9,94.7,33.6,15.3,9.1,23.5,14.9,34.3,2.5,55.2,106.368689571,98.157029125,18.7,46.2,48.8,-7
"Ruiz, Keibert",660688,2023,24,562,10.3,5.5,0.260,0.409,0.308,0.717,0.263,0.274,0.425,0.310,0.322,0.321,0.150,0.333,0.308,-0.016,-0.012,66.4,2.3,87.4,39.4,5.8,4.9,26.3,29.8,29.3,3.4,31.9,97.263733176,92.681495075,14.3,51.1,38.8,
"Contreras, William",661388,2023,25,611,20.6,10.3,0.289,0.457,0.367,0.824,0.348,0.255,0.433,0.357,0.335,0.338,0.179,0.379,0.331,0.024,0.022,73.8,45,91.3,27.1,9.4,6.2,21.3,16.8,41.5,3.6,48.7,103.241329369,96.097846496,28,43.2,55.4,
"Varsho, Daulton",662139,2023,26,581,23.2,7.7,0.220,0.389,0.285,0.674,0.256,0.232,0.394,0.293,0.302,0.298,0.161,0.357,0.312,-0.005,-0.009,74.6,47.1,87.8,34.3,7.3,7.3,18.4,32.6,23.7,10.1,36.1,99.853027513,94.005486074,24.7,50.1,35.9,10
"Nootbaar, Lars",663457,2023,25,503,19.7,14.3,0.261,0.418,0.367,0.785,0.307,0.265,0.436,0.344,0.356,0.372,0.171,0.390,0.345,-0.018,-0.012,72.2,23,89.1,30.8,8.8,5.4,26,19.3,36.9,3.6,37.8,100.334219085,94.369985457,18.5,35.5,50.5,3
"Hoerner, Nico",663538,2023,26,688,12.1,7.1,0.283,0.383,0.346,0.729,0.312,0.273,0.356,0.322,0.311,0.339,0.083,0.313,0.314,0.027,0.011,68.8,2.6,86.6,33.2,1.8,4.2,24.9,25.8,38.4,4.6,33.4,97.320472852,92.695131651,12.5,45.6,47.2,
"Riley, Austin",663586,2023,26,715,24.1,8.3,0.281,0.516,0.345,0.861,0.324,0.273,0.516,0.363,0.365,0.342,0.243,0.452,0.372,0.000,-0.002,76.3,65.5,92.3,35.2,13.9,7.8,23.6,24,28.6,1.9,49.2,103.384251814,96.274145591,27.8,48.2,41.1,
"Hayes, Ke'Bryan",663647,2023,26,525,19.8,5.3,0.271,0.453,0.309,0.762,0.315,0.270,0.436,0.324,0.321,0.309,0.166,0.380,0.342,0.017,0.003,72.3,20.9,92.2,34.1,7.4,9.9,26.2,24.7,29.5,1.5,48.3,101.67326359,95.450846324,21.2,45.6,42,
"Tucker, Kyle",663656,2023,26,674,13.6,11.9,0.284,0.517,0.369,0.886,0.289,0.292,0.530,0.372,0.386,0.380,0.239,0.412,0.346,-0.013,-0.014,71.9,22.6,90.2,35.4,10.6,8.1,24.8,27,25.4,3.9,45.9,100.798373008,94.831132546,18.5,47,38.6,-5
"India, Jonathan",663697,2023,26,529,20.6,9.8,0.244,0.407,0.338,0.745,0.281,0.252,0.424,0.327,0.339,0.348,0.172,0.374,0.329,-0.017,-0.012,71.3,25,89.5,37.2,7.7,7.7,25,27.8,28.4,2.8,38.6,99.676934286,94.0396352,22,38.6,39.5,
"Raleigh, Cal",663728,2023,26,569,27.8,9.5,0.232,0.456,0.306,0.762,0.273,0.233,0.466,0.326,0.330,0.307,0.233,0.422,0.336,-0.010,-0.004,75,50.1,89.5,36.5,12.6,7,21.1,33.4,23,2.5,41,101.028271404,94.749354873,29.9,49.7,31.7,
"Grisham, Trent",663757,2023,26,555,27.7,13.5,0.198,0.352,0.315,0.667,0.264,0.215,0.393,0.299,0.320,0.330,0.177,0.381,0.320,-0.041,-0.021,70.5,8.3,90.3,32.8,11.9,7.5,20.9,26.9,24.1,8.1,40,100.701927386,94.880503967,28.3,41.6,38.1,7
"Vierling, Matt",663837,2023,26,530,21.1,8.3,0.261,0.388,0.329,0.717,0.321,0.266,0.396,0.315,0.322,0.335,0.130,0.371,0.348,-0.008,-0.007,71.3,12.6,89.1,32.2,4.6,5.1,26,21.7,38.2,3,42.8,100.577331105,94.490701519,19.4,44.3,49.1,-1
"Stephenson, Tyler",663886,2023,26,517,26.1,9.1,0.243,0.378,0.317,0.695,0.314,0.243,0.397,0.305,0.314,0.318,0.154,0.385,0.343,-0.019,-0.009,70.4,2.7,89.4,33.5,7.6,9.4,27.8,17.2,34.4,3.3,43.5,100.030744788,94.357020636,28.4,42.5,48.9,
"Lowe, Nathaniel",663993,2023,27,724,22.8,12.8,0.262,0.414,0.360,0.774,0.329,0.263,0.406,0.340,0.339,0.362,0.143,0.386,0.356,0.008,0.001,74.1,40.1,89.8,36.7,6.5,6.3,29.7,19.1,35.8,2.6,41.6,101.145951991,94.820277484,20.6,43.8,48.2,
"Happ, Ian",664023,2023,28,691,22.1,14.3,0.248,0.431,0.360,0.791,0.299,0.254,0.427,0.345,0.350,0.368,0.173,0.392,0.345,0.004,-0.005,71.8,19.5,89.9,36.7,9,5.5,25.2,27.3,30,2.5,39,99.676936326,94.121891884,25.3,44.4,41.8,-7
"France, Ty",664034,2023,28,665,17.6,6.5,0.250,0.366,0.337,0.703,0.294,0.270,0.420,0.315,0.342,0.354,0.151,0.367,0.336,-0.054,-0.027,71.8,19.5,87.5,36.9,6.8,5.1,28.7,25.3,29.3,4.5,38.6,99.277871319,93.765945224,21.9,53.2,41.8,
"Straw, Myles",664702,2023,28,518,18.7,8.1,0.238,0.297,0.301,0.598,0.295,0.239,0.300,0.268,0.272,0.303,0.061,0.293,0.300,-0.003,-0.004,66.1,1,86.3,34,0.5,2.4,27.1,28.4,35.3,5.3,23.3,95.141368287,91.593212265,14.1,44,48.5,4
"Bohm, Alec",664761,2023,26,611,15.4,6.9,0.274,0.437,0.327,0.764,0.296,0.290,0.453,0.329,0.343,0.342,0.163,0.377,0.345,-0.016,-0.014,72,20.2,89.4,35.1,5.7,7,26.6,24.7,33.6,2.3,41.7,100.435445021,94.400147213,18.1,49.8,42.6,
"Wade Jr., LaMonte",664774,2023,29,519,18.3,14.6,0.256,0.417,0.373,0.790,0.290,0.261,0.450,0.347,0.360,0.377,0.189,0.382,0.332,-0.033,-0.013,72.8,26.2,88.4,33.6,9.1,5.8,25.1,28.1,24.3,7.3,39.8,99.530093174,93.945744444,20.8,39.5,39.5,-1
"Peña, Jeremy",665161,2023,25,634,20.3,6.8,0.263,0.381,0.324,0.705,0.323,0.265,0.376,0.310,0.310,0.325,0.111,0.355,0.341,0.005,0.000,71.7,16,88,32.4,4,5.3,28,18.9,39.1,4.2,35.8,99.143524796,93.690137489,28.4,53.2,54.4,
"Tatis Jr., Fernando",665487,2023,24,635,22.2,8.3,0.257,0.449,0.322,0.771,0.299,0.281,0.508,0.332,0.364,0.344,0.227,0.438,0.371,-0.059,-0.032,73,30.3,91.9,31.5,11,7.8,25.1,20.8,32.4,2.7,49.3,102.94128633,96.024566651,30.5,54.1,47.7,8
"Guerrero Jr., Vladimir",665489,2023,24,682,14.7,9.8,0.264,0.444,0.345,0.789,0.277,0.299,0.501,0.340,0.378,0.378,0.202,0.407,0.359,-0.057,-0.038,75.5,52.3,92.1,32.4,11.1,6.1,23.3,22.1,33.6,3.8,49.2,104.050992964,96.528144743,23,50.6,45.3,
"Soto, Juan",665742,2023,24,708,18.2,18.6,0.275,0.519,0.410,0.929,0.296,0.284,0.536,0.395,0.407,0.420,0.253,0.446,0.367,-0.017,-0.012,74.6,48.2,93.2,28.5,13,7.6,23.4,17.1,35.5,3.1,55.3,104.484350409,97.215905977,20.5,35.8,51.9,-7
"Taveras, Leody",665750,2023,24,554,21.1,6.3,0.266,0.421,0.312,0.733,0.318,0.270,0.407,0.316,0.319,0.320,0.136,0.379,0.352,0.014,-0.003,71.3,15,90.1,35.2,7.2,5.5,28.7,21.4,34.4,2.7,43.1,100.592817638,94.514120854,24.2,49.4,45.9,7
"Giménez, Andrés",665926,2023,24,616,18.2,5.2,0.251,0.399,0.314,0.713,0.289,0.245,0.367,0.309,0.297,0.309,0.122,0.327,0.306,0.032,0.012,68.8,5.8,84.8,29.9,5.5,4.2,21,27.2,31.6,10,27,96.663934128,92.344201908,25.4,54.6,46.7,
"Bichette, Bo",666182,2023,25,601,19.1,4.5,0.306,0.475,0.339,0.814,0.355,0.308,0.497,0.349,0.359,0.341,0.189,0.429,0.385,-0.022,-0.010,70.1,15.9,90.2,38.3,9.6,6.1,31.5,14,32.6,5.3,44.9,101.736681894,95.184330552,21.1,56.6,46.4,
"García, Adolis",666969,2023,30,632,27.7,10.3,0.245,0.508,0.328,0.836,0.280,0.250,0.526,0.354,0.366,0.334,0.276,0.471,0.363,-0.018,-0.012,73.6,38.4,92.1,36,16.1,8.5,19.9,25.4,28,2.1,49.7,102.949539534,96.163808523,31.6,48.6,37.8,3
"Gurriel Jr., Lourdes",666971,2023,29,592,17.4,5.6,0.261,0.463,0.309,0.772,0.282,0.264,0.439,0.329,0.324,0.313,0.175,0.367,0.325,0.024,0.005,69.9,4.8,89.7,35.3,8.4,6.9,24.4,23.6,33.6,2.9,46,99.859212133,94.368560668,18.7,49.1,43.3,2
"Rooker Jr., Brent",667670,2023,28,526,32.7,9.3,0.246,0.488,0.329,0.817,0.317,0.237,0.478,0.348,0.343,0.322,0.241,0.472,0.375,0.010,0.005,73.6,33.5,91.6,37.3,15.6,7.1,22.4,28.5,23.1,3.4,49.5,102.653891351,95.962225864,38.2,46.1,33.2,-5
"Arozarena, Randy",668227,2023,28,654,23.9,12.2,0.254,0.425,0.364,0.789,0.310,0.239,0.431,0.347,0.348,0.356,0.192,0.398,0.337,-0.006,-0.001,72.9,31.8,91.7,31.8,12.3,7.8,19.8,24.3,32.8,3,48.4,102.055211709,95.651873174,29.1,43,43.3,-5
"Steer, Spencer",668715,2023,25,665,20.9,10.2,0.271,0.464,0.356,0.820,0.318,0.252,0.417,0.355,0.333,0.341,0.165,0.373,0.330,0.047,0.022,71.5,11.7,88.7,35.3,6.7,6.5,25.3,29.5,28,3.1,37.1,99.167567432,93.741896795,24.1,43.8,38,-4
"Reynolds, Bryan",668804,2023,28,640,21.6,8.3,0.263,0.460,0.330,0.790,0.304,0.280,0.490,0.338,0.360,0.346,0.211,0.427,0.366,-0.030,-0.022,70.2,10.8,90.9,36.9,11.1,6.6,28.7,19.5,32.4,1.6,47.3,101.022834344,94.957065034,28.2,47.4,44.1,-3
"Rutschman, Adley",668939,2023,25,687,14.7,13.4,0.277,0.435,0.374,0.809,0.303,0.292,0.469,0.352,0.373,0.389,0.177,0.391,0.353,-0.034,-0.021,70.3,10.1,88.4,37,7.5,6.5,28.7,23.8,30.3,3.3,38.6,99.614450772,93.937278476,15.6,41,42.9,
"Melendez Jr., MJ",669004,2023,24,602,28.2,10.3,0.235,0.398,0.316,0.714,0.311,0.235,0.432,0.310,0.325,0.318,0.197,0.411,0.344,-0.034,-0.015,72.1,21.4,93.2,34.6,11.4,8.2,25.9,29.4,24,1.1,49.6,101.434950217,95.609327411,34.4,47.9,35.4,-10
"Edman, Tommy",669242,2023,28,528,15.9,6.6,0.248,0.399,0.307,0.706,0.275,0.262,0.390,0.306,0.312,0.321,0.128,0.338,0.317,0.009,-0.006,70.8,15.9,89.1,27.9,5,5.7,23.9,23.1,38.1,3.7,38.8,99.456717727,93.865892803,16.1,45.7,51.7,7
"Smith, Will",669257,2023,28,554,16.1,11.4,0.261,0.438,0.359,0.797,0.277,0.258,0.431,0.345,0.350,0.362,0.173,0.361,0.317,0.007,-0.005,68.6,3,89.3,37.5,6.7,9.3,24.8,29.5,27.1,2.3,41.6,99.645654456,94.001340492,19.5,45.7,37.7,
"Suwinski, Jack",669261,2023,24,534,32.2,14,0.224,0.454,0.339,0.793,0.290,0.218,0.461,0.341,0.346,0.337,0.244,0.460,0.352,-0.007,-0.005,73.7,35.7,90.5,34.2,15.7,7.5,17.8,34.2,20.6,3.6,43.4,102.173377122,95.316292734,30.1,39,28.1,2
"Burger, Jake",669394,2023,27,540,27.6,5.9,0.250,0.518,0.309,0.827,0.284,0.270,0.512,0.349,0.359,0.329,0.242,0.469,0.385,0.006,-0.010,76,64.6,91.9,33.4,16.7,6.9,21.9,20.7,30.8,2.9,49.6,105.009725862,96.989580029,34.1,54,42.9,
"Hays, Austin",669720,2023,27,566,24.9,6.7,0.275,0.444,0.325,0.769,0.345,0.242,0.420,0.330,0.309,0.296,0.178,0.381,0.330,0.024,0.021,71.7,13.9,89.4,31,8.9,7.6,23.4,25.5,32.3,2.1,40.1,100.462787656,94.411352037,28.4,46.6,44.8,3
"Paredes, Isaac",670623,2023,24,571,18.2,10.2,0.250,0.488,0.352,0.840,0.257,0.230,0.369,0.362,0.315,0.335,0.139,0.322,0.291,0.119,0.047,68.1,4.5,86.9,32.4,5.9,5.9,24.7,35.5,24.2,3.3,28.5,96.372683866,92.205361059,18.2,45.6,31.6,
"Friedl Jr., TJ",670770,2023,27,556,16.2,8.5,0.279,0.467,0.352,0.819,0.308,0.240,0.321,0.353,0.289,0.318,0.082,0.296,0.293,0.146,0.064,68.6,3.6,86.7,32,3.2,2.2,26.9,30.6,26.9,10.3,27.6,96.368739947,92.196228515,18.4,42.2,42.8,6
"Casas, Triston",671213,2023,23,502,25.1,13.9,0.263,0.490,0.367,0.857,0.317,0.253,0.500,0.367,0.370,0.360,0.246,0.449,0.359,-0.010,-0.003,75.8,61.4,91.1,36.1,13.1,7.5,21.3,28.5,27.2,2.3,46.6,102.616692288,95.686960262,28.1,43.6,36.4,
"Harris II, Michael",671739,2023,22,539,18.7,4.6,0.293,0.477,0.331,0.808,0.334,0.304,0.490,0.345,0.357,0.342,0.186,0.421,0.379,-0.013,-0.012,73.7,33.7,90.9,34.6,10,5.9,25.7,18.1,35.5,4.4,48.5,103.586789505,96.131496609,24.4,52.9,48,6
"Garcia, Maikel",672580,2023,23,515,22.3,7.4,0.272,0.358,0.323,0.681,0.344,0.274,0.393,0.299,0.319,0.330,0.119,0.380,0.361,-0.035,-0.020,69.8,5,91.8,36.9,3.9,9.4,31.7,16.1,35.3,2.8,50.6,101.538604663,95.500565408,19.5,43.1,48.3,
"Robert Jr., Luis",673357,2023,25,595,28.9,5,0.264,0.542,0.315,0.857,0.314,0.262,0.518,0.358,0.350,0.314,0.256,0.475,0.382,0.024,0.008,75.9,62.6,89.1,38,15.4,5.6,22.9,25.8,25.3,4.8,42.3,101.844478191,95.05043424,33.5,58.3,36.4,12
"Kim, Ha-Seong",673490,2023,27,626,19.8,12,0.260,0.398,0.351,0.749,0.306,0.245,0.359,0.330,0.313,0.339,0.114,0.335,0.317,0.039,0.017,67.7,3.7,86.2,36.1,4.2,5.7,25.5,29.5,30.2,4.7,26.7,96.561670433,92.283861587,17.8,38.9,41.3,
"Suzuki, Seiya",673548,2023,28,583,22.3,10.1,0.285,0.485,0.357,0.842,0.341,0.283,0.469,0.358,0.357,0.358,0.187,0.425,0.376,0.016,0.001,72.4,30.8,91.4,36.5,10.5,8.2,27.3,20.2,30.6,3.1,48,102.157061122,95.610201816,21.3,40.9,43.6,1
"Jung, Josh",673962,2023,25,515,29.3,5.8,0.266,0.467,0.315,0.782,0.340,0.260,0.482,0.334,0.337,0.309,0.222,0.453,0.378,-0.015,-0.003,71.2,13.1,91.8,41.9,11.9,7.9,27.1,25.5,25.5,1.8,47.4,101.620526098,95.373200793,29.7,51.8,37.4,
"Rodríguez, Julio",677594,2023,22,714,24.5,6.6,0.275,0.485,0.333,0.818,0.330,0.274,0.475,0.347,0.345,0.332,0.201,0.431,0.372,0.010,0.002,77.2,69.5,92.7,31.8,11.9,7.3,21,20,36.4,3.3,52,104.082287708,96.812366417,28.3,53.9,47.6,11
"Witt Jr., Bobby",677951,2023,23,694,17.4,5.8,0.276,0.495,0.319,0.814,0.295,0.294,0.533,0.343,0.369,0.338,0.239,0.427,0.360,-0.038,-0.026,75.1,53.9,90.7,34.4,11.5,7.2,22.1,25.9,30.1,3,45.6,102.080606768,95.411820457,22.8,50.5,37.6,
"Tovar, Ezequiel",678662,2023,21,615,27,4.1,0.253,0.408,0.287,0.695,0.328,0.248,0.386,0.298,0.291,0.283,0.138,0.378,0.346,0.022,0.007,71.9,21.4,88,36.4,8.1,3.6,29.8,24.5,28.8,4.8,36.2,99.019446394,93.628807036,31.3,59.7,43.1,
"Torkelson, Spencer",679529,2023,23,684,25,9.8,0.233,0.446,0.313,0.759,0.269,0.251,0.484,0.326,0.349,0.331,0.233,0.428,0.348,-0.038,-0.023,75,50.3,91.8,33.2,14.1,7,21.4,29.3,26.4,1.4,50.9,102.691928356,96.002045502,24.7,46.2,33.9,
"Kwan, Steven",680757,2023,25,718,10.4,9.7,0.268,0.370,0.340,0.710,0.294,0.282,0.358,0.313,0.317,0.353,0.076,0.311,0.317,0.012,-0.004,64.1,0.2,86,37.7,1.1,2.8,29.3,26.3,38.1,2.5,18.8,94.063409324,91.031738203,11.2,41.2,46.7,7
"Stott, Bryson",681082,2023,25,640,15.6,6.1,0.280,0.419,0.329,0.748,0.312,0.267,0.386,0.323,0.309,0.319,0.119,0.336,0.320,0.033,0.014,67.9,0.7,88.1,36.4,4.7,5.3,26.5,25.1,35.6,2.8,35.2,97.379136163,92.802445092,15.3,45,47.4,
"Outman, James",681546,2023,26,567,31.9,12,0.248,0.437,0.353,0.790,0.343,0.228,0.396,0.344,0.325,0.336,0.167,0.420,0.362,0.041,0.019,73.4,33.6,87.9,38.2,11.1,3.9,27.8,25.5,25.5,6.2,39.9,99.962159145,94.027798454,36.6,46,39.2,9
"Abrams, CJ",682928,2023,22,614,19.2,5.2,0.245,0.412,0.300,0.712,0.279,0.247,0.399,0.306,0.304,0.301,0.152,0.345,0.310,0.013,0.002,71.5,20.2,87.4,32.6,6.9,7.5,21.7,26.2,31,6.7,35.9,98.814933243,93.426357297,22.5,53.5,44.8,
"Carroll, Corbin",682998,2023,22,645,19.4,8.8,0.285,0.506,0.362,0.868,0.325,0.268,0.441,0.370,0.344,0.348,0.173,0.386,0.343,0.065,0.026,73.2,29.6,90,32.7,7.6,7.8,22,22.7,34.2,5.3,40.9,100.972563211,94.780604736,21.6,45.8,45.3,4
"Henderson, Gunnar",683002,2023,22,622,25.6,9,0.255,0.489,0.325,0.814,0.306,0.261,0.472,0.346,0.346,0.331,0.212,0.431,0.364,0.017,0.000,75.4,57.4,92,32.9,11.4,7.9,23.3,20.8,32.9,3.5,52,102.730226238,96.062562903,26.4,46.8,45.8,
"Volpe, Anthony",683011,2023,22,601,27.8,8.7,0.209,0.383,0.283,0.666,0.259,0.230,0.392,0.290,0.305,0.303,0.162,0.380,0.332,-0.009,-0.015,70.9,9.1,88.7,35.5,9,7.7,23.1,23.9,31.3,5,43,99.54617672,93.954577957,28.2,47.9,41.1,
"Vaughn, Andrew",683734,2023,25,615,21,5.9,0.258,0.429,0.314,0.743,0.299,0.252,0.427,0.321,0.319,0.309,0.176,0.371,0.325,0.002,0.002,70.2,10.4,90.6,30.3,8.4,7.3,24.1,23.9,33.7,2.5,46.5,101.661403,95.348849294,24.1,47.5,44.4,
"Yoshida, Masataka",807799,2023,29,580,14,5.9,0.289,0.445,0.338,0.783,0.316,0.273,0.425,0.339,0.325,0.324,0.153,0.350,0.321,0.020,0.014,71.4,19.6,89,29.5,6.6,3.9,25.8,17.2,41.9,3.9,40.6,100.123813246,94.28056556,18.3,43.3,55,-8
"McCutchen, Andrew",457705,2024,37,515,25.8,11.3,0.232,0.411,0.328,0.739,0.283,0.224,0.418,0.325,0.325,0.321,0.194,0.387,0.317,-0.007,0.000,72.7,25.3,88.5,31.9,12,5.7,19.2,26.8,32.8,3.5,36.9,99.424962893,93.831123091,28.9,42,41.6,
"Turner, Justin",457759,2024,39,539,17.6,10.9,0.259,0.383,0.354,0.737,0.299,0.252,0.383,0.327,0.328,0.352,0.131,0.343,0.316,0.000,-0.001,65.1,0.8,87.1,40.1,4.6,6.7,29.6,32,23.9,3.2,32.5,96.702342312,92.434680753,17,45.4,32.5,
"Santana, Carlos",467793,2024,38,594,16.7,10.9,0.238,0.420,0.328,0.748,0.252,0.246,0.415,0.326,0.330,0.336,0.169,0.348,0.303,0.005,-0.004,71.8,19.4,89.2,30.9,7.3,6.6,23.1,32.3,27.8,2.6,39.9,99.506124387,94.004167778,23.3,43.3,38,
"Goldschmidt, Paul",502671,2024,36,654,26.5,7.2,0.245,0.414,0.302,0.716,0.308,0.255,0.450,0.310,0.329,0.311,0.195,0.423,0.358,-0.036,-0.019,72.5,24.3,91.2,34.3,10.7,8.9,26.6,22,29,2.3,49.6,101.892583709,95.666428146,27.4,47.7,43.7,
"Altuve, Jose",514888,2024,34,682,17.4,6.9,0.295,0.439,0.350,0.789,0.337,0.262,0.399,0.344,0.316,0.321,0.137,0.352,0.324,0.040,0.028,69.4,13,86.5,35.4,6.5,3.9,28.5,24.4,28.7,7.9,31.2,97.323672581,92.693762581,22.1,51.5,43,
"Freeman, Freddie",518692,2024,34,638,15.7,12.2,0.282,0.476,0.378,0.854,0.306,0.276,0.463,0.365,0.364,0.375,0.188,0.387,0.336,0.013,0.001,69.8,10.1,89.4,43.1,9.1,8.4,25.1,26,26,5.3,41.8,100.349133067,94.527301044,20.2,49.4,38.7,
"Perez, Salvador",521692,2024,34,652,19.8,6.7,0.271,0.456,0.330,0.786,0.302,0.275,0.522,0.335,0.360,0.334,0.248,0.427,0.348,-0.066,-0.025,73.2,33.4,91.1,39.4,12.2,6.6,23.1,31.5,23.3,2.6,44.8,101.856275647,95.341857371,27.8,57.8,33.8,
"Ozuna, Marcell",542303,2024,33,688,24.7,10.8,0.302,0.546,0.378,0.924,0.359,0.286,0.572,0.395,0.402,0.368,0.286,0.508,0.399,-0.026,-0.007,74,42.5,92.1,40.5,15.5,11.4,25.2,19.1,25.2,3.4,53.4,103.338991136,96.489686128,31.4,46.8,38,
"Semien, Marcus",543760,2024,33,718,14.6,8.9,0.237,0.391,0.308,0.699,0.250,0.251,0.391,0.306,0.313,0.321,0.140,0.328,0.299,0.000,-0.007,68.3,4.2,87.4,33,6.6,4.8,25.5,31.1,26.7,4.8,35.2,97.806210919,93.005121934,20.2,50,39.6,
"Springer III, George",543807,2024,34,614,18.7,9.8,0.220,0.371,0.303,0.674,0.245,0.244,0.402,0.298,0.322,0.325,0.158,0.351,0.308,-0.031,-0.024,71.9,22.4,87.5,29.2,9.3,4.4,21.5,21.3,36.3,6.5,37.4,99.896868,94.046929394,25.3,49.1,49.8,-1
"Harper, Bryce",547180,2024,31,631,21.9,12,0.285,0.525,0.373,0.898,0.331,0.267,0.474,0.380,0.357,0.358,0.206,0.423,0.357,0.051,0.023,74,41,91.1,36.1,10.6,9.6,25.5,24.6,26.5,2.7,48.2,102.531835097,95.63882949,26.7,52.9,38.6,
"Suárez, Eugenio",553993,2024,32,640,27.5,7.7,0.256,0.469,0.319,0.788,0.309,0.247,0.447,0.337,0.330,0.314,0.201,0.421,0.352,0.022,0.007,72.2,21.5,89.1,40.4,11.3,8.9,25.6,28.8,20.4,4.7,42.4,100.570552315,94.463438988,29.1,47.2,32.5,
"Arenado, Nolan",571448,2024,33,635,14.5,6.9,0.272,0.394,0.325,0.719,0.296,0.255,0.356,0.314,0.296,0.312,0.101,0.313,0.302,0.038,0.018,70.7,12.8,86.3,35.9,3.2,5.1,28.2,30.6,28.2,4.5,31.6,96.924147927,92.483246402,17.2,46.8,39.4,
"Walker, Christian",572233,2024,33,552,24.1,10,0.251,0.468,0.335,0.803,0.287,0.246,0.457,0.343,0.351,0.339,0.211,0.424,0.344,0.011,-0.008,75,52.7,91.2,35,13.3,7.1,23.2,28,25.1,3.1,48,103.127969548,96.011102521,25.6,48,37.9,
"Castellanos, Nick",592206,2024,32,659,21.1,6.2,0.254,0.431,0.311,0.742,0.294,0.271,0.441,0.321,0.333,0.327,0.170,0.395,0.350,-0.010,-0.012,71.9,22.8,88.4,39,8.1,6.8,29.4,27.3,25.4,2.8,38.2,99.266703034,93.738511581,30.1,58,38.4,-8
"Judge, Aaron",592450,2024,32,704,24.3,18.9,0.322,0.701,0.458,1.159,0.367,0.310,0.723,0.476,0.479,0.449,0.413,0.623,0.445,-0.022,-0.003,77.1,74.8,96.2,40.8,26.9,8.5,19.7,22.8,20.3,1.3,61,107.20043567,99.103701521,30.7,42,31.5,-6
"Machado, Manny",592518,2024,31,643,19.3,7,0.275,0.472,0.325,0.797,0.302,0.272,0.461,0.340,0.338,0.325,0.189,0.397,0.345,0.011,0.002,75.2,52.6,92.5,33.8,11,5.9,24.3,24.3,32.3,1.7,48.8,103.370494128,96.17209183,24.4,51.6,43.3,
"Profar, Jurickson",595777,2024,31,668,15.1,11.4,0.280,0.459,0.380,0.839,0.302,0.282,0.444,0.365,0.364,0.383,0.161,0.379,0.342,0.015,0.001,71.7,22.7,91.1,31.3,7.2,4.9,29.2,25.2,29.8,3.8,44.4,100.952441293,94.862553707,17,45.6,43.1,-5
"Lindor, Francisco",596019,2024,30,689,18.4,8.1,0.273,0.500,0.344,0.844,0.295,0.283,0.528,0.363,0.379,0.353,0.246,0.433,0.355,-0.028,-0.016,72.4,23.6,90.9,35.4,13.6,5.7,26.3,27.3,23.5,3.4,47.4,101.098117236,95.07615815,23.7,48.7,34.8,
"Bell, Josh",605137,2024,31,603,19.9,8.5,0.249,0.405,0.319,0.724,0.286,0.235,0.391,0.317,0.307,0.307,0.157,0.343,0.301,0.014,0.010,70.4,15,88.9,31.4,7.6,6.2,21.4,22.6,37.3,4.3,40.1,100.078711292,94.16958744,26.8,48.8,49.6,
"Betts, Mookie",605141,2024,31,516,11,11.8,0.289,0.491,0.372,0.863,0.294,0.282,0.447,0.371,0.356,0.368,0.165,0.357,0.323,0.044,0.015,69,9.6,89.9,39.3,6,10.1,28.2,35,19.1,1.5,39.5,98.50877402,93.575257103,14.9,40.4,27.2,1
"Arcia, Orlando",606115,2024,29,602,21.3,6.8,0.218,0.354,0.271,0.625,0.249,0.206,0.323,0.273,0.261,0.263,0.118,0.297,0.267,0.031,0.012,70.9,13.5,88.2,29.9,5.3,6.5,18.6,25.8,40.4,3,37.8,98.41985743,93.283896472,26.6,49.1,49.9,
"Hernández, Teoscar",606192,2024,31,652,28.8,8.1,0.272,0.501,0.339,0.840,0.344,0.250,0.486,0.360,0.346,0.320,0.236,0.458,0.366,0.015,0.014,73.2,31.7,90.6,33.8,14.9,7.5,20.4,20.4,33.1,3.5,46.8,102.727395423,95.689116559,34,51.2,46.5,-9
"Marte, Ketel",606466,2024,30,583,18.2,11.1,0.292,0.560,0.372,0.932,0.299,0.294,0.538,0.391,0.392,0.378,0.244,0.447,0.370,0.022,-0.001,73.7,40.6,94,33.7,12.3,7.4,24.6,18.2,35.4,2,53.8,103.991137178,96.920444406,21.3,48.2,48.9,
"Nimmo, Brandon",607043,2024,31,663,23.8,11.6,0.224,0.399,0.327,0.726,0.267,0.244,0.408,0.321,0.335,0.346,0.164,0.386,0.338,-0.009,-0.014,73.3,34.8,91.9,33.7,9.1,6.5,25.5,24,33.7,1,47.4,101.264982933,95.221659687,23.4,44.8,42.8,1
"Turner, Trea",607208,2024,31,539,18.2,5,0.295,0.469,0.338,0.807,0.331,0.264,0.419,0.349,0.318,0.309,0.155,0.364,0.327,0.050,0.031,71.6,17.1,89.1,30.9,6.9,5.6,23.5,25.5,35.5,2.7,40.7,99.706063382,94.073107543,26.1,53.7,47.1,
"Ramírez, José",608070,2024,31,682,12,7.9,0.279,0.537,0.335,0.872,0.265,0.259,0.453,0.364,0.329,0.320,0.193,0.350,0.299,0.084,0.035,71.6,18.9,89.2,34,8.6,8.5,19.7,34.4,25.9,2.9,39.7,99.642954081,93.982319614,15.2,49.4,34.2,
"Bregman, Alex",608324,2024,30,634,13.6,6.9,0.260,0.453,0.315,0.768,0.264,0.257,0.417,0.331,0.319,0.314,0.160,0.338,0.301,0.036,0.012,71.3,11.9,89.1,34.9,6.4,7.4,24.8,33.1,25.7,2.4,40.5,98.986527952,93.684160984,12.8,44.9,36.5,
"Seager, Corey",608369,2024,30,533,18,9.9,0.278,0.512,0.353,0.865,0.291,0.286,0.558,0.365,0.387,0.362,0.271,0.449,0.359,-0.046,-0.022,72.3,20.9,92.1,38.6,15.2,9.7,22.6,22,28.1,1.8,50.7,103.274395474,96.157523456,23.4,53,40.9,
"Winker, Jesse",608385,2024,30,508,20.9,12.4,0.253,0.405,0.360,0.765,0.304,0.245,0.384,0.338,0.329,0.353,0.139,0.357,0.323,0.021,0.009,69.5,7.4,88.6,30.1,7.6,3.3,28.3,24,33.1,3.6,37.4,98.91091179,93.570274815,19.6,43.2,45.9,-9
"Swanson, Dansby",621020,2024,30,593,24.3,9.1,0.242,0.390,0.312,0.702,0.300,0.244,0.416,0.307,0.321,0.316,0.172,0.388,0.334,-0.026,-0.014,71.7,12.8,89.4,32.6,9.2,7.9,22.4,21.1,36.1,3.3,42.7,100.210263655,94.404024529,28.7,48.7,49.9,
"Ward, Taylor",621493,2024,30,663,24.6,9.5,0.246,0.426,0.323,0.749,0.294,0.251,0.458,0.325,0.344,0.331,0.207,0.419,0.347,-0.032,-0.019,69.8,8.4,90.9,41.9,13,6.7,22.3,30.5,26,1.2,42.4,100.017751581,94.464585641,25.5,43.2,32.3,4
"Olson, Matt",621566,2024,30,685,24.8,10.4,0.247,0.457,0.333,0.790,0.293,0.247,0.448,0.339,0.341,0.336,0.201,0.414,0.345,0.009,-0.002,73.8,38.7,91.5,35.4,12.4,7.4,23,27.6,25.3,3.7,47.4,102.726279537,95.899543218,26.3,49.7,35.9,
"Santander, Anthony",623993,2024,29,665,19.4,8.7,0.235,0.506,0.308,0.814,0.225,0.228,0.445,0.345,0.324,0.304,0.218,0.364,0.291,0.061,0.021,73.1,33.8,89.8,35,11.7,9.1,18.5,35,22.5,3,41.6,100.325476894,94.357156511,20,49.7,30.6,-2
"Alonso, Pete",624413,2024,29,695,24.7,10.1,0.240,0.459,0.329,0.788,0.276,0.242,0.461,0.340,0.343,0.332,0.219,0.414,0.336,-0.002,-0.003,75.2,51.8,89.8,30.5,13.2,6.6,19.5,25.5,29.5,5.5,46.4,102.785114727,95.699086105,24.7,42.9,42,
"Soler, Jorge",624585,2024,32,574,24.6,11.8,0.241,0.442,0.338,0.780,0.293,0.244,0.447,0.340,0.346,0.342,0.203,0.412,0.341,-0.005,-0.006,75.4,56.6,90.5,33.4,12.6,7.3,22.5,28.7,24.7,4.2,44.1,101.898357865,95.262490702,28.9,44.5,37.6,-7
"Cronenworth, Jake",630105,2024,30,656,18,9.3,0.241,0.390,0.324,0.714,0.274,0.259,0.420,0.315,0.335,0.341,0.161,0.365,0.325,-0.030,-0.020,69.5,6.3,88.6,35.4,7.8,5.8,25.7,25.7,29.2,5.2,36.7,99.527561266,93.904133654,17.1,45,43.6,
"Bellinger, Cody",641355,2024,28,569,15.6,7.9,0.266,0.426,0.325,0.751,0.287,0.242,0.391,0.322,0.301,0.305,0.149,0.326,0.291,0.035,0.021,69,5.2,87.8,32.9,6.3,3.9,23.6,36.6,27.3,2.3,32.9,97.314029213,92.768351065,22.2,49.8,37,-1
"McMahon, Ryan",641857,2024,29,645,28.7,10.7,0.242,0.397,0.325,0.722,0.320,0.243,0.414,0.315,0.325,0.329,0.171,0.417,0.361,-0.017,-0.010,72.5,26.3,92.1,36.5,10.9,7,27.5,18.4,33.2,2.3,49.7,102.62988712,96.057260524,30,46.9,49,
"Adames, Willy",642715,2024,28,688,25.1,10.8,0.251,0.462,0.331,0.793,0.297,0.243,0.461,0.342,0.339,0.324,0.218,0.415,0.337,0.001,0.003,73.6,33.2,88.6,38.2,12,8.6,21.4,31.6,21.8,4.5,40.7,99.769639045,94.108759136,29.5,49.5,30.9,
"Benintendi, Andrew",643217,2024,29,522,18.4,7.9,0.229,0.396,0.289,0.685,0.245,0.243,0.389,0.298,0.303,0.303,0.146,0.337,0.303,0.007,-0.005,68,1,88,36.5,6.3,8.3,23.7,29.7,28.4,3.4,34.4,97.17823,92.764984068,21.1,48,38.3,-5
"Devers, Rafael",646240,2024,27,601,24.5,11.1,0.272,0.516,0.354,0.870,0.323,0.271,0.507,0.364,0.363,0.355,0.236,0.455,0.373,0.009,0.001,72.5,27.9,93.2,35.2,13,8.6,21.4,22.9,29.9,3.6,52.6,104.597925864,97.090537461,30.9,50.9,41.4,
"Naylor, Josh",647304,2024,27,633,16.6,9.2,0.243,0.456,0.320,0.776,0.246,0.257,0.443,0.332,0.335,0.333,0.186,0.366,0.315,0.013,-0.003,72.9,32.7,89.9,30.1,8.4,6.1,22.9,24.2,34.6,3.5,40.9,100.815360087,94.680816725,22.4,50.3,46.8,
"Arraez, Luis",650333,2024,27,672,4.3,3.6,0.314,0.392,0.346,0.738,0.324,0.310,0.400,0.323,0.325,0.343,0.090,0.323,0.324,-0.008,-0.002,63.1,0.2,86.3,40.9,1.6,3.8,32.6,26.8,31.3,3.9,23.7,94.838000362,91.449624457,6.9,49.8,42.2,
"Torres, Gleyber",650402,2024,27,665,20.5,9.8,0.257,0.378,0.330,0.708,0.306,0.240,0.368,0.313,0.307,0.317,0.128,0.341,0.310,0.010,0.006,70.1,9,88.6,38.2,6.3,6.1,26.5,28.6,29.9,2.2,35.4,98.295655921,93.36890443,22.9,45.7,36.9,
"Castro, Willi",650489,2024,27,635,23.6,8,0.247,0.385,0.331,0.716,0.315,0.244,0.381,0.317,0.320,0.332,0.137,0.371,0.335,0.004,-0.003,70.6,15.5,87.4,39,7,8,26.6,25.9,26.4,5.6,36.8,98.851706502,93.501303852,29,51.4,40,-4
"Díaz, Yandy",650490,2024,32,621,15.3,8.1,0.281,0.414,0.341,0.755,0.314,0.277,0.423,0.331,0.336,0.340,0.146,0.363,0.333,-0.009,-0.005,73.3,34.4,92.2,28.4,7.6,5.3,24.4,17.6,42.6,1.9,48.7,103.441830979,96.263007825,14.2,43.9,55.5,
"De La Cruz, Bryan",650559,2024,27,622,27.3,4.7,0.233,0.384,0.271,0.655,0.289,0.242,0.419,0.283,0.302,0.280,0.177,0.396,0.339,-0.035,-0.019,71.8,19.9,89.6,35.6,9.3,6.4,25.1,25.5,30.5,2.9,41.3,99.848652919,94.22196445,30.1,53.4,41.3,-7
"Chapman, Matt",656305,2024,31,647,24.4,9.9,0.247,0.463,0.328,0.791,0.293,0.250,0.451,0.340,0.341,0.332,0.201,0.414,0.345,0.012,-0.001,76.6,64.1,93.2,31.3,12.6,8.1,20.5,30.1,24.6,3.1,48.3,104.356012981,96.727633301,23.5,44.6,38.4,
"Hoskins, Rhys",656555,2024,31,517,28.8,10.3,0.214,0.419,0.303,0.722,0.250,0.202,0.387,0.313,0.301,0.295,0.185,0.372,0.301,0.032,0.012,71.2,13.1,88.7,29.7,12.7,6.2,20.3,33,23.9,3.9,42.2,99.737434248,94.057895065,26.3,42.8,33.3,
"Schwarber, Kyle",656941,2024,31,692,28.5,15.3,0.248,0.485,0.366,0.851,0.301,0.256,0.512,0.366,0.380,0.374,0.256,0.489,0.385,-0.027,-0.014,77.5,78,93.6,31.8,15.6,7.3,23.2,24.2,27.1,2.6,55.5,105.154527813,97.529843438,32,39.9,40.9,
"Thomas, Lane",657041,2024,28,528,25.9,8.3,0.237,0.400,0.309,0.709,0.298,0.242,0.377,0.309,0.307,0.315,0.135,0.374,0.339,0.023,0.002,71.7,16.9,88.8,31.5,7.4,7.1,27.9,27.4,27.1,3.2,40.6,100.376555353,94.3557595,23.3,43.8,39.1,-8
"Verdugo, Alex",657077,2024,28,621,15,7.9,0.233,0.356,0.291,0.647,0.253,0.250,0.373,0.283,0.302,0.309,0.124,0.320,0.297,-0.017,-0.019,68.3,7.5,88.3,31.6,5.6,6.1,22.4,23.8,38.1,3.6,34.9,98.009613263,93.0881338,15.5,44.7,49.6,1
"Ohtani, Shohei",660271,2024,29,731,22.2,11.1,0.310,0.646,0.390,1.036,0.336,0.314,0.660,0.431,0.442,0.396,0.347,0.551,0.420,-0.014,-0.011,76.3,64.1,95.8,37.8,21.5,9,20.7,20.9,25.7,2.3,60.1,106.727792385,98.772122364,29.8,47.3,36.3,
"Sánchez, Jesús",660821,2024,26,537,26.1,7.6,0.252,0.417,0.313,0.730,0.315,0.264,0.468,0.317,0.343,0.325,0.204,0.437,0.369,-0.051,-0.026,75.2,54.4,92.5,31.8,12.2,7.1,23.6,16.2,37.2,3.1,51.3,104.556000571,96.923820315,31.2,53.2,50.3,2
"Contreras, William",661388,2024,26,679,20.5,11.5,0.281,0.466,0.365,0.831,0.330,0.269,0.471,0.359,0.358,0.356,0.202,0.411,0.350,-0.005,0.001,74.7,50.4,92.8,29,10,7.8,23.5,17.4,39.2,2,49.5,103.875480043,96.642602527,27.8,47.4,54,
"Varsho, Daulton",662139,2024,27,513,26.7,9.4,0.214,0.407,0.293,0.700,0.262,0.186,0.316,0.304,0.261,0.268,0.130,0.304,0.264,0.091,0.043,73.7,34.5,86.1,30.2,6.2,9,19.1,36.1,19.8,9.9,34,98.537583503,93.276618121,27,47.6,33,14
"Hoerner, Nico",663538,2024,27,641,10.3,6.9,0.273,0.373,0.335,0.708,0.297,0.280,0.353,0.313,0.313,0.344,0.073,0.313,0.317,0.020,0.000,68.2,2.8,85.7,36,1.2,2.1,31,26,35.3,4.2,27.6,95.980926525,91.993965849,11.9,48.4,43.9,
"Mountcastle, Ryan",663624,2024,27,507,22.5,5.3,0.271,0.425,0.308,0.733,0.327,0.272,0.445,0.316,0.332,0.313,0.173,0.408,0.358,-0.020,-0.016,75.1,50.6,90.8,36.2,8.8,7.9,25.8,21.1,33.2,3,45.2,102.105716923,95.370233104,25.1,56.1,44.4,
"India, Jonathan",663697,2024,27,637,19.6,12.6,0.248,0.392,0.357,0.749,0.292,0.266,0.412,0.333,0.352,0.376,0.146,0.380,0.346,-0.020,-0.019,71.7,22.2,87.2,39.3,7.7,5.8,27.3,22.5,31.9,4.6,36.5,98.90319256,93.547150797,19.2,38.3,43.2,
"Raleigh, Cal",663728,2024,27,628,28,11.1,0.220,0.436,0.312,0.748,0.251,0.233,0.476,0.323,0.346,0.326,0.243,0.442,0.342,-0.040,-0.023,74.5,45.1,91,35.6,15.4,6.9,23.4,31.9,17.3,4.8,48.1,102.032071755,95.508789467,31,52.3,31.1,
"Vierling, Matt",663837,2024,27,567,21.3,7.2,0.257,0.423,0.312,0.735,0.303,0.256,0.393,0.317,0.309,0.313,0.137,0.362,0.332,0.030,0.008,71.1,11.8,89.8,34.1,7.5,5.5,23.9,25.1,33.8,3.5,40.9,100.235830606,94.344722247,19.5,42.8,42,1
"Stephenson, Tyler",663886,2024,27,515,22.7,9.3,0.258,0.444,0.338,0.782,0.307,0.241,0.403,0.339,0.322,0.325,0.162,0.373,0.325,0.041,0.017,70.8,9.4,90.2,33,9.1,6.1,25.1,22.2,35.1,2,43.9,100.320154503,94.587176774,22.7,43.2,47.7,
"Rodgers, Brendan",663898,2024,27,539,24.5,5.8,0.267,0.407,0.314,0.721,0.338,0.248,0.377,0.314,0.295,0.297,0.129,0.364,0.336,0.030,0.019,71.7,25.2,89.3,33.1,5.6,7,22.8,16.1,44.6,3.2,44.1,101.153269243,94.773964417,25.9,49.3,56.7,
"Lowe, Nathaniel",663993,2024,28,565,22.1,12.6,0.265,0.401,0.361,0.762,0.324,0.252,0.380,0.337,0.328,0.352,0.128,0.368,0.339,0.021,0.009,73.3,29.3,88.9,32.6,5.8,6.8,26.3,20,37.5,3,40,100.432822253,94.330442369,20.6,42.7,48.5,
"Happ, Ian",664023,2024,29,657,25.6,12.2,0.243,0.441,0.341,0.782,0.299,0.243,0.446,0.341,0.345,0.342,0.203,0.416,0.345,-0.005,-0.004,72.4,23.7,90.8,37,11.7,7.7,23.6,26.6,26.8,3.5,45.2,101.590666318,95.287992294,27.9,45.9,39.2,-1
"France, Ty",664034,2024,29,535,21.3,7.1,0.234,0.365,0.305,0.670,0.277,0.228,0.387,0.296,0.303,0.301,0.159,0.343,0.297,-0.022,-0.007,71,14.3,88.7,30.5,7.3,6.2,23.2,25.9,33,4.3,40,99.663679892,94.004650595,24.2,51.2,45.1,
"Bohm, Alec",664761,2024,27,606,14.2,6.6,0.280,0.448,0.332,0.780,0.305,0.288,0.444,0.335,0.342,0.342,0.156,0.372,0.341,0.004,-0.007,72.2,21.7,90.4,35.2,6.8,9.1,25.7,20.5,35.2,2.3,45.6,100.768220847,94.781662669,17.6,49.7,46.4,
"Peña, Jeremy",665161,2024,26,650,17.1,3.8,0.266,0.394,0.308,0.702,0.301,0.263,0.394,0.305,0.310,0.308,0.131,0.349,0.323,0.000,-0.005,72.6,22.5,88.2,29.2,5.4,5.4,23.2,21.6,39.8,3.8,38.8,99.323506707,93.74168435,24.9,54.2,50.4,
"Guerrero Jr., Vladimir",665489,2024,25,697,13.8,10.3,0.323,0.544,0.396,0.940,0.342,0.321,0.567,0.398,0.408,0.395,0.247,0.448,0.378,-0.023,-0.010,75.9,57.4,93.8,35.1,13.7,6.3,23.9,18.1,34.7,2.9,54.9,105.663720766,97.649346073,21.5,48,47.7,
"Soto, Juan",665742,2024,25,713,16.7,18.1,0.288,0.569,0.419,0.988,0.298,0.316,0.646,0.421,0.462,0.445,0.330,0.517,0.399,-0.077,-0.041,75.4,59.2,94.2,35.4,19.7,6.3,22.6,18.2,28.9,4.1,57,105.650123728,97.994705143,21.5,37.2,44.7,-4
"Taveras, Leody",665750,2024,25,529,21.2,7.9,0.229,0.352,0.289,0.641,0.272,0.240,0.368,0.282,0.295,0.301,0.129,0.340,0.312,-0.016,-0.013,71.3,14.8,89,31.5,5.9,5.3,24.5,30.1,30.1,2.9,35.5,99.173170874,93.650113205,26.2,48.8,41.1,4
"Cruz, Oneil",665833,2024,25,599,30.2,8.5,0.259,0.449,0.324,0.773,0.347,0.263,0.461,0.331,0.340,0.329,0.199,0.462,0.393,-0.012,-0.009,78.5,75.3,95.5,32.1,15.7,4.7,24.5,19.2,33.5,1.9,54.9,107.199352928,98.547881492,34.1,46.3,48.1,2
"Chisholm Jr., Jazz",665862,2024,26,621,24.5,8.5,0.256,0.436,0.324,0.760,0.309,0.240,0.415,0.327,0.316,0.310,0.176,0.386,0.329,0.021,0.011,71.9,23.3,89.7,29.6,9.7,5.8,22.3,20.6,35.2,5.8,41.1,100.122466782,94.459141861,29.3,47.5,49.8,0
"Giménez, Andrés",665926,2024,25,633,15.3,4.1,0.252,0.340,0.298,0.638,0.286,0.262,0.355,0.281,0.296,0.310,0.093,0.322,0.313,-0.015,-0.015,68.3,6.9,86.3,32.7,2.8,4.4,26.9,24,35.8,6.1,28.5,96.492499139,92.262342361,22.8,56.4,51.1,
"Morel, Christopher",666624,2024,25,611,26,10,0.196,0.346,0.288,0.634,0.233,0.225,0.399,0.280,0.316,0.316,0.174,0.381,0.320,-0.053,-0.036,76.1,64.7,89.2,27.6,10.2,4.5,21.8,26.5,34.1,2.6,40.4,101.221222105,94.784090605,34.1,47,45.1,
"García, Adolis",666969,2024,31,637,27.8,7.1,0.224,0.400,0.284,0.684,0.273,0.227,0.413,0.296,0.306,0.289,0.186,0.393,0.325,-0.013,-0.010,72,23,91,33.7,12.5,6.6,22.5,27.6,28.1,2.4,48.2,101.827676765,95.435631691,34.3,52.1,38.9,-12
"Gurriel Jr., Lourdes",666971,2024,30,553,18.3,5.2,0.279,0.435,0.322,0.757,0.313,0.267,0.421,0.327,0.319,0.312,0.154,0.365,0.330,0.014,0.008,70.6,9.5,88.4,33.8,6.7,7.2,25.7,28.8,28.3,3.4,40,99.549348469,93.921850288,20.2,51.1,38.1,3
"Rooker Jr., Brent",667670,2024,29,614,28.8,9.6,0.293,0.562,0.365,0.927,0.362,0.266,0.557,0.392,0.380,0.341,0.291,0.510,0.390,0.005,0.012,73.7,37.2,91.9,38.3,16.6,8.6,21.4,26.8,22.8,3.2,49.6,103.25238457,96.193453235,34.1,50.2,33.8,-2
"Arozarena, Randy",668227,2024,29,648,26.1,11.3,0.219,0.388,0.332,0.720,0.275,0.216,0.377,0.320,0.321,0.332,0.161,0.370,0.313,0.011,-0.001,72.7,33.4,90.4,28.4,8.3,7,21.1,27.6,33.1,2.6,43.5,100.904108177,94.731331384,29.7,41,44.5,-5
"Bleday, JJ",668709,2024,26,642,19.5,10.4,0.243,0.437,0.324,0.761,0.279,0.240,0.397,0.330,0.316,0.322,0.157,0.349,0.307,0.040,0.014,71.7,16.5,88.5,37.1,8.3,7.1,24.3,32.4,25.2,2.7,36.2,98.959573229,93.527316345,26.1,45.3,34.8,-3
"Steer, Spencer",668715,2024,26,656,20.9,11,0.225,0.402,0.319,0.721,0.260,0.235,0.379,0.316,0.315,0.328,0.144,0.345,0.308,0.023,0.001,71.6,13.6,88,34.2,6.4,7.7,23.7,29.2,27.3,5.5,39.9,99.163434247,93.708755492,23.1,44.5,37.8,-2
"Reynolds, Bryan",668804,2024,29,692,22.5,8.2,0.275,0.447,0.344,0.791,0.330,0.270,0.463,0.343,0.350,0.342,0.193,0.420,0.361,-0.016,-0.007,71.6,17.1,89.9,37.5,9.6,7.2,25.8,21.1,30.9,4.9,45.4,100.987209316,94.867542484,29.4,50.4,46.1,-13
"Turang, Brice",668930,2024,24,619,17,8.1,0.254,0.349,0.316,0.665,0.300,0.261,0.340,0.294,0.297,0.323,0.079,0.322,0.320,0.009,-0.003,66.2,3.4,87,32,2.4,2.6,28.4,20.8,38.3,7.4,29.7,96.869333063,92.521821874,13.8,47.7,53.7,
"Rutschman, Adley",668939,2024,26,638,16.1,9.1,0.250,0.391,0.318,0.709,0.272,0.255,0.393,0.309,0.315,0.325,0.138,0.339,0.310,-0.002,-0.006,69.1,6.4,88.2,35.4,6.1,4.8,29.3,33.3,24.6,1.9,36.6,98.081119454,93.149039684,17.1,44.5,34.9,
"Langeliers, Shea",669127,2024,26,534,27.2,7.7,0.224,0.450,0.288,0.738,0.252,0.241,0.456,0.315,0.328,0.305,0.215,0.419,0.341,-0.006,-0.013,74.1,42,91.3,35.3,12.8,5.2,21.6,29.4,28,2.9,44,102.05460686,95.451719446,29.2,49.5,37.6,
"Smith, Will",669257,2024,29,544,19.3,9.4,0.248,0.433,0.327,0.760,0.273,0.240,0.443,0.326,0.331,0.323,0.204,0.372,0.306,-0.010,-0.005,67.9,3.1,89.4,38.3,10.8,8.4,22.2,32.2,24.3,1.8,42,99.318269153,93.929159392,20.9,46.2,33,
"Burger, Jake",669394,2024,28,579,25.9,5.4,0.250,0.460,0.301,0.761,0.292,0.256,0.476,0.325,0.338,0.307,0.221,0.433,0.355,-0.016,-0.013,74.7,46.9,91.3,32.4,12.3,7.7,23.7,22.6,29.8,3.6,46.8,103.619986856,96.171144407,30.1,52.4,44,
"Smith, Josh",669701,2024,26,592,20.4,7.8,0.258,0.394,0.337,0.731,0.311,0.242,0.352,0.323,0.304,0.324,0.110,0.333,0.315,0.042,0.019,70.2,6.8,87.8,33.7,3.7,5.7,27.3,30.7,26.5,6.1,37.1,98.306997711,93.25999596,21.8,47.1,39.6,
"Alvarez, Yordan",670541,2024,27,635,15,10.9,0.308,0.567,0.392,0.959,0.317,0.303,0.595,0.402,0.411,0.389,0.292,0.457,0.364,-0.028,-0.009,76.5,63,93.1,35.4,14.5,7.6,24.5,30.6,19.5,3.3,49.7,104.097105087,96.703519522,19.9,47.8,33.4,-7
"Paredes, Isaac",670623,2024,25,641,16.4,11.9,0.238,0.393,0.346,0.739,0.259,0.220,0.337,0.327,0.304,0.333,0.117,0.295,0.272,0.056,0.023,68.2,4.8,85,37,4.5,7.2,23.9,35.9,23,5.4,27.1,95.875582928,91.952619865,17.2,44.7,30.9,
"Ramos, Heliot",671218,2024,24,518,26.1,7.1,0.269,0.469,0.322,0.791,0.329,0.250,0.481,0.339,0.338,0.307,0.230,0.434,0.350,-0.012,0.001,75.2,55.2,91.5,34.3,14.5,5.5,18.9,22.1,34,4.1,47.5,102.620742924,95.895956716,28.7,50.3,43.3,-5
"García, Luis",671277,2024,24,528,16.3,5.1,0.282,0.444,0.318,0.762,0.310,0.278,0.452,0.328,0.331,0.315,0.174,0.379,0.336,-0.008,-0.003,71.7,22.7,89.1,32.8,8,5.8,23.9,21.4,36.9,3.9,41.7,100.167127696,94.249397672,21.3,51.7,48.4,
"Garcia, Maikel",672580,2024,24,626,16.5,6.7,0.231,0.332,0.281,0.613,0.268,0.260,0.366,0.270,0.300,0.310,0.106,0.331,0.317,-0.034,-0.030,70.8,10.8,90.4,34.1,3.7,4.8,26.6,22.5,39.5,2.9,42.8,100.050927426,94.39492241,15.7,43.4,49.5,
"Diaz, Yainer",673237,2024,25,619,17.3,3.9,0.299,0.441,0.325,0.766,0.338,0.299,0.458,0.329,0.339,0.327,0.159,0.395,0.362,-0.017,-0.010,72.5,23.6,90.2,35,7.6,8.4,28.8,16,36.8,2.1,47.5,101.297056214,95.034359505,24,58.8,51.2,
"Suzuki, Seiya",673548,2024,29,585,27.4,10.8,0.283,0.482,0.366,0.848,0.370,0.255,0.453,0.365,0.346,0.343,0.198,0.437,0.369,0.029,0.019,73,35,91.7,38.8,11.5,10.1,25.3,28.1,23.9,0.8,49.2,102.565369326,95.834191408,24.5,39.6,33.7,-3
"Burleson, Alec",676475,2024,25,595,12.8,5.9,0.269,0.420,0.314,0.734,0.276,0.273,0.435,0.319,0.329,0.320,0.162,0.351,0.315,-0.015,-0.010,71.2,18,89.7,34.3,6.5,7.1,26.6,26.2,30.1,3.1,41.7,99.381927173,94.012155751,19.2,55.7,42.5,-9
"Meyers, Jake",676694,2024,28,513,22.8,6.8,0.219,0.360,0.286,0.646,0.263,0.235,0.382,0.285,0.304,0.303,0.147,0.355,0.315,-0.022,-0.019,68.6,7.9,88.2,34.8,6.8,8.3,22.5,25.6,30.8,5.7,37,99.317270058,93.726741906,27,49.1,44.2,13
"Rodríguez, Julio",677594,2024,23,613,25.4,6.2,0.273,0.409,0.325,0.734,0.344,0.275,0.463,0.321,0.344,0.327,0.187,0.437,0.379,-0.054,-0.023,76.3,63.4,91.7,33.2,10.2,6.1,25.4,21.3,34.4,2.7,48.4,103.553687536,96.325344116,30.9,54.3,44.6,8
"Witt Jr., Bobby",677951,2024,24,709,15,8,0.332,0.588,0.389,0.977,0.354,0.315,0.576,0.410,0.407,0.378,0.262,0.457,0.377,0.012,0.003,74.7,48.3,92.7,35.7,14.3,5.6,24.9,27.7,25.3,2.2,48.3,103.972880446,96.499868141,22.3,51.2,37.5,
"Tovar, Ezequiel",678662,2024,22,695,28.8,3.3,0.269,0.469,0.295,0.764,0.344,0.233,0.401,0.324,0.289,0.264,0.168,0.391,0.335,0.068,0.035,71.3,18.9,88.8,38.5,9,7.7,25.5,30.2,21.8,5.4,39.8,99.306485852,93.964016332,33.5,62.3,34.5,
"Rafaela, Ceddanne",678882,2024,23,571,26.4,2.6,0.246,0.390,0.274,0.664,0.312,0.229,0.368,0.286,0.273,0.259,0.139,0.355,0.316,0.022,0.013,70.1,6.8,86.6,34.9,7.5,5,23.9,25.6,30.9,7,36.9,98.205036294,93.166643181,33,61.9,42.5,5
"Kwan, Steven",680757,2024,26,540,9.4,9.8,0.292,0.425,0.368,0.793,0.304,0.284,0.385,0.349,0.333,0.361,0.101,0.325,0.318,0.040,0.016,64.4,0.4,86.3,38.5,2.6,5.3,27.8,31.8,28.1,4.4,23.7,95.04543782,91.531639359,8.2,39.1,37.4,5
"Duran, Jarren",680776,2024,27,735,21.8,7.3,0.285,0.492,0.342,0.834,0.345,0.271,0.448,0.357,0.338,0.330,0.177,0.403,0.354,0.044,0.019,73.6,36.2,90.8,33.8,9.3,6.2,25.4,20.4,35.7,2.7,43.9,101.928155512,95.341113209,24.8,48.3,46.8,10
"Gelof, Zack",680869,2024,24,547,34.4,6.9,0.211,0.362,0.270,0.632,0.296,0.199,0.347,0.276,0.271,0.262,0.148,0.377,0.320,0.015,0.005,71.6,11.7,89.2,34.4,8.8,6.3,22.4,26.5,31.5,4.1,37.2,98.970921935,93.611147032,36.4,51.5,43.5,
"Donovan, Brendan",680977,2024,27,652,12.4,7.2,0.278,0.417,0.342,0.759,0.300,0.277,0.419,0.332,0.335,0.343,0.142,0.346,0.320,-0.002,-0.003,69.6,7.2,88.7,36.6,5.5,6.5,25.8,26.8,32.1,3.1,37.6,98.552237391,93.418618597,15.1,44.2,42.3,0
"Stott, Bryson",681082,2024,26,571,16.3,9.3,0.245,0.356,0.315,0.671,0.275,0.254,0.363,0.296,0.306,0.325,0.109,0.324,0.308,-0.007,-0.010,68.2,1.9,87,35.3,3.6,5.2,27.3,30.3,30.6,2.8,30.8,97.149266143,92.631038831,17,44.1,43.1,
"Cowser, Colton",681297,2024,24,561,30.7,9.3,0.242,0.447,0.321,0.768,0.317,0.230,0.437,0.331,0.326,0.312,0.207,0.433,0.352,0.010,0.005,73.8,40.6,90.5,32.1,13.6,7.6,22.4,21.2,31.2,3.9,46.1,101.838992303,95.374243739,30.4,44.5,43.3,10
"O'Hoppe, Logan",681351,2024,24,522,29.7,6.3,0.244,0.409,0.303,0.712,0.318,0.251,0.454,0.311,0.331,0.310,0.203,0.442,0.370,-0.045,-0.020,70.7,17.4,90.4,42.9,12,7.1,26.7,24.5,26.7,3.1,46.3,101.233350982,95.0870388,33.6,52,38,
"De La Cruz, Elly",682829,2024,22,696,31.3,9.9,0.259,0.471,0.339,0.810,0.359,0.240,0.428,0.349,0.328,0.322,0.188,0.440,0.371,0.043,0.021,75.2,53.9,91.8,35.7,12.7,6.2,22.8,21.1,33,3.7,45.7,102.95535404,95.90272362,33.4,43.4,47.1,
"Abrams, CJ",682928,2024,23,602,21.3,6.6,0.246,0.433,0.314,0.747,0.285,0.247,0.409,0.322,0.319,0.318,0.161,0.370,0.324,0.024,0.003,72.2,23.9,88.2,33,6.9,9.6,24.4,26.6,27.8,4.3,40.7,99.496479615,93.910198048,24.7,53.3,40.7,
"Greene, Riley",682985,2024,23,584,26.7,11,0.262,0.479,0.348,0.827,0.329,0.253,0.477,0.355,0.353,0.341,0.224,0.445,0.362,0.002,0.002,74.7,45.8,91.3,39.1,13.4,8.1,22.9,21.2,32.7,1.4,47.1,102.088081676,95.54007409,26.8,44.3,43.6,2
"Carroll, Corbin",682998,2024,23,684,19,10.7,0.231,0.428,0.322,0.750,0.256,0.241,0.391,0.325,0.324,0.334,0.150,0.349,0.308,0.037,0.001,73.7,36.9,89.3,27.8,7.2,7,18.7,27,35.7,4,40.8,101.055665665,94.755672366,20.3,41.4,44.6,10
"Henderson, Gunnar",683002,2024,23,719,22.1,10.8,0.281,0.529,0.364,0.893,0.320,0.283,0.492,0.381,0.374,0.368,0.208,0.443,0.379,0.037,0.007,76.3,64.5,92.8,34.5,11.2,8.6,24.4,18.7,33.7,3.2,53.9,104.002332911,96.835723291,24.4,44.2,47.4,
"Volpe, Anthony",683011,2024,23,689,22.6,6.1,0.243,0.364,0.293,0.657,0.303,0.234,0.328,0.287,0.274,0.287,0.094,0.324,0.312,0.036,0.013,69.3,3.7,87.7,33.3,3.9,5.6,27.4,21,36.8,4.7,35.4,98.177841555,93.206482989,22.6,48.1,50.6,
"Vaughn, Andrew",683734,2024,26,619,21.3,6.1,0.246,0.402,0.297,0.699,0.285,0.244,0.440,0.304,0.319,0.297,0.197,0.378,0.316,-0.038,-0.015,70.8,12,90.3,33.6,9.3,8.4,21.4,30.2,28.7,2,43.3,100.921632928,94.702971332,22,49.4,38.6,
"Busch, Michael",683737,2024,26,567,28.6,11.1,0.248,0.440,0.335,0.775,0.322,0.217,0.418,0.336,0.319,0.309,0.202,0.399,0.321,0.022,0.017,70.3,11.3,89.9,36.4,11.2,6.5,20.7,29,28.1,4.1,39.9,99.992212321,94.35127744,28.4,45.2,38.8,
"Frelick, Sal",686217,2024,24,524,14.9,7.4,0.259,0.335,0.320,0.655,0.306,0.246,0.304,0.292,0.278,0.308,0.058,0.288,0.294,0.031,0.014,66.3,2.6,83.4,30,0.8,3.5,24.8,24,38.3,8.5,19.5,94.439757846,91.272403907,12.9,41.5,48,6
"Pasquantino, Vinnie",686469,2024,26,554,12.8,7.2,0.262,0.446,0.315,0.761,0.265,0.266,0.438,0.325,0.331,0.322,0.172,0.349,0.306,0.008,-0.006,71.7,19.7,91,31.9,7.1,8.9,23.2,28.2,30.1,2.5,46.5,100.997993151,94.970921142,14.5,47.8,40.3,
"Doyle, Brenton",686668,2024,26,603,25.4,7.6,0.260,0.446,0.317,0.763,0.316,0.254,0.436,0.328,0.329,0.315,0.182,0.412,0.351,0.010,-0.001,70.9,8.1,89.2,37.4,10.5,6,24.4,25.2,28.2,5.5,41.4,100.983223096,94.67619269,29.8,51.4,40.4,14
"Neto, Zach",687263,2024,23,602,23.3,6.5,0.249,0.443,0.318,0.761,0.295,0.236,0.414,0.330,0.317,0.307,0.178,0.376,0.319,0.029,0.013,71,14.7,88.5,29,8.4,8.4,21.1,24.8,29.7,7.1,38.8,100.130832864,94.28058907,27.1,48.9,45.2,
"Ortiz, Joey",687401,2024,25,511,20.2,11,0.239,0.398,0.329,0.727,0.283,0.234,0.343,0.319,0.305,0.328,0.109,0.327,0.305,0.055,0.014,73.4,35.2,87.8,26.6,4.6,5.2,24,24.9,35.5,5.2,38.4,99.391509467,93.766433018,17.1,39.4,49.4,
"Keith, Colt",690993,2024,22,556,19.8,6.5,0.260,0.380,0.309,0.689,0.306,0.266,0.393,0.301,0.311,0.316,0.126,0.361,0.338,-0.013,-0.010,71.3,14.3,87.8,34.6,5.6,5.1,29.4,25.2,30.4,4.2,35.3,98.472613627,93.330372181,23.2,48.6,44.1,
"Winn, Masyn",691026,2024,22,637,17.1,6.4,0.267,0.416,0.314,0.730,0.303,0.256,0.358,0.315,0.293,0.305,0.102,0.326,0.313,0.058,0.022,70.2,11.5,87,33.5,3.7,6.4,25.7,28.2,30.2,5.6,32.7,98.144268452,93.085870398,19,47,41.2,
"Chourio, Jackson",694192,2024,20,573,21.1,6.8,0.275,0.464,0.327,0.791,0.320,0.269,0.424,0.339,0.323,0.322,0.155,0.385,0.347,0.040,0.016,73.2,34,89.7,33.2,7.8,6.6,23.9,19.3,36.6,5.6,44.9,100.832969557,94.831073407,27.1,48.8,48,5
"Schanuel, Nolan",694384,2024,22,607,17,11.2,0.250,0.362,0.343,0.705,0.285,0.254,0.355,0.315,0.318,0.348,0.101,0.327,0.315,0.007,-0.003,65.2,2.6,86.1,36.4,3.5,4,30.8,24.2,33.3,3.8,25.4,95.305191333,91.662606993,14.4,41.8,46.2,
"Langford, Wyatt",694671,2024,22,557,20.6,9.2,0.253,0.415,0.325,0.740,0.296,0.254,0.423,0.321,0.328,0.327,0.170,0.377,0.329,-0.008,-0.007,74.5,48.3,89.6,31.3,9.3,6.5,23,27.9,28.4,4.1,43.4,101.211098854,94.807365599,22.9,42.8,40.1,3
"Young, Jacob",696285,2024,24,521,19.6,5.8,0.256,0.331,0.316,0.647,0.321,0.253,0.317,0.290,0.286,0.314,0.064,0.319,0.323,0.014,0.004,68.2,1.4,85.8,28.1,1.6,2.9,25.7,16.7,39,13,28.9,96.872142235,92.486924676,19.3,44.9,56.5,20
"Merrill, Jackson",701538,2024,21,593,17,4.9,0.292,0.500,0.326,0.826,0.318,0.303,0.534,0.352,0.372,0.337,0.231,0.434,0.368,-0.034,-0.020,72.2,21.6,90.4,39.6,11.3,7.8,25.3,26.4,26.2,3,43.9,100.811784978,94.735707484,20.5,56.9,36.8,12
"McCutchen, Andrew",457705,2025,38,551,21.4,12.2,0.239,0.367,0.333,0.700,0.289,0.267,0.429,0.309,0.342,0.358,0.162,0.392,0.352,-0.062,-0.033,71.1,12.1,89.5,34.5,8.3,6.6,28.5,23.5,29,3.3,42.5,100.124243278,94.328514568,26.2,45.6,42.3,
"Goldschmidt, Paul",502671,2025,37,534,18.7,6.7,0.274,0.403,0.328,0.731,0.325,0.273,0.455,0.316,0.334,0.327,0.182,0.388,0.342,-0.052,-0.018,72.6,21.9,90.4,36.1,7.9,7.7,26.3,27.1,28.4,2,43.7,100.708316256,94.748625913,20.5,47.8,38.9,
"Altuve, Jose",514888,2025,35,654,16.7,8.4,0.265,0.442,0.329,0.771,0.283,0.245,0.394,0.331,0.306,0.313,0.148,0.332,0.299,0.048,0.025,69.7,10.9,85.1,29.8,6.2,4.5,21.2,29.2,29.4,9.3,30.9,97.313797857,92.666821705,20.7,50,43.2,-5
"Freeman, Freddie",518692,2025,35,627,20.4,9.6,0.295,0.502,0.367,0.869,0.342,0.275,0.479,0.370,0.357,0.351,0.203,0.416,0.356,0.023,0.013,69.8,8.4,90.9,36.7,10.4,6,30.9,23.6,25.6,3.2,45.7,100.776056343,94.869970093,27.3,51.9,41.6,
"Perez, Salvador",521692,2025,35,641,19.5,4.4,0.236,0.446,0.284,0.730,0.251,0.279,0.543,0.311,0.365,0.323,0.265,0.437,0.352,-0.097,-0.054,72.9,30.5,90,35.7,14.8,7.4,20.9,27.5,26,3.4,46.7,102.06590789,95.318358013,26.9,57.4,35.1,
"Ozuna, Marcell",542303,2025,34,592,24.3,15.9,0.232,0.400,0.355,0.755,0.280,0.249,0.464,0.334,0.362,0.371,0.214,0.422,0.349,-0.064,-0.028,72.9,31.6,89.9,35.1,11.4,9.7,22.3,24.3,28.9,2.9,44.6,101.322693218,94.957629109,25.8,39.4,40.3,
"Semien, Marcus",543760,2025,34,534,17.4,9.4,0.230,0.364,0.305,0.669,0.251,0.252,0.409,0.295,0.325,0.329,0.157,0.351,0.312,-0.045,-0.030,68.4,5.3,88.3,35.8,6.7,8.3,24.1,33.7,23.8,3.1,35,98.284177358,93.274231455,22.6,49,34.5,
"Springer III, George",543807,2025,35,586,18.9,11.8,0.309,0.560,0.399,0.959,0.340,0.303,0.592,0.408,0.417,0.395,0.290,0.482,0.388,-0.032,-0.009,73.8,40.5,90,41.2,16.1,6.4,23.5,23.8,24,5.9,47.6,102.436288051,95.608566256,26.1,46.2,37.9,-6
"Trout, Mike",545361,2025,33,556,32,15.6,0.232,0.439,0.359,0.798,0.310,0.246,0.490,0.343,0.368,0.373,0.243,0.505,0.402,-0.051,-0.025,74,40.1,90.9,44.4,15.8,8.5,25.4,23.6,20.4,6,49.3,103.439903451,96.179463887,29.9,38.8,34.2,-2
"Harper, Bryce",547180,2025,32,580,20.9,12.1,0.261,0.487,0.357,0.844,0.292,0.280,0.512,0.361,0.379,0.374,0.232,0.441,0.368,-0.025,-0.018,74.2,44.3,91.3,37.6,12.3,7.6,23.2,21.9,31.9,3.1,47.5,102.783123874,95.800004672,30.7,54.2,43.6,
"Suárez, Eugenio",553993,2025,33,657,29.8,7,0.228,0.526,0.298,0.824,0.243,0.217,0.468,0.347,0.324,0.290,0.251,0.427,0.322,0.058,0.023,72.3,26.5,90.2,32.8,14.3,8,16.3,35.1,22.6,3.8,47.6,101.4773033,95.099828471,33.3,50.4,32.1,
"Walker, Christian",572233,2025,34,640,27.7,6.3,0.238,0.421,0.297,0.718,0.291,0.243,0.444,0.310,0.322,0.303,0.201,0.415,0.347,-0.023,-0.012,74.1,41.8,90.9,34.5,12.9,5.3,22.1,29.6,26.5,3.6,46.1,102.499785971,95.668558155,30.5,52.2,37.4,
"Yastrzemski, Mike",573262,2025,34,558,19.4,12.9,0.233,0.403,0.333,0.736,0.263,0.246,0.429,0.321,0.336,0.345,0.183,0.367,0.316,-0.026,-0.015,71.2,9.6,90.8,35.6,8.5,9,22.6,33.5,22.1,3.7,42.6,99.919347541,94.459655315,19,41.8,32.7,-3
"Contreras, Willson",575929,2025,33,563,25.2,7.8,0.257,0.447,0.344,0.791,0.319,0.268,0.506,0.344,0.369,0.354,0.238,0.456,0.374,-0.059,-0.025,76,62.1,90.6,37.1,13.9,7.1,22.9,21.8,29.5,4.2,49,103.153936457,96.033080457,28.9,48.5,41.9,
"Castellanos, Nick",592206,2025,33,589,22.6,5.4,0.250,0.400,0.294,0.694,0.298,0.251,0.419,0.300,0.310,0.298,0.167,0.376,0.333,-0.019,-0.010,70.5,17,87.8,39,7.6,6.9,26.4,27.6,27.6,3.3,34.5,98.623467608,93.407329952,29.9,58.8,38.8,-12
"Judge, Aaron",592450,2025,33,679,23.6,18.3,0.331,0.688,0.457,1.145,0.376,0.315,0.735,0.463,0.476,0.447,0.420,0.619,0.445,-0.047,-0.013,77,71.6,95.4,39.4,24.7,9,20.9,22.9,20.6,1.5,58.2,106.838113247,98.650676124,34.6,43.7,33.5,4
"Machado, Manny",592518,2025,32,678,19.3,8.1,0.275,0.460,0.335,0.795,0.307,0.282,0.511,0.341,0.366,0.344,0.228,0.428,0.359,-0.051,-0.025,74.5,43,92.9,34.8,12.9,7.8,23.3,24.9,29.4,1.6,51.5,103.43453,96.416401779,26.1,50,38.9,
"Realmuto, J.T.",592663,2025,34,550,23.5,6.4,0.257,0.384,0.315,0.699,0.321,0.261,0.422,0.307,0.323,0.321,0.161,0.391,0.351,-0.038,-0.016,72,26.3,90,36.7,8.8,6.1,26.9,22.9,32.7,2.7,45.5,101.254721596,94.894975239,24.3,48.6,44.7,
"Yelich, Christian",592885,2025,33,644,25.9,9.9,0.264,0.452,0.343,0.795,0.323,0.255,0.459,0.343,0.341,0.336,0.204,0.426,0.360,-0.007,0.002,73.4,35.6,90.2,31.2,10.3,6.1,22.1,12.3,45,3.9,46.4,102.370284187,95.465991975,29.2,45.7,56.8,-3
"Bogaerts, Xander",593428,2025,32,552,17,8.7,0.263,0.391,0.328,0.719,0.299,0.277,0.425,0.313,0.335,0.345,0.148,0.369,0.341,-0.034,-0.022,72.2,26,89,36.7,6.9,7.1,29.1,21.7,30.8,3.7,39.2,100.194692388,94.235313756,21.3,41.9,43.8,
"Polanco, Jorge",593871,2025,31,524,15.6,8,0.265,0.495,0.326,0.821,0.269,0.276,0.472,0.350,0.349,0.338,0.197,0.384,0.332,0.023,0.001,71.2,14.8,90.8,34.3,10.3,7.6,22.4,29,27.2,3.5,45.8,101.532444745,95.138197245,23.3,46.3,38,
"Lindor, Francisco",596019,2025,31,732,17.9,8.9,0.267,0.466,0.346,0.812,0.288,0.269,0.469,0.350,0.355,0.350,0.199,0.392,0.337,-0.003,-0.005,71,16.4,90.5,34.6,8.8,7.1,25.2,27.9,25.4,5,44.4,100.756425331,94.874794717,20.8,47.7,39,
"Story, Trevor",596115,2025,32,654,26.9,5,0.263,0.433,0.308,0.741,0.330,0.256,0.428,0.320,0.317,0.302,0.172,0.411,0.361,0.005,0.003,71.1,14.2,91.4,32.6,9.8,7.5,25.6,25.6,27.6,2.7,47,102.418939954,95.643419306,29.3,54.4,43.6,
"Bell, Josh",605137,2025,32,533,16.5,10.7,0.237,0.417,0.325,0.742,0.247,0.270,0.497,0.324,0.370,0.357,0.227,0.404,0.335,-0.080,-0.046,73.1,34.9,90.4,33.4,12,7.8,20.6,22.2,31.1,5.2,47,102.549856474,95.682677968,23.6,47,46,
"Betts, Mookie",605141,2025,32,663,10.3,9.2,0.258,0.406,0.326,0.732,0.258,0.276,0.435,0.318,0.338,0.344,0.159,0.340,0.309,-0.029,-0.020,69,8,89.1,37.7,5.5,7.2,26.9,33.7,24.9,1.9,35.8,98.069345714,93.262709925,15.3,41.2,32.8,
"Hernández, Teoscar",606192,2025,32,546,24.5,4.8,0.247,0.454,0.284,0.738,0.283,0.259,0.461,0.315,0.331,0.300,0.202,0.419,0.353,-0.007,-0.016,73,31.1,90.2,34,11.5,8.4,20.9,20.9,35.3,2.9,46.1,101.752887801,95.144195209,31.9,50.4,45.3,-9
"Marte, Ketel",606466,2025,31,556,14.9,11.5,0.283,0.517,0.376,0.893,0.290,0.298,0.548,0.381,0.400,0.391,0.249,0.434,0.361,-0.031,-0.019,74.6,45.5,90.8,33,13.5,4.8,22.5,25,29,4.8,47,102.65931603,95.815528287,22.5,45.3,40.8,
"Nimmo, Brandon",607043,2025,32,652,21.6,7.7,0.262,0.436,0.324,0.760,0.301,0.262,0.434,0.329,0.331,0.326,0.172,0.388,0.342,0.002,-0.002,72.3,26.5,91.9,29.7,8.8,8.4,23.1,22.5,35,2.2,50.2,102.56356141,95.897196556,23.8,47.2,46,-1
"Turner, Trea",607208,2025,32,639,16.7,6.7,0.304,0.457,0.355,0.812,0.350,0.278,0.416,0.352,0.325,0.332,0.137,0.361,0.339,0.041,0.027,71.2,17.9,89.3,34.7,5.8,5.6,27.1,22.3,35.7,3.5,42.1,100.109582645,94.284521756,24.8,51.4,48.3,
"Ramírez, José",608070,2025,32,673,11,9.8,0.283,0.503,0.360,0.863,0.279,0.294,0.460,0.359,0.351,0.371,0.166,0.367,0.334,0.043,0.008,70.9,16.2,88.9,36.4,7,5.7,25.9,33.5,23.8,3.8,37,99.107451103,93.765336362,14.9,46.8,33.3,
"Swanson, Dansby",621020,2025,31,645,26,7.3,0.244,0.417,0.300,0.717,0.298,0.276,0.497,0.310,0.355,0.331,0.221,0.457,0.384,-0.080,-0.045,70.9,5.6,90.5,36.9,11.7,7.7,27.6,20.8,28.7,3.3,47.8,101.168222972,95.031771415,30.5,50.3,42.3,
"Correa, Carlos",621043,2025,30,584,19.3,7.7,0.276,0.402,0.332,0.734,0.328,0.287,0.449,0.322,0.345,0.343,0.163,0.399,0.364,-0.047,-0.023,73.8,37.8,90.5,34.6,6.8,6.4,27.5,18.8,36.5,3.3,45.9,102.338902322,95.568245592,22.3,46.4,48.2,
"Buxton, Byron",621439,2025,31,542,27.3,7.6,0.264,0.551,0.327,0.878,0.302,0.259,0.534,0.367,0.362,0.325,0.275,0.476,0.371,0.017,0.005,75,50.5,92.5,32.9,17.6,6.1,22,26.6,24.6,2.9,53.8,103.649870983,96.632317826,31.3,51.8,36.7,3
"Ward, Taylor",621493,2025,31,663,26.4,11.3,0.228,0.475,0.317,0.792,0.257,0.242,0.465,0.339,0.342,0.329,0.224,0.422,0.342,0.010,-0.003,69.5,7.2,90.1,34.9,13.7,7.1,22.4,30.7,22.9,3.2,42.7,100.944753902,94.843614171,23.8,37.6,34.4,0
"Olson, Matt",621566,2025,31,724,24.3,12.6,0.272,0.484,0.366,0.850,0.333,0.262,0.506,0.366,0.371,0.359,0.244,0.449,0.364,-0.022,-0.005,73.9,41.3,93.3,37.1,14.3,9.3,22.1,24.1,28,2,53.3,103.816455133,96.735765819,26.2,45.3,39.7,
"Alonso, Pete",624413,2025,30,709,22.8,8.6,0.272,0.524,0.347,0.871,0.305,0.288,0.592,0.368,0.399,0.362,0.304,0.492,0.383,-0.068,-0.031,75.3,53.4,93.5,38.4,18.9,7.9,20.4,23.6,26.3,2.8,54.4,105.076411532,97.45647,25.6,46.3,37.6,
"Cronenworth, Jake",630105,2025,31,515,20.8,13.4,0.246,0.377,0.367,0.744,0.299,0.232,0.360,0.333,0.324,0.357,0.128,0.336,0.308,0.017,0.009,70.9,15.5,88.5,31.9,6.2,4.3,24.5,28.2,30.7,5.9,39,99.15448481,93.790989905,18.8,42.7,43,
"Bellinger, Cody",641355,2025,29,656,13.7,8.7,0.272,0.480,0.334,0.814,0.274,0.261,0.436,0.347,0.332,0.327,0.175,0.349,0.307,0.044,0.015,70.1,6.5,88.3,37.1,7.5,8.5,22.9,32.5,24.5,3.7,37.9,98.690370317,93.444149405,18.1,48.3,32.9,7
"Crawford, J.P.",641487,2025,30,654,18.7,11.3,0.265,0.370,0.352,0.722,0.318,0.273,0.396,0.322,0.335,0.360,0.123,0.366,0.348,-0.026,-0.013,71.1,19.3,87.2,40,4.8,5.3,29.7,21.1,32.3,5.9,34.7,98.225449369,93.184882725,20.4,45.1,44.4,
"McMahon, Ryan",641857,2025,30,586,32.3,11.9,0.214,0.381,0.312,0.693,0.294,0.229,0.438,0.306,0.333,0.326,0.210,0.446,0.363,-0.057,-0.027,74,40.1,93.3,35.3,12.1,7.4,25.4,22.3,28.2,4.3,50.5,102.856311911,96.350240575,35.2,45.4,43.3,
"Adames, Willy",642715,2025,29,686,26.1,11.7,0.225,0.421,0.318,0.739,0.263,0.235,0.452,0.321,0.338,0.329,0.217,0.411,0.333,-0.031,-0.017,72.1,19.8,88.9,35.6,12.6,6.9,23.8,32.8,19.7,3.8,42.8,99.897786476,94.18327716,29.2,46.7,31.8,
"Albies, Ozzie",645277,2025,28,667,14.1,8.2,0.240,0.365,0.306,0.671,0.259,0.247,0.375,0.295,0.303,0.314,0.127,0.316,0.293,-0.010,-0.008,69,7,87.5,33.5,4.9,4.7,25.3,34.6,27.2,3.3,30.7,96.947639144,92.546234163,20.8,54.1,37.2,
"Devers, Rafael",646240,2025,28,729,26.3,15.4,0.252,0.479,0.372,0.851,0.307,0.256,0.504,0.365,0.378,0.377,0.248,0.470,0.375,-0.025,-0.013,71.6,19.8,93.5,34.6,16,6.4,22.7,22.9,29.8,1.9,56.1,104.005280383,97.028150813,31.6,47.2,42.7,
"Naylor, Josh",647304,2025,28,604,13.7,7.9,0.295,0.462,0.353,0.815,0.315,0.277,0.439,0.351,0.339,0.341,0.162,0.362,0.329,0.023,0.012,70.9,17.8,89.2,30.8,6.7,7.5,26.5,23.9,32.7,2.6,41.9,100.123963879,94.317973693,22.1,53.9,45.8,
"Arraez, Luis",650333,2025,28,675,3.1,5,0.292,0.392,0.327,0.719,0.289,0.289,0.364,0.313,0.303,0.326,0.076,0.290,0.297,0.028,0.010,62.6,0.4,86.1,37.1,1.1,1.9,27.5,30.4,33.7,4.7,16.7,93.590259064,90.800701323,5.3,49.4,45.1,
"Torres, Gleyber",650402,2025,28,628,16.1,13.5,0.256,0.387,0.358,0.745,0.284,0.278,0.473,0.332,0.371,0.379,0.195,0.391,0.341,-0.086,-0.039,70.2,11.8,90,38.6,8.2,8.2,26.5,27.4,28.1,1.4,39,99.951681689,94.284674897,19.5,40.8,38.4,
"Díaz, Yandy",650490,2025,33,651,14.1,8.8,0.300,0.482,0.366,0.848,0.318,0.296,0.473,0.364,0.363,0.365,0.177,0.392,0.352,0.009,0.001,73.6,35.4,93,29.2,8.3,7.9,24.6,16.9,39.7,1.8,52.5,104.837007886,97.11235376,17.9,44.4,54,
"Rengifo, Luis",650859,2025,28,541,19.2,6.1,0.238,0.335,0.287,0.622,0.281,0.265,0.382,0.275,0.305,0.313,0.117,0.349,0.333,-0.047,-0.030,69.5,7.3,87.1,34.7,5,4,26.9,19,38.7,6,32.7,97.798023081,92.967555404,21.9,51.6,50.6,
"Chapman, Matt",656305,2025,32,535,23.6,13.3,0.231,0.430,0.340,0.770,0.270,0.254,0.439,0.336,0.351,0.361,0.185,0.406,0.350,-0.009,-0.015,74.9,50.8,92.2,34,9.9,6.9,26.2,27.1,27.4,2.4,47.6,102.936609458,95.951665392,25.3,42.4,40.4,
"McKinstry, Zach",656716,2025,30,511,21.7,9,0.259,0.438,0.333,0.771,0.314,0.252,0.361,0.333,0.308,0.330,0.108,0.349,0.333,0.077,0.025,67.5,1.9,85.7,41.2,6.1,4.9,30,24.5,30.5,4,30.5,96.985648092,92.494690578,22.8,46.7,40.9,1
"O'Hearn, Ryan",656811,2025,31,544,20,10.7,0.281,0.437,0.366,0.803,0.330,0.278,0.441,0.349,0.350,0.365,0.162,0.395,0.359,-0.004,-0.001,71.8,17.8,89.4,38.2,7.6,7,29.3,23,29.8,2.7,42.5,99.566357446,94.072133569,23.3,46.8,45,-1
"Schwarber, Kyle",656941,2025,32,724,27.2,14.9,0.240,0.563,0.365,0.928,0.253,0.263,0.601,0.391,0.414,0.385,0.338,0.536,0.391,-0.038,-0.023,77.3,77.2,94.3,35.3,20.8,7.1,21.1,25.5,21.6,3.9,59.6,105.678659216,98.063659265,33.1,41.8,34.3,-2
"Sheets, Gavin",657757,2025,29,545,19.6,8.1,0.252,0.429,0.317,0.746,0.284,0.272,0.463,0.323,0.347,0.338,0.192,0.400,0.348,-0.034,-0.024,74.8,51.9,89.9,38.8,9.5,7.7,24.2,26,27.8,4.4,46.5,101.199157732,94.955729845,23,44.7,37.3,-5
"Ohtani, Shohei",660271,2025,30,727,25.7,15,0.282,0.622,0.392,1.014,0.315,0.288,0.672,0.418,0.439,0.398,0.384,0.577,0.414,-0.050,-0.021,75.8,61.7,94.9,35.9,23.5,8.7,17.4,19.7,28.4,2.1,58.7,106.128459531,98.278411082,33.4,45,39.7,
"Contreras, William",661388,2025,27,659,18.2,12.7,0.260,0.399,0.355,0.754,0.299,0.264,0.409,0.332,0.340,0.361,0.146,0.365,0.334,-0.010,-0.008,73.2,34.9,91.1,31.6,6.4,10.2,22.1,20.8,36.3,4,48.5,102.570622124,95.839705166,24.2,46.5,50.4,
"Nootbaar, Lars",663457,2025,27,583,20.4,11,0.234,0.361,0.325,0.686,0.279,0.241,0.407,0.304,0.324,0.332,0.165,0.358,0.314,-0.046,-0.020,73.4,37.8,91.3,33,10.2,7.4,20.6,30.2,28.4,3.3,50,101.938818418,95.520290383,20.9,39.4,37.8,-1
"Hoerner, Nico",663538,2025,28,649,7.6,6,0.297,0.394,0.345,0.739,0.313,0.298,0.398,0.324,0.327,0.347,0.100,0.325,0.323,-0.004,-0.003,68.4,2.6,86.7,36.1,2.3,4.5,29.8,24.7,34.5,3.6,30.3,96.704418551,92.414274628,11.2,48.8,44.9,
"Larnach, Trevor",663616,2025,28,567,21.5,9.3,0.250,0.404,0.323,0.727,0.295,0.253,0.407,0.317,0.320,0.327,0.154,0.368,0.331,-0.003,-0.003,72.2,23.3,90.9,34.9,7.2,4.9,27.1,24.5,33.3,2.8,45.7,101.351578402,95.134984031,29.8,44.5,43.7,-4
"Hayes, Ke'Bryan",663647,2025,28,570,19.5,6.3,0.235,0.306,0.290,0.596,0.289,0.245,0.350,0.266,0.287,0.300,0.105,0.325,0.312,-0.044,-0.021,71.2,11.8,89.3,30.6,4.5,5.7,26.8,21.8,37.1,2.4,42.5,99.789439561,94.118686822,19.9,44.1,49,
"Tucker, Kyle",663656,2025,28,597,14.7,14.6,0.266,0.464,0.377,0.841,0.282,0.282,0.500,0.363,0.382,0.391,0.218,0.400,0.341,-0.036,-0.019,72,23.6,90.1,37.5,10.8,6.5,24.8,30.3,25,2.6,40.4,99.768677067,94.192831928,20.2,45.2,33.9,-2
"India, Jonathan",663697,2025,28,567,18.7,9.5,0.233,0.346,0.323,0.669,0.279,0.247,0.387,0.301,0.322,0.337,0.140,0.345,0.315,-0.041,-0.021,72,23.5,87.9,33,5.8,6.9,22.1,32,28.4,4.6,36.8,99.096462296,93.637694783,19.9,40.3,38.1,-3
"Raleigh, Cal",663728,2025,28,705,26.7,13.8,0.247,0.589,0.359,0.948,0.248,0.244,0.568,0.392,0.384,0.357,0.324,0.492,0.355,0.021,0.008,75.2,54.7,91.3,35.3,19.5,7.1,17.8,35.8,15.1,4.9,49.6,103.037930049,96.182622409,31.5,51.7,25.8,
"Grisham, Trent",663757,2025,28,581,23.6,14.1,0.235,0.464,0.348,0.812,0.253,0.257,0.509,0.353,0.377,0.366,0.253,0.445,0.354,-0.045,-0.024,71,11.5,91.1,34.6,14.2,8.1,22.9,24.6,24.9,5.3,46.4,101.23838764,95.167728169,22.7,38.9,37.2,-2
"Lowe, Nathaniel",663993,2025,29,609,26.1,10.2,0.228,0.381,0.307,0.688,0.285,0.237,0.385,0.301,0.311,0.318,0.148,0.378,0.337,-0.004,-0.010,72.7,24.3,89,33.4,7,8.3,26.4,22.3,31.6,3.6,41.5,100.389231563,94.465033629,24.7,44.6,43.8,
"Happ, Ian",664023,2025,30,663,22.8,13.1,0.243,0.420,0.342,0.762,0.287,0.267,0.472,0.333,0.363,0.365,0.204,0.425,0.362,-0.052,-0.030,71.7,17.2,90,35.7,10.4,10.4,27,25.8,22.7,3.5,44.4,101.384139763,95.030374418,24.6,43.5,36.6,0
"Lowe, Brandon",664040,2025,30,553,26.9,6.9,0.256,0.477,0.307,0.784,0.297,0.264,0.498,0.334,0.347,0.316,0.234,0.452,0.371,-0.021,-0.013,73.9,40.4,91.1,37.6,12.9,6.3,26.1,25.3,26.1,2.7,46.6,101.991060221,95.474542762,33.4,55.5,37.9,
"Bohm, Alec",664761,2025,28,504,16.3,5.8,0.287,0.409,0.331,0.740,0.324,0.284,0.426,0.322,0.332,0.333,0.143,0.371,0.345,-0.017,-0.010,71.7,18.2,90.8,35.6,6.2,5.2,29.6,19.1,37.9,1.5,46.4,100.707635803,94.852393109,14.6,48.2,49.7,
"Peña, Jeremy",665161,2025,27,543,17.1,6.4,0.304,0.477,0.363,0.840,0.345,0.280,0.448,0.363,0.344,0.343,0.168,0.383,0.345,0.029,0.019,72.3,15.7,88.9,30,8.2,5.7,24.8,19.4,37.2,4.5,42.9,100.3500578,94.382263083,27.1,51,47.9,
"Tatis Jr., Fernando",665487,2025,26,691,18.7,12.9,0.268,0.446,0.368,0.814,0.303,0.283,0.506,0.353,0.381,0.382,0.223,0.428,0.362,-0.060,-0.028,74,42.7,93.3,28.9,10.9,7.9,20.6,21.2,36.8,1.9,51.8,103.834527241,96.713528272,27,45.9,49,8
"Guerrero Jr., Vladimir",665489,2025,26,680,13.8,11.9,0.292,0.467,0.381,0.848,0.313,0.315,0.521,0.366,0.396,0.402,0.206,0.423,0.374,-0.054,-0.030,76.7,67.7,92,33.7,12.2,6,27.5,16.6,33.7,3.4,50.7,104.847490968,96.922139153,21.5,42.2,47.1,
"Soto, Juan",665742,2025,26,715,19.2,17.8,0.263,0.525,0.396,0.921,0.270,0.300,0.628,0.390,0.441,0.427,0.329,0.511,0.392,-0.103,-0.051,73.6,40.9,93.8,32.9,18.1,7.8,22.4,19,28.9,3.6,55.3,104.539509412,97.232619389,22.4,35.5,45.2,-12
"Cruz, Oneil",665833,2025,26,544,32,11.8,0.200,0.378,0.298,0.676,0.262,0.229,0.437,0.295,0.333,0.327,0.207,0.450,0.365,-0.059,-0.038,78.8,78.5,95.8,31.5,17.9,5,17.9,21.2,35.8,1.7,56.6,107.307978467,98.8072552,34,41.6,48.3,0
"Chisholm Jr., Jazz",665862,2025,27,531,27.9,10.9,0.242,0.481,0.332,0.813,0.282,0.245,0.503,0.349,0.358,0.335,0.258,0.458,0.357,-0.022,-0.009,73.9,41.8,89,32.6,15,6,20.1,27.6,26.6,4.7,43.3,100.93875057,94.67092819,32.2,47.1,39.5,
"Lux, Gavin",666158,2025,27,503,22.7,11.1,0.269,0.374,0.350,0.724,0.351,0.248,0.340,0.322,0.302,0.331,0.092,0.340,0.332,0.034,0.020,69.6,5.1,88.3,38.1,3.6,6.6,30.3,21.9,34.8,2.7,36.9,97.799033473,93.010295676,21.6,42.7,47.1,-6
"Adell, Jo",666176,2025,26,573,26.4,5.8,0.236,0.485,0.293,0.778,0.257,0.273,0.565,0.333,0.378,0.328,0.292,0.493,0.383,-0.080,-0.045,77.6,73.4,91.7,35.1,17.3,8,18.9,22.9,29.3,3.5,50,104.215712606,96.547484587,28.5,52.6,38,-12
"Bichette, Bo",666182,2025,27,628,14.5,6.4,0.311,0.483,0.357,0.840,0.342,0.307,0.489,0.361,0.364,0.355,0.182,0.404,0.364,-0.006,-0.003,69.1,9.4,91,37.9,7.9,9.1,26.5,17.4,35.8,2.8,48.8,101.819073862,95.502667967,18.4,53.1,47.4,
"García, Adolis",666969,2025,32,547,24.7,5.1,0.227,0.394,0.271,0.665,0.267,0.244,0.444,0.286,0.315,0.289,0.200,0.396,0.331,-0.050,-0.029,72.1,25.3,92.1,33.2,11.6,6.3,22.2,31.4,26.4,1.8,46.7,101.875197354,95.57270172,30.3,52.2,36.9,1
"Gurriel Jr., Lourdes",666971,2025,31,546,13.9,5.7,0.248,0.418,0.295,0.713,0.254,0.264,0.426,0.307,0.320,0.313,0.163,0.345,0.310,-0.008,-0.013,70.6,9.6,87.8,37.4,7.2,5.5,24.5,30.5,26.8,5.3,38.3,99.058751759,93.630561528,20.2,52.3,37.4,-3
"Rooker Jr., Brent",667670,2025,30,699,22.2,9.3,0.262,0.479,0.335,0.814,0.302,0.274,0.508,0.349,0.364,0.346,0.234,0.438,0.363,-0.029,-0.015,73.6,35.6,90.7,39.7,13.7,6.6,24.7,25.8,26.8,2.3,44.8,101.348762785,95.08004389,30.8,50,37,-3
"Arozarena, Randy",668227,2025,30,709,26.9,9,0.238,0.426,0.334,0.760,0.297,0.238,0.430,0.332,0.336,0.335,0.192,0.411,0.344,-0.004,-0.004,72.3,29.6,91.3,32.6,11.5,7.7,22.7,24.6,29,4.2,50.6,102.490457934,95.926660471,29.7,44,42.6,-5
"Steer, Spencer",668715,2025,27,568,22.7,9,0.238,0.411,0.312,0.723,0.277,0.226,0.373,0.316,0.300,0.304,0.148,0.345,0.304,0.038,0.016,70.9,7.1,87.3,34.2,7.6,6,25.3,32.4,23.5,4.4,33.2,97.843391958,93.000497056,25,48,35.2,-3
"Reynolds, Bryan",668804,2025,30,654,26.5,8.7,0.245,0.402,0.318,0.720,0.319,0.271,0.466,0.315,0.349,0.342,0.196,0.442,0.383,-0.064,-0.034,72.2,22.8,91.2,38.4,10.1,9.1,27.1,16.8,35,1.7,46,101.932535192,95.465817885,29.4,49.6,47.2,-2
"Turang, Brice",668930,2025,25,659,22.8,10,0.288,0.435,0.359,0.794,0.356,0.268,0.441,0.346,0.342,0.344,0.173,0.406,0.359,-0.006,0.004,70.7,18.1,91.1,35.1,7.9,6.1,29.5,19.7,31.7,4.8,47.4,100.614785374,94.892922904,21,44.3,46.9,
"Langeliers, Shea",669127,2025,27,523,19.7,6.9,0.277,0.536,0.325,0.861,0.290,0.263,0.476,0.364,0.338,0.314,0.213,0.396,0.333,0.060,0.026,73.8,39.6,90.8,33.2,11,8.1,20.1,31.3,26.9,2.1,44.8,102.460619267,95.543333753,25.1,52.4,37.3,
"Edwards, Xavier",669364,2025,25,619,14.2,7.9,0.283,0.353,0.343,0.696,0.330,0.265,0.334,0.308,0.296,0.328,0.069,0.309,0.315,0.019,0.012,66.9,2.4,86.8,33.6,0.8,3.3,30.3,23.2,34.9,6.9,29.4,96.768424561,92.424991053,12.2,49,49.3,
"Smith, Josh",669701,2025,27,563,17.8,9.8,0.251,0.366,0.335,0.701,0.295,0.257,0.380,0.311,0.319,0.340,0.124,0.342,0.321,-0.014,-0.008,69.1,3.7,87.2,33.8,5,4,27.1,27.1,31.8,4.8,31.1,97.379499592,92.713932653,19.6,45.5,44.6,-1
"Friedl Jr., TJ",670770,2025,29,685,16.8,11.8,0.261,0.378,0.364,0.742,0.301,0.237,0.328,0.333,0.307,0.345,0.091,0.302,0.294,0.050,0.026,69.9,5.9,87.1,33.4,2.7,4.2,26.8,28.8,30.2,7.2,32.1,97.485236416,92.822655233,17.5,39.2,42.3,1
"Ramos, Heliot",671218,2025,25,695,22.7,7.5,0.256,0.400,0.328,0.728,0.309,0.254,0.430,0.319,0.329,0.328,0.176,0.388,0.339,-0.030,-0.010,74,44.7,91.8,32.5,8.8,7.9,22.4,25,32.7,2.4,47.4,102.515755862,95.752323082,25.3,47.8,44.4,-9
"García, Luis",671277,2025,25,526,16,5.1,0.252,0.412,0.289,0.701,0.270,0.291,0.481,0.300,0.348,0.329,0.189,0.396,0.349,-0.069,-0.048,72.4,28,90.2,33.7,9,7.5,26.9,20.1,32.4,3.9,45.8,100.772844709,94.823697591,21.7,53.9,45.5,
"Butler, Lawrence",671732,2025,24,630,28.4,9.4,0.234,0.404,0.306,0.710,0.304,0.237,0.404,0.310,0.312,0.309,0.167,0.397,0.346,0.000,-0.002,73.8,39.3,90.5,34.4,9.2,6.9,22.7,22.7,32.9,5.6,44.4,102.147176546,95.442891289,32.9,47,46.7,4
"Harris II, Michael",671739,2025,24,641,20,2.5,0.249,0.409,0.268,0.677,0.281,0.277,0.450,0.289,0.323,0.299,0.173,0.394,0.351,-0.041,-0.034,74.3,40.7,90.2,29.6,9.1,5.9,22.9,20.4,36.4,4.9,43.4,103.013806132,95.674311175,24.4,57,50.6,8
"Kirk, Alejandro",672386,2025,26,506,11.7,9.5,0.282,0.421,0.348,0.769,0.292,0.290,0.491,0.334,0.368,0.359,0.201,0.385,0.333,-0.070,-0.034,72.6,28.6,91.1,34.4,10.1,8.3,24.6,21.9,31.9,3,50.8,102.169605025,95.726454811,18.5,47.2,44.2,
"Garcia, Maikel",672580,2025,25,666,12.6,9.3,0.286,0.449,0.351,0.800,0.308,0.287,0.437,0.347,0.345,0.353,0.150,0.358,0.332,0.012,0.002,71.9,17.1,91.3,34.5,5.6,8.1,23.3,24.7,35.5,2.7,45.1,101.342001641,95.068685362,15,40.1,44.9,
"Lopez, Otto",672640,2025,26,594,13.8,7.4,0.246,0.368,0.305,0.673,0.264,0.279,0.447,0.295,0.339,0.336,0.168,0.364,0.328,-0.079,-0.044,71.7,22,88.5,32.5,7.1,6.7,23.2,21.9,36.6,4.1,38.3,99.900867489,94.042562749,18.9,46.3,48.6,
"Perdomo, Geraldo",672695,2025,25,720,11.5,13.1,0.290,0.462,0.389,0.851,0.303,0.285,0.432,0.370,0.361,0.387,0.147,0.353,0.326,0.030,0.009,68.3,4.6,87.6,36.2,6.2,4.1,29.1,28,26.6,5.4,31.9,97.403040156,92.774457856,12,39.7,39.8,
"Sosa, Lenyn",672820,2025,25,544,23.3,3.3,0.264,0.434,0.293,0.727,0.309,0.275,0.484,0.313,0.338,0.304,0.209,0.427,0.364,-0.050,-0.025,72.6,26.3,90.7,39.2,10.4,6.8,27.1,28.9,24.1,2.3,43.8,100.914668265,94.870690765,23.5,51,32.2,
"Diaz, Yainer",673237,2025,26,567,16.8,3.5,0.256,0.417,0.284,0.701,0.277,0.279,0.488,0.300,0.340,0.307,0.210,0.396,0.338,-0.071,-0.040,72.2,21.7,89.9,34.9,9.6,6.7,24.4,22,34,2.9,42.2,100.97744942,94.706836942,23.4,59.5,46,
"Suzuki, Seiya",673548,2025,30,651,25.2,10.9,0.245,0.478,0.326,0.804,0.282,0.262,0.511,0.343,0.365,0.343,0.250,0.453,0.365,-0.033,-0.022,73.4,37.5,91.3,40.2,16.6,7.5,20.5,29.9,23.6,1.9,48.7,102.931278798,95.890233373,23.9,40.6,31.8,0
"Jung, Josh",673962,2025,27,511,25.2,5.3,0.251,0.390,0.294,0.684,0.316,0.254,0.423,0.298,0.311,0.297,0.169,0.394,0.348,-0.033,-0.013,70.3,5.2,89.3,39.4,8.2,9.3,26.9,21,28,5.7,46.7,100.8140564,94.816045657,25.4,51.1,41.6,
"Clement, Ernie",676391,2025,29,588,10.4,4.6,0.277,0.398,0.313,0.711,0.296,0.264,0.364,0.308,0.292,0.303,0.100,0.304,0.296,0.034,0.016,67.6,2.4,86.6,37.1,2.4,5,27,35.7,24.8,4.8,26,95.998970369,92.037389446,14.5,53.8,34.7,
"Burleson, Alec",676475,2025,26,546,14.5,7.1,0.290,0.459,0.343,0.802,0.312,0.280,0.478,0.346,0.352,0.336,0.198,0.385,0.333,-0.019,-0.006,72.4,29.2,91,34,9.5,7.6,24.8,27.2,26.5,3.8,43,101.386484258,95.130209592,17.9,49.3,40.2,-4
"Wagaman, Eric",676572,2025,27,514,19.5,6.2,0.250,0.378,0.296,0.674,0.296,0.271,0.437,0.293,0.326,0.317,0.166,0.380,0.341,-0.059,-0.033,73.4,36.6,91,34.4,6.8,8.1,22.3,26.2,33.3,2.9,46.5,102.304067053,95.484613553,24.2,45.2,44.1,-1
"Rodríguez, Julio",677594,2025,24,710,21.4,6.2,0.267,0.474,0.324,0.798,0.302,0.284,0.495,0.341,0.357,0.340,0.211,0.430,0.370,-0.021,-0.016,76.4,64,91.8,31.5,9.8,8.8,23.7,20.9,34.1,2.4,48,103.7115726,96.24062626,28.2,55.4,48.2,11
"Witt Jr., Bobby",677951,2025,25,687,18.2,7.1,0.295,0.501,0.351,0.852,0.334,0.299,0.521,0.360,0.377,0.360,0.222,0.440,0.376,-0.020,-0.017,74.3,45.1,93.3,35.4,12.5,6.7,24.6,27.7,26.5,1.4,48.5,103.906232271,96.610542829,23.9,51.1,37.4,
"Vargas, Miguel",678246,2025,25,569,17.6,9.8,0.234,0.401,0.316,0.717,0.261,0.248,0.418,0.314,0.327,0.329,0.170,0.352,0.308,-0.017,-0.013,70.6,11.7,89.7,36.6,9.3,7.6,22.4,37.3,20.4,2.7,40.5,99.545761182,94.110815049,20.6,46.2,29,
"Rafaela, Ceddanne",678882,2025,24,587,19.9,4.8,0.249,0.414,0.295,0.709,0.289,0.252,0.426,0.307,0.313,0.298,0.174,0.366,0.320,-0.012,-0.006,71,12.4,88.3,32.3,9.2,5.5,22.8,25.3,32,5.1,38.7,99.637036837,93.97214993,26.8,58.9,44,21
"Torkelson, Spencer",679529,2025,25,649,26,11.1,0.240,0.456,0.333,0.789,0.283,0.237,0.476,0.339,0.346,0.332,0.239,0.426,0.336,-0.020,-0.007,73,26.4,90.2,39.3,13.5,7.8,21.1,34.8,20.6,2.3,45.1,100.7921562,94.776285589,26.9,44.6,27.6,
"McLain, Matt",680574,2025,25,577,28.9,9.5,0.220,0.343,0.300,0.643,0.292,0.218,0.363,0.286,0.294,0.299,0.145,0.367,0.323,-0.020,-0.008,69.7,5.2,88.8,34,7.7,8,26.3,27.4,23.4,6,40.7,99.170988588,93.766255706,28.5,43.2,39.7,
"Kwan, Steven",680757,2025,27,693,8.7,7.9,0.272,0.374,0.330,0.704,0.283,0.279,0.371,0.310,0.313,0.339,0.093,0.308,0.307,0.003,-0.003,63.7,0.8,86.2,39.7,1.9,3.7,28.5,31.7,29.6,4.7,19.3,94.357794321,91.185631109,8.7,41.9,39.1,5
"Duran, Jarren",680776,2025,28,696,24.3,8.6,0.256,0.442,0.332,0.774,0.326,0.258,0.420,0.335,0.333,0.336,0.163,0.400,0.356,0.022,0.002,74.8,47.5,91.8,34.5,9.7,7.9,23.3,25.3,31,2.6,46.8,103.158389163,96.0558783,29.3,47.2,41.5,-4
"Donovan, Brendan",680977,2025,28,515,13,8.2,0.287,0.422,0.353,0.775,0.315,0.292,0.462,0.337,0.356,0.359,0.170,0.377,0.341,-0.040,-0.019,69.3,4.8,89.7,40.1,8.8,7,26.8,23.1,30.1,4.3,40.9,99.946562944,94.337995152,13.4,43.8,43.1,-2
"Stott, Bryson",681082,2025,27,560,16.3,9.6,0.257,0.391,0.328,0.719,0.288,0.252,0.400,0.315,0.318,0.325,0.148,0.339,0.307,-0.009,-0.003,69.4,5.7,87.6,36,5.1,6.8,21.5,31.2,30.9,4.6,29.5,97.625702976,92.873358435,16.7,40.4,41.1,
"Pages, Andy",681624,2025,24,624,21.6,4.6,0.272,0.461,0.313,0.774,0.308,0.266,0.443,0.332,0.325,0.309,0.177,0.392,0.346,0.018,0.007,72.5,21.4,88.6,38.9,8.4,6.6,27,29,25.4,2.9,37.2,99.313461778,93.746068218,21.5,53.1,35.4,11
"Ramírez, Agustín",682663,2025,23,585,19.3,6.2,0.231,0.413,0.287,0.700,0.253,0.270,0.466,0.302,0.340,0.325,0.197,0.395,0.341,-0.053,-0.038,75.2,55.4,90.8,31.1,11,7.2,21.3,20.3,35.7,4,47,103.943810657,96.283585728,25.5,49.9,45.8,
"De La Cruz, Elly",682829,2025,23,699,25.9,9.6,0.264,0.440,0.336,0.776,0.337,0.260,0.436,0.333,0.330,0.333,0.177,0.415,0.365,0.004,0.003,74.5,45,91,32.5,10.2,4.9,24.1,18.9,38.3,3.1,44.2,102.291176726,95.4641937,31.7,45.7,51.2,
"Abrams, CJ",682928,2025,24,635,19.7,5.8,0.257,0.433,0.315,0.748,0.296,0.256,0.415,0.324,0.318,0.315,0.159,0.363,0.325,0.018,0.006,72.4,25.5,88.7,34.4,7.6,7,22,28.3,32.2,2.8,39.2,99.528390349,93.868025131,24.4,50.6,40.1,
"Greene, Riley",682985,2025,24,655,30.7,7,0.258,0.493,0.313,0.806,0.323,0.250,0.516,0.343,0.347,0.306,0.266,0.478,0.372,-0.023,-0.004,75.6,57.2,89.9,36.9,17.1,5,21.5,24.5,28.7,3.2,45.5,102.573683564,95.50996453,30.9,52.6,40.8,1
"Carroll, Corbin",682998,2025,24,642,23.8,10.4,0.259,0.541,0.343,0.884,0.299,0.274,0.545,0.371,0.383,0.357,0.272,0.471,0.375,-0.004,-0.012,74.7,45.6,92.1,33.5,14.5,9.6,20.7,28,24.6,2.2,49.9,103.729438309,96.452659346,24.8,48.9,35.7,10
"Henderson, Gunnar",683002,2025,24,651,21,9.5,0.274,0.438,0.349,0.787,0.329,0.285,0.433,0.339,0.348,0.362,0.149,0.406,0.375,0.005,-0.009,75.4,53.7,92.1,29.9,8.5,4.7,30.3,18.7,34.8,2,49.2,102.936564389,96.031023084,25.1,47.6,48.5,
"Volpe, Anthony",683011,2025,24,596,25.2,7.2,0.212,0.391,0.272,0.663,0.252,0.233,0.417,0.286,0.310,0.294,0.183,0.381,0.322,-0.026,-0.024,72.6,28.5,89.3,34.6,10.5,7.8,21.1,24.1,31.1,5.5,41.9,100.214381212,94.48835443,25.1,45.9,41.6,
"Busch, Michael",683737,2025,27,592,23.5,9.5,0.261,0.523,0.343,0.866,0.292,0.275,0.569,0.369,0.392,0.356,0.295,0.483,0.374,-0.046,-0.023,69.6,7.1,92.2,41.1,17.1,7.5,23.8,26.4,23,2.1,47.3,101.692645959,95.541508831,25.1,46.8,36.2,
"Frelick, Sal",686217,2025,25,594,13.5,7.9,0.288,0.405,0.351,0.756,0.317,0.263,0.351,0.332,0.306,0.332,0.087,0.314,0.311,0.054,0.026,68.2,5.4,85.5,30.7,3.1,2.9,26.1,26.1,35.1,5.9,27.4,96.058504215,92.02970778,12.8,44.1,46.7,7
"Pasquantino, Vinnie",686469,2025,27,682,15.7,7.2,0.264,0.475,0.323,0.798,0.271,0.271,0.479,0.340,0.345,0.330,0.208,0.382,0.326,-0.004,-0.005,72.5,26.5,90.9,33.5,10.8,7.9,20.8,28.3,30.1,1.7,44.7,101.339574109,95.022747112,18.2,48,38.2,
"Doyle, Brenton",686668,2025,27,538,25.7,5.6,0.233,0.376,0.274,0.650,0.289,0.249,0.422,0.282,0.307,0.290,0.174,0.391,0.341,-0.046,-0.025,70.8,6.3,89.9,33,10.8,7.3,19.2,22.4,35.4,4.3,44.6,101.00400956,94.812165962,29.7,50.4,46.5,6
"Lee, Brooks",686797,2025,24,527,17.5,5.9,0.236,0.370,0.285,0.655,0.258,0.240,0.379,0.286,0.294,0.291,0.139,0.326,0.296,-0.009,-0.008,69.5,9.4,88.6,30.8,5.8,7,23.8,27.5,33.5,2.5,38.5,98.1525774,93.309491128,24,49.8,44.3,
"Neto, Zach",687263,2025,24,554,26.9,6,0.257,0.474,0.319,0.793,0.312,0.261,0.510,0.337,0.355,0.325,0.249,0.463,0.372,-0.036,-0.018,71.4,13.3,91,38,14,8.9,21.8,26.8,24.6,3.9,46.6,101.775942825,95.420716799,29.1,48.6,36.3,
"Ortiz, Joey",687401,2025,26,506,14.6,5.3,0.230,0.317,0.276,0.593,0.260,0.250,0.332,0.263,0.278,0.295,0.082,0.299,0.297,-0.015,-0.015,72.4,24.4,84.9,27.4,3,3.5,23.9,27.6,33.6,7.7,32.8,97.991058051,93.026599357,16,46.8,45.5,
"Beck, Jordan",687597,2025,24,588,29.6,7.3,0.258,0.416,0.317,0.733,0.351,0.240,0.405,0.319,0.309,0.302,0.164,0.406,0.355,0.011,0.010,73.2,32.9,87.4,36.9,9.6,8.2,22.4,23.2,28.7,7.4,38.5,100.308269611,94.26308585,31.2,47.4,42.1,-2
"Soderstrom, Tyler",691016,2025,23,624,22.6,8.8,0.276,0.474,0.346,0.820,0.327,0.272,0.471,0.354,0.352,0.343,0.199,0.422,0.363,0.003,0.002,74,38.1,91.6,34.4,11.4,6.9,25.4,18.2,35.5,2.1,49.8,103.023677143,96.015814678,25.4,48.9,48.3,5
"Winn, Masyn",691026,2025,23,537,19,6.3,0.253,0.363,0.310,0.673,0.301,0.245,0.352,0.297,0.290,0.303,0.108,0.322,0.308,0.011,0.007,71.1,17.3,88.3,31.3,4.8,4.8,24.9,31,30.3,4.1,34.6,98.797379897,93.446512558,19.6,45.3,39.2,
"Caminero, Junior",691406,2025,21,653,19.1,6.3,0.264,0.535,0.311,0.846,0.260,0.269,0.520,0.357,0.359,0.320,0.251,0.422,0.340,0.015,-0.002,78.6,81.3,92.4,27.7,14,5.6,19,22.7,36.2,2.3,51.4,104.467588678,96.871000041,24.7,50.4,46.7,
"Crow-Armstrong, Pete",691718,2025,23,647,24,4.5,0.247,0.481,0.287,0.768,0.276,0.255,0.496,0.323,0.334,0.296,0.242,0.421,0.339,-0.015,-0.011,72.7,28.4,89.5,33.9,13,6.2,18.7,33.3,22,6.2,41.6,100.676597945,94.609790365,28.9,60.1,33.5,24
"Chourio, Jackson",694192,2025,21,589,20.5,5.1,0.270,0.463,0.308,0.771,0.308,0.260,0.442,0.328,0.319,0.300,0.182,0.380,0.331,0.021,0.009,73.9,40,89.3,34,9.7,6.7,20.5,25.7,30.8,6.7,42.3,101.15634963,94.875813411,26,53.4,42.8,3
"Schanuel, Nolan",694384,2025,23,564,12.6,10.5,0.264,0.389,0.353,0.742,0.286,0.269,0.398,0.327,0.333,0.358,0.129,0.333,0.314,-0.009,-0.006,67.5,6.1,87.5,38,4.5,5.2,26.9,26.9,32.8,3.8,29,96.61346119,92.362165704,15,45.2,42.9,
"Langford, Wyatt",694671,2025,23,573,26.4,12.9,0.241,0.431,0.344,0.775,0.299,0.247,0.456,0.337,0.353,0.352,0.209,0.432,0.357,-0.025,-0.016,73.1,29,91.4,35.9,14,6.1,22.7,28.9,23.6,4.7,48.4,102.369966744,95.79834863,26.3,43,35,10
"Wood, James",695578,2025,22,689,32.1,12.3,0.256,0.475,0.350,0.825,0.350,0.269,0.504,0.353,0.368,0.362,0.235,0.516,0.426,-0.029,-0.015,76,62.7,94.3,36.3,16.3,7.4,25,13.4,34.2,2.9,56.3,106.446259788,98.230447241,32.9,40.2,49.7,-7
"Goodman, Hunter",696100,2025,25,579,26.3,5.7,0.278,0.520,0.323,0.843,0.331,0.254,0.476,0.359,0.332,0.301,0.222,0.428,0.352,0.044,0.027,74.4,42.7,90.8,32.8,12.8,5.4,23.8,29,24.4,3.8,46.9,102.599968608,95.758645633,32,55,38.5,
"Rice, Ben",700250,2025,26,530,18.9,9.4,0.255,0.499,0.337,0.836,0.271,0.299,0.581,0.358,0.410,0.379,0.282,0.476,0.382,-0.082,-0.052,73.4,34.5,93.3,39.3,15.4,8.7,22.8,23,27.1,2.7,56.1,104.138238152,97.178139076,21.2,43.3,39.8,
"Manzardo, Kyle",700932,2025,24,531,25.4,9,0.234,0.455,0.313,0.768,0.265,0.231,0.458,0.329,0.331,0.311,0.227,0.404,0.321,-0.003,-0.002,70.6,8,90.3,37.1,11.8,8.5,23.8,32.6,20,3.2,43.8,100.114470588,94.531639086,27.7,48.4,30.3,
"Durbin, Caleb",702332,2025,25,506,9.9,5.9,0.256,0.387,0.334,0.721,0.265,0.260,0.369,0.319,0.316,0.338,0.109,0.302,0.291,0.018,0.003,67.9,1.9,85.2,29.6,4,4.5,24.6,27.9,30.1,9,26.9,96.100902887,92.05425549,13,44.5,43.8,
"Holliday, Jackson",702616,2025,21,649,21.6,8.6,0.242,0.375,0.314,0.689,0.291,0.251,0.416,0.304,0.322,0.323,0.164,0.372,0.330,-0.041,-0.018,70.6,10.7,88.8,32.4,7.8,6.5,24.2,22.1,35.1,3.8,40.8,99.642935225,94.03038741,24.5,47.1,49,
"Meidroth, Chase",805367,2025,23,505,14.3,8.9,0.253,0.320,0.329,0.649,0.291,0.256,0.333,0.294,0.300,0.332,0.077,0.304,0.305,-0.013,-0.006,67.4,1.6,88.2,26.2,1.6,4.5,28.3,21.2,40.3,3.7,36.1,97.686781436,92.976040347,13,38.6,53.9,
"Wilson Jr., Jacob",805779,2025,23,523,7.5,5.2,0.311,0.444,0.355,0.799,0.317,0.281,0.367,0.348,0.307,0.328,0.086,0.305,0.306,0.077,0.041,63.9,0.3,84.6,32.2,2.2,3.1,26.2,22,40,5.8,24.7,95.136633108,91.576810226,9.6,49.9,53.3,
"Lee, Jung Hoo",808982,2025,26,617,11.5,7.6,0.266,0.407,0.327,0.734,0.291,0.283,0.391,0.320,0.325,0.345,0.108,0.332,0.324,0.016,-0.005,68.3,2.7,87.1,34.1,3.7,3.9,27.8,24.7,36.1,3.7,32,97.154749061,92.638543988,13.1,44.7,47.5,-5